486dd80d22f94a5496b3e670b19399a7,df7ea50171af48df81584ab7e8107d15,22d9d5ad33e947fd857c5c4a8b7dfae1,e79ae27b52fa4d54aa37735fd275c66e,d9b70c4ed8bb4fc5957ecebf102528ee,57430214baf045cb92fa3b3b70a4ca3f,0a61f52258f643b6a6436a1ec234e197,df5ca61304074da1bec8f536ab50baf3,8dfbb6a204a0441492c35baca6190969,d9ac372330a4446886fa19bac0d19877,4c293487c809486585d65ed10b2cb1e4
9e1bede2ba464377897f1d482b7c49ae,df7ea50171af48df81584ab7e8107d15,e79ae27b52fa4d54aa37735fd275c66e,22d9d5ad33e947fd857c5c4a8b7dfae1,fb8c2b83e46441c2aaa7c81d3642e2da,d9b70c4ed8bb4fc5957ecebf102528ee,0a61f52258f643b6a6436a1ec234e197,57430214baf045cb92fa3b3b70a4ca3f,5605fa1188974644937bbf92fec50e21,5a9a716f53364389864a4018d9e9c6c0,fadf133e0e684a24ac79b5fa9515bac2
a1595c1d280449abbff7742dcdc90b72,e79ae27b52fa4d54aa37735fd275c66e,df7ea50171af48df81584ab7e8107d15,79721c9bb6a54ecdb3d0a0f4011762c1,c3a741d302d94ee294bb6e4090fd2da9,5a9a716f53364389864a4018d9e9c6c0,225818abe99e45a0bf5b0b3ec30db76b,7199f2fe77824236a392e1f00a5bdfc3,c66c6f1449d44728a2ef72de53dd6d5e,de6ac628a786435f9925c8cc1d707d6b,75efe5ddef364f49865d9bb283492b48
58c2bd09ab0c4a56ad05b91a3de36417,34b736136487439389c10cc6bd4e9f4e,97959d02a64f4a3fbbebe7cbece6c012,7d0190486da540718e4dc4ca4bd1f573,23199e1859544647893a97ea365c5c83,984058b7165d4c6385bec3c94afa9fb2,105ad424733e4cffa7c474b51e3980aa,f4474150010f4021a4620372062f3797,7960902edf4b47d686f704441aa56b0e,d75a52d716984f318f976bbfc7bee787,3c0f3b44c0844df49b5898406fe9195a
4d5ef36361734ccdae5d52098bf0123f,34b736136487439389c10cc6bd4e9f4e,97959d02a64f4a3fbbebe7cbece6c012,23199e1859544647893a97ea365c5c83,984058b7165d4c6385bec3c94afa9fb2,7d0190486da540718e4dc4ca4bd1f573,105ad424733e4cffa7c474b51e3980aa,cb75c6ef71cb4991805920f2894e0e96,dee9eddb2eac41bfaf36d3279d43674a,23a16d69ffe848d593a4808907d8aa98,3c0f3b44c0844df49b5898406fe9195a
4d78e6316a014332815f66e59a8a4099,23199e1859544647893a97ea365c5c83,984058b7165d4c6385bec3c94afa9fb2,b277101390e1465685ef79bf3519f8d7,99dbf0cd0c6343ffbcf97f04efc4143c,cb75c6ef71cb4991805920f2894e0e96,34b736136487439389c10cc6bd4e9f4e,39a08a87897f47d3bdbbdc5ed8c9cd7f,211ef3181e524685866fb8574d9bf456,e4e12f4711fd41e39075e26cc274df45,1da8cc33bb474411ae16db0233210125
4e7bd3e813564642929978bfa51f30c7,23199e1859544647893a97ea365c5c83,984058b7165d4c6385bec3c94afa9fb2,b277101390e1465685ef79bf3519f8d7,34b736136487439389c10cc6bd4e9f4e,cb75c6ef71cb4991805920f2894e0e96,99dbf0cd0c6343ffbcf97f04efc4143c,211ef3181e524685866fb8574d9bf456,39a08a87897f47d3bdbbdc5ed8c9cd7f,23a16d69ffe848d593a4808907d8aa98,1da8cc33bb474411ae16db0233210125
f25af2430f9345bebb1d841e5867c08d,fbfaa119f55a477984e42d80498f54d3,41e657daa20545a588584578bdb4101c,b77d8b7bb0114c379139d280a9210e83,8d595c7da42545c88052e7b213b6c97c,97959d02a64f4a3fbbebe7cbece6c012,105ad424733e4cffa7c474b51e3980aa,3356a8a8c6ee4f30bc2b028e360d4471,6c874292dbcc49ff8bb8bbe5643593a5,e8f18e4bdf054390a1768978dca8e430,d25e6f2fc8154dd7816f8f7a41bee12b
44b22297fb9049d682c5ca2921bfc8fa,fbfaa119f55a477984e42d80498f54d3,41e657daa20545a588584578bdb4101c,8d595c7da42545c88052e7b213b6c97c,b77d8b7bb0114c379139d280a9210e83,3356a8a8c6ee4f30bc2b028e360d4471,97959d02a64f4a3fbbebe7cbece6c012,6c874292dbcc49ff8bb8bbe5643593a5,105ad424733e4cffa7c474b51e3980aa,25109e3a7df549e5b380aae716d71366,5a6f4a2f7f6a4b1fa146493472e6d721
115a8b58da1343fd928c9b8e89d40878,41e657daa20545a588584578bdb4101c,fbfaa119f55a477984e42d80498f54d3,b77d8b7bb0114c379139d280a9210e83,0971af4212484a958eb0f60f93d1dfe0,25109e3a7df549e5b380aae716d71366,70558882c04e46bd99d15e9786468418,590df34aa41f46e9ad13ffc6a98da3b7,52ee59901f3b4de884d7a6720538aed6,eff24b01b2f5428baa4c3fef6cb40d41,434551fdf9e443ed91679a9557ae6fd5
dcb5bc6262f24669a59aadae1fe8a9c6,41e657daa20545a588584578bdb4101c,fbfaa119f55a477984e42d80498f54d3,0971af4212484a958eb0f60f93d1dfe0,52ee59901f3b4de884d7a6720538aed6,4422777ed51142a99aacf05f446cfea1,25109e3a7df549e5b380aae716d71366,3675c688960a4f3b9f82c4ccf4049e93,b77d8b7bb0114c379139d280a9210e83,de6ac628a786435f9925c8cc1d707d6b,19593c97fef0474dbe6051e28338f1e9
16bb236a08d141388ef98f19a4ca335b,57bcda73abab44ee930b20cdaee9d24b,0accd1d0138b49049d437c0d9b1c23c3,e7ee85dd47ca43eeb2fdcd70b802f0ec,35d06fce2df446569702778e2250bd82,8889c114b071429cbe2418f5b0f2024b,54e9bbd0093947a3bda5fef48ef7493d,3766b26b53874893ae48693880e1942c,30c71719aed84c07ae21d0eff0deed72,59f62d35b1ad451397b700b3dad25448,4c36aafaf38f4e9e9e09991737196fe1
6bb81302398a41f3a58838ff31bdb0f8,57bcda73abab44ee930b20cdaee9d24b,0accd1d0138b49049d437c0d9b1c23c3,e7ee85dd47ca43eeb2fdcd70b802f0ec,35d06fce2df446569702778e2250bd82,8889c114b071429cbe2418f5b0f2024b,54e9bbd0093947a3bda5fef48ef7493d,3766b26b53874893ae48693880e1942c,30c71719aed84c07ae21d0eff0deed72,01ffceddb5b34406a08bb982b424b3cf,cb550e5ff4694fe9a19eaa6588cef250
efa58554232841b693eb71ccc7417f3d,0accd1d0138b49049d437c0d9b1c23c3,57bcda73abab44ee930b20cdaee9d24b,b3a022950e444682a113cec5a0537f6a,361f2b7f3f044907b3a331872fb18755,d75a52d716984f318f976bbfc7bee787,b702b2b61ce048c6bf5af3c4dca18b1a,215f3d275db14601a0383885cbaad86e,878e5c41be5c477e9f660ca361fdd727,570f08ce2a1a47978eab16bf7ad16a68,3766b26b53874893ae48693880e1942c
9b715a377ba548f682027f97bfd90fef,0accd1d0138b49049d437c0d9b1c23c3,57bcda73abab44ee930b20cdaee9d24b,361f2b7f3f044907b3a331872fb18755,b3a022950e444682a113cec5a0537f6a,b702b2b61ce048c6bf5af3c4dca18b1a,e7ee85dd47ca43eeb2fdcd70b802f0ec,d75a52d716984f318f976bbfc7bee787,878e5c41be5c477e9f660ca361fdd727,59f62d35b1ad451397b700b3dad25448,3766b26b53874893ae48693880e1942c
1423a1c6689d4577818b5aa7d4dce019,04d24d1cf42b4f7787d8d300cbad6d50,ef511457ee7c490c8e10eccf6e18fef6,dd36cc0867b94d55a43b82c1c9a0e95c,74de04f31db94a99b757685c91779412,b4dadb3ea3a04cc3932094471debce13,4a7fa5a1bafe4b6995e2920444ac07c4,dbb3fe11ad004895b302a84e7c066fcc,e88ce4cd350f43398a5c0ab8629cee72,25afb6f7e9314af09008644bca5955b9,b0236c76ae244fd8aacbea7da10e55ca
dd907a79f4e744e2851eafcd9227e602,dd36cc0867b94d55a43b82c1c9a0e95c,74de04f31db94a99b757685c91779412,ef511457ee7c490c8e10eccf6e18fef6,04d24d1cf42b4f7787d8d300cbad6d50,d2a03ea4b2d3439ca3dc6fe056ab0f04,8fca2e4873e946f7a788af2b846cebd7,e2e0c8c96aff4c00896ac6986bbb20c2,d0b6e9c1cc5341faba9e03c17767bc2e,5c644b51b1394a7b8fa0a9a6275c422d,31a2675a2e944a1ab3b810cfb92ebd34
7c541d4fc72e49c0ab64a3c1d0fd1c08,dd36cc0867b94d55a43b82c1c9a0e95c,74de04f31db94a99b757685c91779412,04d24d1cf42b4f7787d8d300cbad6d50,8fca2e4873e946f7a788af2b846cebd7,e903085a3f944ad2a41c37306b4e6ab4,c36ef11228124c438ed3256c9822b03d,21eb9f06dd834a108d816efdf3aca8dc,bb6ecabbce1b43d997d00d7acdc95193,31a2675a2e944a1ab3b810cfb92ebd34,ef511457ee7c490c8e10eccf6e18fef6
518c046dd36b449fab3f0ffe249b1282,b83013f4c5524232814efa0f8651867f,898eabaaa1a047e18aecbb1c5a8decbf,27fe100af7884932a33bf30f10dacc55,10b152bdafe94db8a93f7c374226a071,7f5b658239034d35b7f4cf1c63cb388c,aaab880f032a4e00904cf50566164044,40f040fd5c824c8e8e710af1fdf70b5f,beccee3a988f48c1ad207e2380766fa4,acbf8eae7e064c11bab7adf66f216990,ec5fe0d3a2a2426ea4e49a5c0ad44e04
623639be18e04aeba2e0129efe84aab8,27fe100af7884932a33bf30f10dacc55,b83013f4c5524232814efa0f8651867f,40f040fd5c824c8e8e710af1fdf70b5f,aaab880f032a4e00904cf50566164044,10b152bdafe94db8a93f7c374226a071,898eabaaa1a047e18aecbb1c5a8decbf,7f5b658239034d35b7f4cf1c63cb388c,beccee3a988f48c1ad207e2380766fa4,bbdf9065122d499d9d8f80ad3e0ef6f3,a297e08effdf4a69a6c4d79a34a0c6ad
12c13948584341d6a5e45dde227253f8,b83013f4c5524232814efa0f8651867f,898eabaaa1a047e18aecbb1c5a8decbf,27fe100af7884932a33bf30f10dacc55,10b152bdafe94db8a93f7c374226a071,7f5b658239034d35b7f4cf1c63cb388c,aaab880f032a4e00904cf50566164044,40f040fd5c824c8e8e710af1fdf70b5f,beccee3a988f48c1ad207e2380766fa4,ec5fe0d3a2a2426ea4e49a5c0ad44e04,acbf8eae7e064c11bab7adf66f216990
4d070f30ba5d4a11b0b78073f47f11a8,27fe100af7884932a33bf30f10dacc55,b83013f4c5524232814efa0f8651867f,40f040fd5c824c8e8e710af1fdf70b5f,aaab880f032a4e00904cf50566164044,10b152bdafe94db8a93f7c374226a071,898eabaaa1a047e18aecbb1c5a8decbf,7f5b658239034d35b7f4cf1c63cb388c,beccee3a988f48c1ad207e2380766fa4,bbdf9065122d499d9d8f80ad3e0ef6f3,a297e08effdf4a69a6c4d79a34a0c6ad
a376e7d651454d5490a6836fdcfbb986,c3f66637872c4141ab3898296739457d,ce4fdd5499f8498793c11e586f7da70c,1aaf8edc37ea412b85e3d1b5c5317051,da61d9bc8f024a4aba18d5c3072b7838,93dc50abd35349f7923100dca2f41002,a0b4d283f12a407286dbeaa3a4d128a5,67dd23cfd20f46dc82acc82c108a1dc6,13cda6e8f2d948eeb5508288a172e76f,d43b0f94627d45918e18a80be127aa2c,5a9a716f53364389864a4018d9e9c6c0
127639f543af45dba72da3cecff7c65a,ce4fdd5499f8498793c11e586f7da70c,1aaf8edc37ea412b85e3d1b5c5317051,da61d9bc8f024a4aba18d5c3072b7838,c3f66637872c4141ab3898296739457d,93dc50abd35349f7923100dca2f41002,eee7f32249c5452ea36c8ed3a3540010,13cda6e8f2d948eeb5508288a172e76f,a0b4d283f12a407286dbeaa3a4d128a5,6fc7a2cf0684475a82f6ff9be2c8e850,1ad0cf33e96243888d5f970195a75586
c91c2c649312417aa86fe0975f437d9f,ce4fdd5499f8498793c11e586f7da70c,da61d9bc8f024a4aba18d5c3072b7838,1aaf8edc37ea412b85e3d1b5c5317051,c3f66637872c4141ab3898296739457d,93dc50abd35349f7923100dca2f41002,eee7f32249c5452ea36c8ed3a3540010,13cda6e8f2d948eeb5508288a172e76f,67dd23cfd20f46dc82acc82c108a1dc6,a0b4d283f12a407286dbeaa3a4d128a5,36ac84a73ad34261ad45cf569edb60af
06975950c6134fdfb4b0ed6a5cf0a50d,1aaf8edc37ea412b85e3d1b5c5317051,ce4fdd5499f8498793c11e586f7da70c,93dc50abd35349f7923100dca2f41002,da61d9bc8f024a4aba18d5c3072b7838,6fc7a2cf0684475a82f6ff9be2c8e850,eee7f32249c5452ea36c8ed3a3540010,c3f66637872c4141ab3898296739457d,a0b4d283f12a407286dbeaa3a4d128a5,13cda6e8f2d948eeb5508288a172e76f,36ac84a73ad34261ad45cf569edb60af
8b60f7f0b86c4168ad03970ab04f5e6f,51c6049a18b84ee381d0512e40b67c0e,6b4676aba2a746b3ab778315afc8ee82,e2769c67dadd4c988f7ccf249a998a56,a2612682d9854a30a7684c91c8619ec9,ee89670285c74e27aa174dadf39fbca7,66cba49431224a3788f914d6a80165e1,8fca2e4873e946f7a788af2b846cebd7,7879fa4d4db046a2a8d195311b6e5789,4c293487c809486585d65ed10b2cb1e4,67984873125e4a0f9562179c906d1b0f
514ebe94b40c403482de042102289b46,51c6049a18b84ee381d0512e40b67c0e,6b4676aba2a746b3ab778315afc8ee82,e2769c67dadd4c988f7ccf249a998a56,66cba49431224a3788f914d6a80165e1,8fca2e4873e946f7a788af2b846cebd7,7879fa4d4db046a2a8d195311b6e5789,514537782f6549c488a1b932939b4128,a2612682d9854a30a7684c91c8619ec9,ee89670285c74e27aa174dadf39fbca7,2639b6540bda414f8a9baa3b5cdb612a
543ddcbf2bd941a58120dad59c45ceb0,6b4676aba2a746b3ab778315afc8ee82,51c6049a18b84ee381d0512e40b67c0e,e2769c67dadd4c988f7ccf249a998a56,66cba49431224a3788f914d6a80165e1,8fca2e4873e946f7a788af2b846cebd7,7e17bbd109dc486c8f0a76f913782180,ee89670285c74e27aa174dadf39fbca7,e903085a3f944ad2a41c37306b4e6ab4,5c8a8b7a59c54b9aa7b7136fd91b5869,2639b6540bda414f8a9baa3b5cdb612a
107e548bacc844d38e74d9d3d4c6daef,7226603f024c45c6a6e44b00e52e8aad,f1c9c5051bdd4a11a064260bbb9d6d7b,8dfe01febd46475ab5aef97033716ce1,daed5458403e49e3aea72f4bcc6dd224,f12e9e5805534d719f829332d1ea5d29,714e47cd21e5416f864a4bc938850a72,e5a3c8867e44498d9182e8be934e0fce,e12ad1ce8e7940a999b9a4f91a95fab7,6f8d80f8673144dfa7a4e09190442ab3,dbf0926f9f344f1d88b114660db4d2eb
2b96b856fb814e1ea13121869bdfba59,f12e9e5805534d719f829332d1ea5d29,8dfe01febd46475ab5aef97033716ce1,d695b7afdc3841a28a56df578e56afce,7226603f024c45c6a6e44b00e52e8aad,2ece45504eff42469c104dc2a2d03caf,e12ad1ce8e7940a999b9a4f91a95fab7,6ea31a945d494834a3d243f1f90af02a,daed5458403e49e3aea72f4bcc6dd224,f1c9c5051bdd4a11a064260bbb9d6d7b,7627d5e28ba74cbeaf9225e88a7a44cc
b2bd2aeb78c846db8046a83ff0fa2cd1,f12e9e5805534d719f829332d1ea5d29,8dfe01febd46475ab5aef97033716ce1,d695b7afdc3841a28a56df578e56afce,7226603f024c45c6a6e44b00e52e8aad,2ece45504eff42469c104dc2a2d03caf,daed5458403e49e3aea72f4bcc6dd224,6ea31a945d494834a3d243f1f90af02a,e12ad1ce8e7940a999b9a4f91a95fab7,f1c9c5051bdd4a11a064260bbb9d6d7b,7627d5e28ba74cbeaf9225e88a7a44cc
dba7a96eede9465fb56a4f743a85c9c0,7226603f024c45c6a6e44b00e52e8aad,f1c9c5051bdd4a11a064260bbb9d6d7b,8dfe01febd46475ab5aef97033716ce1,f12e9e5805534d719f829332d1ea5d29,daed5458403e49e3aea72f4bcc6dd224,e12ad1ce8e7940a999b9a4f91a95fab7,e5a3c8867e44498d9182e8be934e0fce,dbf0926f9f344f1d88b114660db4d2eb,6f8d80f8673144dfa7a4e09190442ab3,5cf392f15360460bae6a6b0182bb99b9
95a37fbd9d724d448e13f4ffabbe0274,93dc50abd35349f7923100dca2f41002,da61d9bc8f024a4aba18d5c3072b7838,1aaf8edc37ea412b85e3d1b5c5317051,eee7f32249c5452ea36c8ed3a3540010,ce4fdd5499f8498793c11e586f7da70c,a0b4d283f12a407286dbeaa3a4d128a5,6fc7a2cf0684475a82f6ff9be2c8e850,c3f66637872c4141ab3898296739457d,85d4175b563d48e5bc6a991b23662f24,b33a0f5b564a4942b04046ab7a8e2aae
e365a82950b3437a9ffd8bbebb0713a8,93dc50abd35349f7923100dca2f41002,da61d9bc8f024a4aba18d5c3072b7838,1aaf8edc37ea412b85e3d1b5c5317051,eee7f32249c5452ea36c8ed3a3540010,ce4fdd5499f8498793c11e586f7da70c,a0b4d283f12a407286dbeaa3a4d128a5,6fc7a2cf0684475a82f6ff9be2c8e850,c3f66637872c4141ab3898296739457d,85d4175b563d48e5bc6a991b23662f24,b33a0f5b564a4942b04046ab7a8e2aae
5fe3bf5786b54f9f8d85861573fc9d2f,a0b4d283f12a407286dbeaa3a4d128a5,6fc7a2cf0684475a82f6ff9be2c8e850,c3f66637872c4141ab3898296739457d,93dc50abd35349f7923100dca2f41002,1aaf8edc37ea412b85e3d1b5c5317051,da61d9bc8f024a4aba18d5c3072b7838,eee7f32249c5452ea36c8ed3a3540010,ce4fdd5499f8498793c11e586f7da70c,ff51ca928cd54f4da620c27983e221f8,4e7ee74be72a461fa02fa61bee62bdcc
be8193e46ed74126aa2fa3bd4d20feb7,8683a3ad55d84a78834fabe20cde5269,4e4495962a9b4864882397042f1a2b3e,78809cb3c6b841a9b8b132133dd6bb96,724a3f6551e74ad585bdeac9a75fd639,65e30dd62cfa4dccb9ea4d908a9d6fab,a5d5fb459a1844088e93ae557ab34afe,be9e713988ba4bbba869885cad419259,26e55eb4d910464497d700bfdf5a36ca,092cb872c8724c7681c50da9c6cfa252,434551fdf9e443ed91679a9557ae6fd5
0d39327b000c4d44854a7870268edacc,4e4495962a9b4864882397042f1a2b3e,8683a3ad55d84a78834fabe20cde5269,78809cb3c6b841a9b8b132133dd6bb96,a5d5fb459a1844088e93ae557ab34afe,556743bab70d4b75bafcf192fef95b16,434551fdf9e443ed91679a9557ae6fd5,0daf8d5687b54d158f7f752884c42334,5cfb876eeb4f410aa1282cc279f0e546,3aa003c1e31b476e999c3a808a1d5dc6,092cb872c8724c7681c50da9c6cfa252
e0e982cb170f440b970c9d9d1946f9dd,78809cb3c6b841a9b8b132133dd6bb96,4e4495962a9b4864882397042f1a2b3e,8683a3ad55d84a78834fabe20cde5269,65e30dd62cfa4dccb9ea4d908a9d6fab,3aa003c1e31b476e999c3a808a1d5dc6,724a3f6551e74ad585bdeac9a75fd639,059a284910e849efbbc7073b8681409f,be9e713988ba4bbba869885cad419259,a9d82bb43410405ca21b44a5e82e22b6,556743bab70d4b75bafcf192fef95b16
e0249c6a39824516a1c3d7d3d47dfde9,4e4495962a9b4864882397042f1a2b3e,78809cb3c6b841a9b8b132133dd6bb96,8683a3ad55d84a78834fabe20cde5269,65e30dd62cfa4dccb9ea4d908a9d6fab,be9e713988ba4bbba869885cad419259,26e55eb4d910464497d700bfdf5a36ca,a5d5fb459a1844088e93ae557ab34afe,059a284910e849efbbc7073b8681409f,68aefc97056440af874039a28497cf98,cb550e5ff4694fe9a19eaa6588cef250
1c0381823ed0499e8e96e4cfd8b9a64a,ff51ca928cd54f4da620c27983e221f8,63eab812f3254cccb9631b09725aec3d,6dc5832f0ac04df2bd99c6415b3ecf09,e511c40ca6324803b5021e47b4e777f8,6fc7a2cf0684475a82f6ff9be2c8e850,cf293392122347a180cf2126f4589acb,89e983dca0a34b768e17b3871b9cea1e,c78547bdc2e64ac8935559f7de2efd41,d9ac372330a4446886fa19bac0d19877,5abf57d57d84440e94d0d2e2ffb37575
2282d8cf50554304ab195b1a53c7d9f3,6dc5832f0ac04df2bd99c6415b3ecf09,ff51ca928cd54f4da620c27983e221f8,42805d29975b400ea7c570fc45ec4938,0bd1cce9370a461089e25393086800a8,c78547bdc2e64ac8935559f7de2efd41,6f57d1175ad243edada61643d01fcd54,56272326c7e94e419ea8c69fb634f610,d9ac372330a4446886fa19bac0d19877,df0c94234d9d4890b5b4b95c441b3e9a,5f481b07f9734f518a14853831233b78
c4f8a865ba2744e0b7c4701468c16ca4,6dc5832f0ac04df2bd99c6415b3ecf09,ec07b4e88bea4086a5eafed96d81edb5,64e74af099b0485f8b6e71ac73aa2cb8,ff51ca928cd54f4da620c27983e221f8,c78547bdc2e64ac8935559f7de2efd41,df0c94234d9d4890b5b4b95c441b3e9a,42805d29975b400ea7c570fc45ec4938,79721c9bb6a54ecdb3d0a0f4011762c1,63eab812f3254cccb9631b09725aec3d,fadf133e0e684a24ac79b5fa9515bac2
2f5d7dabbac54943ab9522573ada0736,f9fe93fae6084350b81964d354e2130f,4385ac4645b34f3c8a44c4676ebcd8be,6f8d80f8673144dfa7a4e09190442ab3,db2466dc7da64ac5a2a21c20ace67856,15b7b988bba143989cfd98d5c6c4d203,c4e79c8992e54866b0c6f26c55b1a774,f7f600880b064920ab59b907d26aedc6,baad022010b44fad8d8410869d909fd1,0e8487b2e6a2439b9e6623a1e2e5e19d,3f28365e18244eb28cc7d23de8895956
3d2b131349684742968cd2b214a13f76,590df34aa41f46e9ad13ffc6a98da3b7,daed5458403e49e3aea72f4bcc6dd224,d53fa54d5536463ab0d87648dfc5fd78,ec07b4e88bea4086a5eafed96d81edb5,01bbbf1caa554d94b5decb69cc1add41,d9ac372330a4446886fa19bac0d19877,df5ca61304074da1bec8f536ab50baf3,b77d8b7bb0114c379139d280a9210e83,3cb231e1167e45f9bf5771a4e0074092,b90d74e80c37486eaee89b6fbab13671
e542409acd694eab90192399d89ccb4c,f9fe93fae6084350b81964d354e2130f,4385ac4645b34f3c8a44c4676ebcd8be,db2466dc7da64ac5a2a21c20ace67856,6f8d80f8673144dfa7a4e09190442ab3,15b7b988bba143989cfd98d5c6c4d203,f7f600880b064920ab59b907d26aedc6,664da77d25e74df693eaad44a5e7617f,c4e79c8992e54866b0c6f26c55b1a774,0e8487b2e6a2439b9e6623a1e2e5e19d,b3f8b4bec0164d0e81997b4f5a277e8f
317db6fcd5d1443fb6271acc6ec8fe3e,590df34aa41f46e9ad13ffc6a98da3b7,d53fa54d5536463ab0d87648dfc5fd78,daed5458403e49e3aea72f4bcc6dd224,ec07b4e88bea4086a5eafed96d81edb5,df5ca61304074da1bec8f536ab50baf3,01bbbf1caa554d94b5decb69cc1add41,b77d8b7bb0114c379139d280a9210e83,d9ac372330a4446886fa19bac0d19877,225818abe99e45a0bf5b0b3ec30db76b,174581fc299840e18e827432c0cce4dc
b0553ed82597421aabe852652c5915d7,d53fa54d5536463ab0d87648dfc5fd78,174581fc299840e18e827432c0cce4dc,c2b49382e2f34b1c90013236a5fbaef0,5605fa1188974644937bbf92fec50e21,78d0265d47df4f4cb7153da919763730,590df34aa41f46e9ad13ffc6a98da3b7,6c6de17135be4f8c9423be633eaefcd4,268f8ec9f2734029a8e75857db56ccb3,c78547bdc2e64ac8935559f7de2efd41,ed4449952a9e45339b76fc5f123cb917
8c59bfc1aa7b42cf882806e395ee4fec,d53fa54d5536463ab0d87648dfc5fd78,174581fc299840e18e827432c0cce4dc,590df34aa41f46e9ad13ffc6a98da3b7,c2b49382e2f34b1c90013236a5fbaef0,5605fa1188974644937bbf92fec50e21,78d0265d47df4f4cb7153da919763730,c78547bdc2e64ac8935559f7de2efd41,2b039224b54142d185a406b31fe01de2,6c6de17135be4f8c9423be633eaefcd4,01930613ce7d4a5f90ccf78d1e92a55d
deb7d97e50b24c63943a8af997d083f8,ec07b4e88bea4086a5eafed96d81edb5,174581fc299840e18e827432c0cce4dc,c756409435634fc48c643a64e73c93ce,b9228fdb5f0c413d81cffb51829d95c6,590df34aa41f46e9ad13ffc6a98da3b7,5605fa1188974644937bbf92fec50e21,6dc5832f0ac04df2bd99c6415b3ecf09,fadf133e0e684a24ac79b5fa9515bac2,d53fa54d5536463ab0d87648dfc5fd78,01bbbf1caa554d94b5decb69cc1add41
8ffc24d118e54740a39563141f642fd9,ec07b4e88bea4086a5eafed96d81edb5,174581fc299840e18e827432c0cce4dc,b9228fdb5f0c413d81cffb51829d95c6,c756409435634fc48c643a64e73c93ce,590df34aa41f46e9ad13ffc6a98da3b7,6dc5832f0ac04df2bd99c6415b3ecf09,5605fa1188974644937bbf92fec50e21,fadf133e0e684a24ac79b5fa9515bac2,64e74af099b0485f8b6e71ac73aa2cb8,df5ca61304074da1bec8f536ab50baf3
ff75e5d8a9bb46c9b12855ec33529f3f,174581fc299840e18e827432c0cce4dc,d53fa54d5536463ab0d87648dfc5fd78,ec07b4e88bea4086a5eafed96d81edb5,5605fa1188974644937bbf92fec50e21,78d0265d47df4f4cb7153da919763730,225818abe99e45a0bf5b0b3ec30db76b,fadf133e0e684a24ac79b5fa9515bac2,0d0973762130427eaa2ce9a7a34517db,6dc5832f0ac04df2bd99c6415b3ecf09,c78547bdc2e64ac8935559f7de2efd41
c2b4fed7ce5c4e108721e62f2bfbb819,33b5e2ae5ebe4f548bac3a00ab0a59eb,6c79712e67b54dd0a11d426a91207939,5363ae1c905d4879a63259de4954702e,295d0d40791245ff838c73a2aa27d065,3fce01bbc56d49d39f61cba3d17648f2,40a95697730046dcbb0d7ba1fe2109a6,2fcf4a04d3654ffb9a5c1dfa3799e4f0,e735729c80d84f76a6133c065d5380f8,57bcda73abab44ee930b20cdaee9d24b,26e55eb4d910464497d700bfdf5a36ca
ab1c9263088b477082ee7d7c6f73b671,33b5e2ae5ebe4f548bac3a00ab0a59eb,6c79712e67b54dd0a11d426a91207939,5363ae1c905d4879a63259de4954702e,295d0d40791245ff838c73a2aa27d065,e735729c80d84f76a6133c065d5380f8,40a95697730046dcbb0d7ba1fe2109a6,2fcf4a04d3654ffb9a5c1dfa3799e4f0,3fce01bbc56d49d39f61cba3d17648f2,3f23eafbd9cc4e209aca631fd6fc9dfd,30c71719aed84c07ae21d0eff0deed72
54e5b71847024cdaa9fd8a7d3fc3ea03,6c79712e67b54dd0a11d426a91207939,5363ae1c905d4879a63259de4954702e,33b5e2ae5ebe4f548bac3a00ab0a59eb,295d0d40791245ff838c73a2aa27d065,e735729c80d84f76a6133c065d5380f8,3fce01bbc56d49d39f61cba3d17648f2,57bcda73abab44ee930b20cdaee9d24b,2fcf4a04d3654ffb9a5c1dfa3799e4f0,e343a998f4df4ac195c84e0fb571a393,eff24b01b2f5428baa4c3fef6cb40d41
f124583fb5cc42aa903308e1b43296de,6c79712e67b54dd0a11d426a91207939,5363ae1c905d4879a63259de4954702e,33b5e2ae5ebe4f548bac3a00ab0a59eb,295d0d40791245ff838c73a2aa27d065,e735729c80d84f76a6133c065d5380f8,3fce01bbc56d49d39f61cba3d17648f2,57bcda73abab44ee930b20cdaee9d24b,e343a998f4df4ac195c84e0fb571a393,5cfb876eeb4f410aa1282cc279f0e546,feb980ae999948ce9be0266b4ddc048d
d97ddb9bd5c8460ab3b3a13992c1f179,0433768f874042a5b2d2e37ad9deae13,a35d7304347a4f81b1ccfb086956921c,e6afe89ff7bc491193141c057083d8a8,f92d16d3a970487094292439c3e00923,b675be39e8ff421aa59811f146da945b,2f0401170d104b47b0a8f087f69dee88,d716ea165223433a8d49b93e96989482,3766b26b53874893ae48693880e1942c,0accd1d0138b49049d437c0d9b1c23c3,7359a1cc20d54f96aeea121d7247b88d
3bb97a2804c84688a699e6d6b97b5e9d,e6afe89ff7bc491193141c057083d8a8,a35d7304347a4f81b1ccfb086956921c,0433768f874042a5b2d2e37ad9deae13,2f0401170d104b47b0a8f087f69dee88,8af25c7ae8e14435a6e27a5671968f50,f92d16d3a970487094292439c3e00923,b675be39e8ff421aa59811f146da945b,b01fd4d037a84a7aa777e1fc345c73c5,7359a1cc20d54f96aeea121d7247b88d,54e9bbd0093947a3bda5fef48ef7493d
929038d5c3ba4b189fc88a3b127ede72,0433768f874042a5b2d2e37ad9deae13,a35d7304347a4f81b1ccfb086956921c,e6afe89ff7bc491193141c057083d8a8,f92d16d3a970487094292439c3e00923,b675be39e8ff421aa59811f146da945b,2f0401170d104b47b0a8f087f69dee88,d716ea165223433a8d49b93e96989482,3766b26b53874893ae48693880e1942c,0accd1d0138b49049d437c0d9b1c23c3,e7ee85dd47ca43eeb2fdcd70b802f0ec
1d36cd75ee6a4691965cfc6ebdef6a3e,f92d16d3a970487094292439c3e00923,b675be39e8ff421aa59811f146da945b,2f0401170d104b47b0a8f087f69dee88,db69f22fe72246ea85d33991961a649a,0433768f874042a5b2d2e37ad9deae13,e6afe89ff7bc491193141c057083d8a8,a35d7304347a4f81b1ccfb086956921c,d716ea165223433a8d49b93e96989482,bfd1d441da734aad88cfacdab3ee4059,361f2b7f3f044907b3a331872fb18755
7baf188fc4ed41ba826b499b6d495286,f92d16d3a970487094292439c3e00923,b675be39e8ff421aa59811f146da945b,2f0401170d104b47b0a8f087f69dee88,0433768f874042a5b2d2e37ad9deae13,a35d7304347a4f81b1ccfb086956921c,db69f22fe72246ea85d33991961a649a,d716ea165223433a8d49b93e96989482,e6afe89ff7bc491193141c057083d8a8,361f2b7f3f044907b3a331872fb18755,59f62d35b1ad451397b700b3dad25448
6a314fb4bd0e4c2097e70bd43a81fbb7,797cc520b8c94d9bbef187818ab51647,87fc1d6a57ea488786caaec8599c3b8b,a7077a82d2c74518b96fb45e35f6e150,714e47cd21e5416f864a4bc938850a72,0c889c151e094b948c13b0275e660a9c,ccb62901750b4d13a922fc161b607f83,6866efc8987a4ec8b04b7abd28fb5777,64e74af099b0485f8b6e71ac73aa2cb8,aedd476072b345e9be46ebd7260e93a6,f8e7f9688fd546829da579434180ffee
9ae6df3c8f2549109316a434d1741a53,797cc520b8c94d9bbef187818ab51647,87fc1d6a57ea488786caaec8599c3b8b,a7077a82d2c74518b96fb45e35f6e150,714e47cd21e5416f864a4bc938850a72,ccb62901750b4d13a922fc161b607f83,0c889c151e094b948c13b0275e660a9c,6ea31a945d494834a3d243f1f90af02a,6866efc8987a4ec8b04b7abd28fb5777,aedd476072b345e9be46ebd7260e93a6,2070754bb5dd4a248be9c2a6a1a9d381
2a8e892e4b784abf8fb9fd55fa443335,87fc1d6a57ea488786caaec8599c3b8b,797cc520b8c94d9bbef187818ab51647,a7077a82d2c74518b96fb45e35f6e150,714e47cd21e5416f864a4bc938850a72,6866efc8987a4ec8b04b7abd28fb5777,ccb62901750b4d13a922fc161b607f83,aedd476072b345e9be46ebd7260e93a6,f4b7e6e902e344859cb041126b69ce3c,6ea31a945d494834a3d243f1f90af02a,476ce3ffff564a5aa985808e7d2cab17
1ac66b061b80428b8b3758bc6dfa066b,87fc1d6a57ea488786caaec8599c3b8b,797cc520b8c94d9bbef187818ab51647,a7077a82d2c74518b96fb45e35f6e150,714e47cd21e5416f864a4bc938850a72,ccb62901750b4d13a922fc161b607f83,6ea31a945d494834a3d243f1f90af02a,aedd476072b345e9be46ebd7260e93a6,3aa003c1e31b476e999c3a808a1d5dc6,65e30dd62cfa4dccb9ea4d908a9d6fab,6866efc8987a4ec8b04b7abd28fb5777
0d4bb3432ea544988cf3bb308b46c8c8,a297e08effdf4a69a6c4d79a34a0c6ad,ee337b5c1ef3431e9c120250bfec4cac,93bf0b86be094f68a9d308ca5ecfb4e3,b2b22c673e554db39c8acdbe42687a6d,1c6bbf19b3d2498696a5baf0f53a0f18,5e199f7727cc4910ad88dbd81ed1ec82,b83013f4c5524232814efa0f8651867f,bb6ecabbce1b43d997d00d7acdc95193,27fe100af7884932a33bf30f10dacc55,d695b7afdc3841a28a56df578e56afce
2b4cf2ff830e462d96c8cfbcee5669da,a297e08effdf4a69a6c4d79a34a0c6ad,ee337b5c1ef3431e9c120250bfec4cac,93bf0b86be094f68a9d308ca5ecfb4e3,b2b22c673e554db39c8acdbe42687a6d,1c6bbf19b3d2498696a5baf0f53a0f18,5e199f7727cc4910ad88dbd81ed1ec82,b83013f4c5524232814efa0f8651867f,bb6ecabbce1b43d997d00d7acdc95193,27fe100af7884932a33bf30f10dacc55,10b152bdafe94db8a93f7c374226a071
2390c8a3de9e49be9617b01f4f21dfa9,ee337b5c1ef3431e9c120250bfec4cac,a297e08effdf4a69a6c4d79a34a0c6ad,af648fa7ac6c4c50a246de470329cd83,93bf0b86be094f68a9d308ca5ecfb4e3,898eabaaa1a047e18aecbb1c5a8decbf,b2b22c673e554db39c8acdbe42687a6d,b01fd4d037a84a7aa777e1fc345c73c5,bb6ecabbce1b43d997d00d7acdc95193,fc70a4c2c4834e0eba1a14470f563b03,116f6c1f0cb54312986a0a729508a33e
e37905b36c44400c9dc7bc0c71a6db51,0bd1cce9370a461089e25393086800a8,6f57d1175ad243edada61643d01fcd54,7ec1584e9a5b49eab9ef249143d9bb86,fadf133e0e684a24ac79b5fa9515bac2,56272326c7e94e419ea8c69fb634f610,225818abe99e45a0bf5b0b3ec30db76b,39e2b00e1cbd471488cf56f31d2cec7f,f439b5616ba24b7f82eccfa095a0eff8,0f785440b29548e1a1968868262fd42e,02e1d712f37e428c998f72e7a7eeb1e6
a9bb430482a1442a958b35a625eecb97,6f57d1175ad243edada61643d01fcd54,0bd1cce9370a461089e25393086800a8,7ec1584e9a5b49eab9ef249143d9bb86,fadf133e0e684a24ac79b5fa9515bac2,225818abe99e45a0bf5b0b3ec30db76b,df5ca61304074da1bec8f536ab50baf3,6dc5832f0ac04df2bd99c6415b3ecf09,39e2b00e1cbd471488cf56f31d2cec7f,56272326c7e94e419ea8c69fb634f610,590df34aa41f46e9ad13ffc6a98da3b7
62c71ed913414a6f9456293a4c566314,0bd1cce9370a461089e25393086800a8,6f57d1175ad243edada61643d01fcd54,fadf133e0e684a24ac79b5fa9515bac2,7ec1584e9a5b49eab9ef249143d9bb86,56272326c7e94e419ea8c69fb634f610,225818abe99e45a0bf5b0b3ec30db76b,39e2b00e1cbd471488cf56f31d2cec7f,6dc5832f0ac04df2bd99c6415b3ecf09,f439b5616ba24b7f82eccfa095a0eff8,df5ca61304074da1bec8f536ab50baf3
c647312353a84341a92cd4486a8b9c3e,6f57d1175ad243edada61643d01fcd54,0bd1cce9370a461089e25393086800a8,7ec1584e9a5b49eab9ef249143d9bb86,fadf133e0e684a24ac79b5fa9515bac2,225818abe99e45a0bf5b0b3ec30db76b,39e2b00e1cbd471488cf56f31d2cec7f,590df34aa41f46e9ad13ffc6a98da3b7,df5ca61304074da1bec8f536ab50baf3,c756409435634fc48c643a64e73c93ce,6dc5832f0ac04df2bd99c6415b3ecf09
cc3afd20f236454a8f3a9ff08992daab,e96fae6d607246b18b8494aabe521036,29088685e31a4d86b60b514e98117361,65e52d14d4d64d4fbad3de6ad319e745,6fbdacd3d8814ea2a13e81ee1ec128f2,3e4a54908dde405294869e30a92a7623,88353d1136d24836816b073de62e5f50,f0084465b2e646c9a53d9dc766067d9b,6732de8994744decbb3306c74aaa7882,e88ce4cd350f43398a5c0ab8629cee72,26b18153216b48d793b75598ddb54d77
1e1ec51c4cb84f3285f79f7aeb252500,65e52d14d4d64d4fbad3de6ad319e745,29088685e31a4d86b60b514e98117361,6fbdacd3d8814ea2a13e81ee1ec128f2,e96fae6d607246b18b8494aabe521036,88353d1136d24836816b073de62e5f50,655a618282cd4fa39a26f0967c033f4b,095ac293b64a4a58b1b3d3f71453a267,530b37164090408dbab4e6da51111b8a,60e87368fe334a92b57088b03cccbfc1,06a5f0cec6ce4170a02dad0ad4c55b1c
082920d4f79f4c5eb2e805b195ac3e89,65e52d14d4d64d4fbad3de6ad319e745,29088685e31a4d86b60b514e98117361,6fbdacd3d8814ea2a13e81ee1ec128f2,e96fae6d607246b18b8494aabe521036,88353d1136d24836816b073de62e5f50,095ac293b64a4a58b1b3d3f71453a267,655a618282cd4fa39a26f0967c033f4b,530b37164090408dbab4e6da51111b8a,50a2129b83404b94889a01f4688ebafd,06a5f0cec6ce4170a02dad0ad4c55b1c
759985fc2dc4496abbc7fe23cf71706f,29088685e31a4d86b60b514e98117361,e96fae6d607246b18b8494aabe521036,65e52d14d4d64d4fbad3de6ad319e745,f0084465b2e646c9a53d9dc766067d9b,b0d2e6c4b2384950b3696c4414870282,595e438d2b394bb3a3259f47efd37ae8,26b18153216b48d793b75598ddb54d77,e0d8aee46b1d4d998858cd05027251b6,06a5f0cec6ce4170a02dad0ad4c55b1c,655a618282cd4fa39a26f0967c033f4b
a1b386e9b08e402dba0d820140ba1a00,29088685e31a4d86b60b514e98117361,e96fae6d607246b18b8494aabe521036,65e52d14d4d64d4fbad3de6ad319e745,f0084465b2e646c9a53d9dc766067d9b,655a618282cd4fa39a26f0967c033f4b,b0d2e6c4b2384950b3696c4414870282,452d645d5bf4485185e996dcec9523e5,6fbdacd3d8814ea2a13e81ee1ec128f2,06a5f0cec6ce4170a02dad0ad4c55b1c,88353d1136d24836816b073de62e5f50
0fed5c48002b4dd1b3ce42653a372fe6,cb2e893276894906976593c3edcb3a5f,2839430464164d5ba00713b42d4d96e4,f5a9583711fc4ff4a46e85c24886b234,6252aa87531748e5bac5f6c65fc87e14,097c30a7f39a4a3abf6da2ca80cad3a5,eafb3480db704d7baa8216ce857d1610,b9228fdb5f0c413d81cffb51829d95c6,d361a9e414fb41c1a605200d9cbba496,36ee1613abf245cdbe93fef69b5f981f,236c362d8b664c93b41882c119df9706
5b5008e2d4f7492abe1ff44e2e3e754b,cb2e893276894906976593c3edcb3a5f,2839430464164d5ba00713b42d4d96e4,f5a9583711fc4ff4a46e85c24886b234,097c30a7f39a4a3abf6da2ca80cad3a5,6252aa87531748e5bac5f6c65fc87e14,236c362d8b664c93b41882c119df9706,b9228fdb5f0c413d81cffb51829d95c6,36ee1613abf245cdbe93fef69b5f981f,eafb3480db704d7baa8216ce857d1610,4a6eba10a02a4ecdbb6b25e8651c3789
8e431e5ca5dd49a8984118e7fb05d12e,2839430464164d5ba00713b42d4d96e4,cb2e893276894906976593c3edcb3a5f,f5a9583711fc4ff4a46e85c24886b234,6252aa87531748e5bac5f6c65fc87e14,30578712823948b086e3781343982938,19593c97fef0474dbe6051e28338f1e9,c4b9d7a8d5d342459d2282589b3af293,0ecfdd96e0054841883acba75e83b232,cb550e5ff4694fe9a19eaa6588cef250,c74557a980e2428a9ffcc245278df692
142af56a899c43098ec79a3f762d09b6,2839430464164d5ba00713b42d4d96e4,cb2e893276894906976593c3edcb3a5f,f5a9583711fc4ff4a46e85c24886b234,6252aa87531748e5bac5f6c65fc87e14,30578712823948b086e3781343982938,3bd43a42811048e3b7a7d9740bdb1971,19593c97fef0474dbe6051e28338f1e9,c4b9d7a8d5d342459d2282589b3af293,0ecfdd96e0054841883acba75e83b232,cb550e5ff4694fe9a19eaa6588cef250
9f14363158ef49309f13b2aa0692d2a9,61d2391e8bc548b6bfa08f1ef2a0c47a,d87e5facd03b45f9829e8a1cd0fe0190,0568345606fa4a2c84ed4ea6c74639ee,90b560de76b149c09c7cd6efb3f12cfd,ad054da7e1704a53931a341173f0605f,99830b8da7c24f909914f7bb167f3ea6,db0c3a952e454b90aa4a68feb6a50e87,033f1514c78b49dd82148b94f6bcbeba,0ecfdd96e0054841883acba75e83b232,250d411ae270441085be3501b7b55d86
ebd3c9006cf5464190f7a5edca24f0ba,61d2391e8bc548b6bfa08f1ef2a0c47a,d87e5facd03b45f9829e8a1cd0fe0190,0568345606fa4a2c84ed4ea6c74639ee,90b560de76b149c09c7cd6efb3f12cfd,ad054da7e1704a53931a341173f0605f,99830b8da7c24f909914f7bb167f3ea6,033f1514c78b49dd82148b94f6bcbeba,db0c3a952e454b90aa4a68feb6a50e87,0ecfdd96e0054841883acba75e83b232,250d411ae270441085be3501b7b55d86
0135e10058cf48aa847fa399f62df6f4,90b560de76b149c09c7cd6efb3f12cfd,99830b8da7c24f909914f7bb167f3ea6,61d2391e8bc548b6bfa08f1ef2a0c47a,250d411ae270441085be3501b7b55d86,d25e6f2fc8154dd7816f8f7a41bee12b,7fe9e665bf41491c9788941aa2894a10,ad054da7e1704a53931a341173f0605f,655a618282cd4fa39a26f0967c033f4b,452d645d5bf4485185e996dcec9523e5,511fe9c8b20b4fda94969745238c9474
2e9dbf0f864548ae8bc35b5c0d70934e,b3f8b4bec0164d0e81997b4f5a277e8f,c2a665cec90e46db8d2a74389beb4649,27a67d3e76814297aebf64e03d14c336,52f20bd7eb50430c95f0916727880a1b,e8c8742459dc48a49080bf0e5b3fdee0,7c1126d46a934db6b951d1e98feae327,da61e0de396149208c9ebd0fd6d7415d,db2466dc7da64ac5a2a21c20ace67856,664da77d25e74df693eaad44a5e7617f,69ac8397e9624bfd8aee237b9f9ea3b5
1db84228548c42318f1a33456931f361,c2a665cec90e46db8d2a74389beb4649,27a67d3e76814297aebf64e03d14c336,b3f8b4bec0164d0e81997b4f5a277e8f,52f20bd7eb50430c95f0916727880a1b,e8c8742459dc48a49080bf0e5b3fdee0,5be48a6bc26044f2a2e4e9b6a223c319,b44645c11ece4326a45f50fdc5d45dcf,7c1126d46a934db6b951d1e98feae327,da61e0de396149208c9ebd0fd6d7415d,530b37164090408dbab4e6da51111b8a
1b5bba6ae5ff4f568094280de0bf2c1b,c2a665cec90e46db8d2a74389beb4649,27a67d3e76814297aebf64e03d14c336,b3f8b4bec0164d0e81997b4f5a277e8f,52f20bd7eb50430c95f0916727880a1b,e8c8742459dc48a49080bf0e5b3fdee0,5be48a6bc26044f2a2e4e9b6a223c319,7c1126d46a934db6b951d1e98feae327,b44645c11ece4326a45f50fdc5d45dcf,3f28365e18244eb28cc7d23de8895956,530b37164090408dbab4e6da51111b8a
7265c466b8cf411cb462945d3ceb8145,b3f8b4bec0164d0e81997b4f5a277e8f,c2a665cec90e46db8d2a74389beb4649,27a67d3e76814297aebf64e03d14c336,e8c8742459dc48a49080bf0e5b3fdee0,52f20bd7eb50430c95f0916727880a1b,5be48a6bc26044f2a2e4e9b6a223c319,f9fe93fae6084350b81964d354e2130f,69ac8397e9624bfd8aee237b9f9ea3b5,7c1126d46a934db6b951d1e98feae327,b44645c11ece4326a45f50fdc5d45dcf
bca392563d0a45d594ce43a0c540b7c9,68aefc97056440af874039a28497cf98,b6da55bea1244cf0a753b258420946b2,86179aff3df24ff59b11e9a34974a3f4,07d869789eda4445a1ecfe59c331db0d,8350ea8cd6514c2c8d7b625abe7e895b,00614d60b3544ba790dfd23dd53992e0,2d43cf91509846e29ab4febd7781919f,059a284910e849efbbc7073b8681409f,94ed54abfdc74b04b0dcb19c278e66f4,3aa003c1e31b476e999c3a808a1d5dc6
bb39e720d9cf4df1a19e4ab20285bf18,86179aff3df24ff59b11e9a34974a3f4,68aefc97056440af874039a28497cf98,b6da55bea1244cf0a753b258420946b2,07d869789eda4445a1ecfe59c331db0d,8350ea8cd6514c2c8d7b625abe7e895b,3ec67e948e15423fac23fdd38a7d4cca,3827ad869b3740278b98db4e65c40e0c,059a284910e849efbbc7073b8681409f,d0e41bf891254ba0872f1641139f84f6,94ed54abfdc74b04b0dcb19c278e66f4
5c427d65b21d4bf387d1885f334834c7,b6da55bea1244cf0a753b258420946b2,68aefc97056440af874039a28497cf98,86179aff3df24ff59b11e9a34974a3f4,00614d60b3544ba790dfd23dd53992e0,8350ea8cd6514c2c8d7b625abe7e895b,e59dba65749140f4a1bdaf2695de2fc6,8ebbcf8e4e6f400ba1839e9d75806274,07d869789eda4445a1ecfe59c331db0d,e9428816b054499298745b742f128f65,097c30a7f39a4a3abf6da2ca80cad3a5
141cab6e49204199a8fb74a74fa8165a,68aefc97056440af874039a28497cf98,b6da55bea1244cf0a753b258420946b2,86179aff3df24ff59b11e9a34974a3f4,07d869789eda4445a1ecfe59c331db0d,00614d60b3544ba790dfd23dd53992e0,8350ea8cd6514c2c8d7b625abe7e895b,059a284910e849efbbc7073b8681409f,2d43cf91509846e29ab4febd7781919f,94ed54abfdc74b04b0dcb19c278e66f4,3aa003c1e31b476e999c3a808a1d5dc6
7f90d0a672a44046bdf2443f14b82cb9,74bd120b8f714d03bc9dd1a703fe4d7f,9677dd2a3aae457a8079087ce4177e14,3f28365e18244eb28cc7d23de8895956,cc243eebbb2b44a581745865a60c423a,1ad0cf33e96243888d5f970195a75586,e79ae27b52fa4d54aa37735fd275c66e,47eb17da319d440aa52da8008c26327a,c2a665cec90e46db8d2a74389beb4649,7f0a68d19d2e4850846ffc08c47ed87d,2ea3b46262e649f79900258cd90cce31
06aa6a2cf00d425998b1a815f23a0094,9677dd2a3aae457a8079087ce4177e14,74bd120b8f714d03bc9dd1a703fe4d7f,0e8487b2e6a2439b9e6623a1e2e5e19d,cc243eebbb2b44a581745865a60c423a,c756409435634fc48c643a64e73c93ce,fadf133e0e684a24ac79b5fa9515bac2,c750a2994555414790abb3281572bb42,2ea3b46262e649f79900258cd90cce31,df5ca61304074da1bec8f536ab50baf3,d9ac372330a4446886fa19bac0d19877
54a2df3aa63a483b8e33322f74c34dbf,9677dd2a3aae457a8079087ce4177e14,74bd120b8f714d03bc9dd1a703fe4d7f,c756409435634fc48c643a64e73c93ce,b9228fdb5f0c413d81cffb51829d95c6,cc243eebbb2b44a581745865a60c423a,0e8487b2e6a2439b9e6623a1e2e5e19d,2ea3b46262e649f79900258cd90cce31,df5ca61304074da1bec8f536ab50baf3,13e659415ac84c7a81fc769111d43417,1027a336232c4454a9c4ae450a562788
e2d1cdb4f95c4f47bb20f91e77f469f2,74bd120b8f714d03bc9dd1a703fe4d7f,9677dd2a3aae457a8079087ce4177e14,3f28365e18244eb28cc7d23de8895956,cc243eebbb2b44a581745865a60c423a,225818abe99e45a0bf5b0b3ec30db76b,b9228fdb5f0c413d81cffb51829d95c6,56272326c7e94e419ea8c69fb634f610,2ea3b46262e649f79900258cd90cce31,df5ca61304074da1bec8f536ab50baf3,0092d1d820c64646b8bee9fd14f77acf
4a483247df4540a9badb4a94f17d7760,02641488de414b72b63f62b40200b101,6bedb2d6ace34e18811b7f1206b2d1b0,b44645c11ece4326a45f50fdc5d45dcf,d445ccdb4cda497e9f0343a3298022d2,08ecf89bc10942a4bd894482f6fcdfa7,f6507bae2aaa4785842167f8320428b3,44b3bc5953364d72a53edcf9fc4f1fed,1da8cc33bb474411ae16db0233210125,77d8e01a914d4f4a8b87d407e0d741aa,99dbf0cd0c6343ffbcf97f04efc4143c
ca37d7b02d7542a0bea6535a0d193dbc,6bedb2d6ace34e18811b7f1206b2d1b0,02641488de414b72b63f62b40200b101,6ae72ad649c54129b992d321f8f29122,503d2f067a8a4f5798b1c64b07ab0bc5,a5d5fb459a1844088e93ae557ab34afe,64d9091426f9461c97c98a5428856bcf,3c0f3b44c0844df49b5898406fe9195a,99dbf0cd0c6343ffbcf97f04efc4143c,59e4dcf2794943b18fb902a6eb475ff8,07958f43551e459eb30638b632e3cd64
ada916d5f8044eba9ac39c104e27f797,02641488de414b72b63f62b40200b101,6bedb2d6ace34e18811b7f1206b2d1b0,99dbf0cd0c6343ffbcf97f04efc4143c,6ae72ad649c54129b992d321f8f29122,211ef3181e524685866fb8574d9bf456,d445ccdb4cda497e9f0343a3298022d2,503d2f067a8a4f5798b1c64b07ab0bc5,0f52f676197e4d4e92dec0a7bc4c4f7d,a5d5fb459a1844088e93ae557ab34afe,2b3ecf8be2b242f3b8a1e714390749fb
985e9b4be1fa45b19b48cbd6b1d37764,02641488de414b72b63f62b40200b101,6bedb2d6ace34e18811b7f1206b2d1b0,99dbf0cd0c6343ffbcf97f04efc4143c,6ae72ad649c54129b992d321f8f29122,211ef3181e524685866fb8574d9bf456,503d2f067a8a4f5798b1c64b07ab0bc5,d445ccdb4cda497e9f0343a3298022d2,a5d5fb459a1844088e93ae557ab34afe,07958f43551e459eb30638b632e3cd64,23199e1859544647893a97ea365c5c83
7b7e0d3f38a3435a83b8d6fb5aba99ba,f6061b71031b4ddb9384f86c103690a4,5cf392f15360460bae6a6b0182bb99b9,812a1568c77d46e695f8eb7357e24a0e,aedd476072b345e9be46ebd7260e93a6,4d0a737f396d4a95808085bd1306746c,67dd23cfd20f46dc82acc82c108a1dc6,211ef3181e524685866fb8574d9bf456,03df72bcf3504272a27f4bbaea89118a,59e4dcf2794943b18fb902a6eb475ff8,b3209c60460a437294e2b30a9e9d3f53
acbc17523c034d799301828aef6ae58f,812a1568c77d46e695f8eb7357e24a0e,5cf392f15360460bae6a6b0182bb99b9,f6061b71031b4ddb9384f86c103690a4,4d0a737f396d4a95808085bd1306746c,aedd476072b345e9be46ebd7260e93a6,3c0f3b44c0844df49b5898406fe9195a,211ef3181e524685866fb8574d9bf456,dee9eddb2eac41bfaf36d3279d43674a,6f8d80f8673144dfa7a4e09190442ab3,1232f20e710b448e8c0538b9e84dab1c
68f05d38644e4af6a8b6cb1bef20c57a,f6061b71031b4ddb9384f86c103690a4,5cf392f15360460bae6a6b0182bb99b9,812a1568c77d46e695f8eb7357e24a0e,aedd476072b345e9be46ebd7260e93a6,4d0a737f396d4a95808085bd1306746c,4385ac4645b34f3c8a44c4676ebcd8be,15b7b988bba143989cfd98d5c6c4d203,67dd23cfd20f46dc82acc82c108a1dc6,59e4dcf2794943b18fb902a6eb475ff8,03df72bcf3504272a27f4bbaea89118a
e34f7090730d4eaa871618aa8bb5627d,5cf392f15360460bae6a6b0182bb99b9,812a1568c77d46e695f8eb7357e24a0e,f6061b71031b4ddb9384f86c103690a4,4d0a737f396d4a95808085bd1306746c,aedd476072b345e9be46ebd7260e93a6,59e4dcf2794943b18fb902a6eb475ff8,3c0f3b44c0844df49b5898406fe9195a,67dd23cfd20f46dc82acc82c108a1dc6,a7077a82d2c74518b96fb45e35f6e150,03df72bcf3504272a27f4bbaea89118a
aff084577eae48fca44757575b1848bc,812a1568c77d46e695f8eb7357e24a0e,5cf392f15360460bae6a6b0182bb99b9,f6061b71031b4ddb9384f86c103690a4,4d0a737f396d4a95808085bd1306746c,aedd476072b345e9be46ebd7260e93a6,3c0f3b44c0844df49b5898406fe9195a,211ef3181e524685866fb8574d9bf456,1232f20e710b448e8c0538b9e84dab1c,59e4dcf2794943b18fb902a6eb475ff8,e0ff5d4ae0ec4871a49041d550cdcaa9
f4763c7dac494231ae593878b63b4961,eff24b01b2f5428baa4c3fef6cb40d41,01bbbf1caa554d94b5decb69cc1add41,d53fa54d5536463ab0d87648dfc5fd78,e8f18e4bdf054390a1768978dca8e430,3f1c2bb09c4e4400b6ba19542fafce18,41e657daa20545a588584578bdb4101c,f37d285ad0de42f0b1546d0d1acfb221,ec07b4e88bea4086a5eafed96d81edb5,590df34aa41f46e9ad13ffc6a98da3b7,bc13c2b0221744a29a8ddf56aa015df9
adabb6bfc633432cab9ab674c1e0f975,01bbbf1caa554d94b5decb69cc1add41,590df34aa41f46e9ad13ffc6a98da3b7,eff24b01b2f5428baa4c3fef6cb40d41,e8f18e4bdf054390a1768978dca8e430,563043f180e54e238ad4876974e5db4c,ec07b4e88bea4086a5eafed96d81edb5,6f57d1175ad243edada61643d01fcd54,d53fa54d5536463ab0d87648dfc5fd78,64fc9fe3c8d5424ebc005e5cf4a608db,7ec1584e9a5b49eab9ef249143d9bb86
f9d7f4db082c4389a2bdcc19d6d92cba,01bbbf1caa554d94b5decb69cc1add41,590df34aa41f46e9ad13ffc6a98da3b7,eff24b01b2f5428baa4c3fef6cb40d41,563043f180e54e238ad4876974e5db4c,e8f18e4bdf054390a1768978dca8e430,d53fa54d5536463ab0d87648dfc5fd78,ec07b4e88bea4086a5eafed96d81edb5,6f57d1175ad243edada61643d01fcd54,511fe9c8b20b4fda94969745238c9474,64fc9fe3c8d5424ebc005e5cf4a608db
32ae3069da404e6f843cbd95fa018a71,eff24b01b2f5428baa4c3fef6cb40d41,01bbbf1caa554d94b5decb69cc1add41,1027a336232c4454a9c4ae450a562788,e8f18e4bdf054390a1768978dca8e430,3f1c2bb09c4e4400b6ba19542fafce18,d53fa54d5536463ab0d87648dfc5fd78,bc13c2b0221744a29a8ddf56aa015df9,41e657daa20545a588584578bdb4101c,84581d81d46d44bc99ffb8f871646a7a,ec07b4e88bea4086a5eafed96d81edb5
605d42bbb0154c76b70114f63b807951,8889c114b071429cbe2418f5b0f2024b,30c71719aed84c07ae21d0eff0deed72,01ffceddb5b34406a08bb982b424b3cf,66690895454847fea5a000202fbfab2e,a5d5fb459a1844088e93ae557ab34afe,57bcda73abab44ee930b20cdaee9d24b,afaf2edba0ee4d58860a5a04e4aabc5c,0accd1d0138b49049d437c0d9b1c23c3,4c36aafaf38f4e9e9e09991737196fe1,27a0d24dc1e14b28a1f18456b29c93f1
19805d9c7c944703bb05511bc3145812,30c71719aed84c07ae21d0eff0deed72,8889c114b071429cbe2418f5b0f2024b,01ffceddb5b34406a08bb982b424b3cf,a94cb58f1ca8456b96e39b5b1ebfb7ea,57bcda73abab44ee930b20cdaee9d24b,afaf2edba0ee4d58860a5a04e4aabc5c,6ae72ad649c54129b992d321f8f29122,66690895454847fea5a000202fbfab2e,70aa10580bfe4069bdaa5721ae2d29db,a5d5fb459a1844088e93ae557ab34afe
4ed65c954d584e13a9e98e27808e0c6a,a94cb58f1ca8456b96e39b5b1ebfb7ea,0f52f676197e4d4e92dec0a7bc4c4f7d,ff171f0b29974f78b0e81fee30abdd38,636c21e19a5845e1b8d69a5fca928030,2639b6540bda414f8a9baa3b5cdb612a,fe363cef357840fcb35f320fe7c27e4e,13aca0959cc948cabeee0d7255f55a65,521004289ebc4e6da6623381d40a5e73,26e55eb4d910464497d700bfdf5a36ca,8987ceafff324f9599b842542e37eddd
9d58ebfc8b864b49a9c970a667fff950,30c71719aed84c07ae21d0eff0deed72,8889c114b071429cbe2418f5b0f2024b,01ffceddb5b34406a08bb982b424b3cf,a94cb58f1ca8456b96e39b5b1ebfb7ea,57bcda73abab44ee930b20cdaee9d24b,6ae72ad649c54129b992d321f8f29122,afaf2edba0ee4d58860a5a04e4aabc5c,70aa10580bfe4069bdaa5721ae2d29db,66690895454847fea5a000202fbfab2e,e4e12f4711fd41e39075e26cc274df45
5e1395d13dc84b8abd6f0452e25b3a7f,8889c114b071429cbe2418f5b0f2024b,30c71719aed84c07ae21d0eff0deed72,01ffceddb5b34406a08bb982b424b3cf,66690895454847fea5a000202fbfab2e,57bcda73abab44ee930b20cdaee9d24b,afaf2edba0ee4d58860a5a04e4aabc5c,f65c7f50929f431dbf31b441d87616d0,d658e3a743af41899183fecff6b2628d,0accd1d0138b49049d437c0d9b1c23c3,cb550e5ff4694fe9a19eaa6588cef250
df7a79cf083f40ca846761b9760fc72f,e343a998f4df4ac195c84e0fb571a393,01930613ce7d4a5f90ccf78d1e92a55d,b52468fc0af2435f9ba91939f72bbf6a,52ee59901f3b4de884d7a6720538aed6,f37d285ad0de42f0b1546d0d1acfb221,9c69642fab6749848e7ea7f5406a6da4,0ecfdd96e0054841883acba75e83b232,63ba014f9cc747ac87013da6be0ceab9,ca0fe2dd97434e2ca7aecc38d4f1fcd9,1ad0cf33e96243888d5f970195a75586
489108f0d3474ebb97eeace77d5bcece,e343a998f4df4ac195c84e0fb571a393,52ee59901f3b4de884d7a6720538aed6,f37d285ad0de42f0b1546d0d1acfb221,01930613ce7d4a5f90ccf78d1e92a55d,b52468fc0af2435f9ba91939f72bbf6a,9c69642fab6749848e7ea7f5406a6da4,0ecfdd96e0054841883acba75e83b232,63ba014f9cc747ac87013da6be0ceab9,7d0190486da540718e4dc4ca4bd1f573,ca0fe2dd97434e2ca7aecc38d4f1fcd9
9cd6d1191c914787875042fd76df0c35,8746ae2ca7514699b629b4d9b5fe95a7,408ae6a767874fc782467ec2f054ad15,70aa10580bfe4069bdaa5721ae2d29db,a0408a6462b24cf18e50a8616359d5ad,4c36aafaf38f4e9e9e09991737196fe1,54e9bbd0093947a3bda5fef48ef7493d,8af25c7ae8e14435a6e27a5671968f50,7d3d751215194e649a03457226f599d7,feb980ae999948ce9be0266b4ddc048d,91f0da6d71574ababd8e868bddec9310
77f7e4ffce974b33ab54c80177a1c9c0,a0408a6462b24cf18e50a8616359d5ad,8746ae2ca7514699b629b4d9b5fe95a7,408ae6a767874fc782467ec2f054ad15,70aa10580bfe4069bdaa5721ae2d29db,4c36aafaf38f4e9e9e09991737196fe1,54e9bbd0093947a3bda5fef48ef7493d,8af25c7ae8e14435a6e27a5671968f50,feb980ae999948ce9be0266b4ddc048d,cb550e5ff4694fe9a19eaa6588cef250,878e5c41be5c477e9f660ca361fdd727
27af2d56825b4ded843852cb1cbe3494,8746ae2ca7514699b629b4d9b5fe95a7,408ae6a767874fc782467ec2f054ad15,70aa10580bfe4069bdaa5721ae2d29db,a0408a6462b24cf18e50a8616359d5ad,4c36aafaf38f4e9e9e09991737196fe1,8af25c7ae8e14435a6e27a5671968f50,54e9bbd0093947a3bda5fef48ef7493d,91f0da6d71574ababd8e868bddec9310,116f6c1f0cb54312986a0a729508a33e,cb550e5ff4694fe9a19eaa6588cef250
7a09c2cc2bcd4fbb8b083d6f02a88232,a0408a6462b24cf18e50a8616359d5ad,8746ae2ca7514699b629b4d9b5fe95a7,408ae6a767874fc782467ec2f054ad15,4c36aafaf38f4e9e9e09991737196fe1,70aa10580bfe4069bdaa5721ae2d29db,54e9bbd0093947a3bda5fef48ef7493d,3bd43a42811048e3b7a7d9740bdb1971,cb550e5ff4694fe9a19eaa6588cef250,7d3d751215194e649a03457226f599d7,8af25c7ae8e14435a6e27a5671968f50
c0ff951246c54333b756315834f32971,91f9f8576e5142a49926bd623b0bc19c,119a6d7b4af3458b951fc1c5ab5e1738,f8856799293e49feab6368e794eb8b00,632cc2bc04034dd4848855fe6497262d,189a3b686ad14c24b5e1a495f76dd239,babbeca1f6a244a2a11ea77a3855e70f,a9573f188204436090fb4a5240e4eccd,563043f180e54e238ad4876974e5db4c,938147b72e9540da8513910871e0830a,4c36aafaf38f4e9e9e09991737196fe1
7d8239bb435749bdaaba93674e4c0b98,632cc2bc04034dd4848855fe6497262d,f8856799293e49feab6368e794eb8b00,119a6d7b4af3458b951fc1c5ab5e1738,91f9f8576e5142a49926bd623b0bc19c,a9573f188204436090fb4a5240e4eccd,babbeca1f6a244a2a11ea77a3855e70f,f69bf682935e47e1b4c72d237becd13a,563043f180e54e238ad4876974e5db4c,6c51b4f57ba0415f994756e944b11cee,9d09e3cd382c4d0ea0f6f50261e3e4c8
ae918c8fd007427fbc53dbaff23eddbe,632cc2bc04034dd4848855fe6497262d,f8856799293e49feab6368e794eb8b00,119a6d7b4af3458b951fc1c5ab5e1738,91f9f8576e5142a49926bd623b0bc19c,babbeca1f6a244a2a11ea77a3855e70f,a9573f188204436090fb4a5240e4eccd,563043f180e54e238ad4876974e5db4c,4c36aafaf38f4e9e9e09991737196fe1,938147b72e9540da8513910871e0830a,6c51b4f57ba0415f994756e944b11cee
b30bc5f593ba46bc8b6fa26692576484,babbeca1f6a244a2a11ea77a3855e70f,a9573f188204436090fb4a5240e4eccd,938147b72e9540da8513910871e0830a,119a6d7b4af3458b951fc1c5ab5e1738,91f9f8576e5142a49926bd623b0bc19c,c1d504dfeded4b8bb3c07777b7c7abde,772cb9726861451d9972604da6f65c55,a9d82bb43410405ca21b44a5e82e22b6,c4b9d7a8d5d342459d2282589b3af293,632cc2bc04034dd4848855fe6497262d
91d18daf6bae44789d31014e55bdf5b2,119a6d7b4af3458b951fc1c5ab5e1738,f69bf682935e47e1b4c72d237becd13a,91f9f8576e5142a49926bd623b0bc19c,632cc2bc04034dd4848855fe6497262d,bc607fd6000b43108e49b3d05688fe90,563043f180e54e238ad4876974e5db4c,f8856799293e49feab6368e794eb8b00,8228c9eb29a542ba98c8b9b854eadaa4,de72d25d08da4b03ac6f6411ce30e07c,b44645c11ece4326a45f50fdc5d45dcf
8b8fe37d85da4a28a5c27452a42435e6,0b57f893483647c3aed811775a4c4c04,ba8d0208e32e42969bd4349cf24f6ed1,4d5cbe57c3094d01843e4f950a280b50,a055f8188384479a8bad418f7dffd9a5,f7f600880b064920ab59b907d26aedc6,d9096650c434432c871effeca9acd5c6,f8e7f9688fd546829da579434180ffee,da14e9dc2c3d4963b725de8102de5028,2070754bb5dd4a248be9c2a6a1a9d381,f2cfa68a47ce4a43a0fe1cc7dc860418
a222b9dea1384b57ad0fae45ff950737,0b57f893483647c3aed811775a4c4c04,ba8d0208e32e42969bd4349cf24f6ed1,4d5cbe57c3094d01843e4f950a280b50,f8e7f9688fd546829da579434180ffee,f2cfa68a47ce4a43a0fe1cc7dc860418,a055f8188384479a8bad418f7dffd9a5,d9096650c434432c871effeca9acd5c6,da14e9dc2c3d4963b725de8102de5028,2070754bb5dd4a248be9c2a6a1a9d381,f7f600880b064920ab59b907d26aedc6
043d64050fe145349300b95379966923,2070754bb5dd4a248be9c2a6a1a9d381,f2cfa68a47ce4a43a0fe1cc7dc860418,0b57f893483647c3aed811775a4c4c04,f8e7f9688fd546829da579434180ffee,ba8d0208e32e42969bd4349cf24f6ed1,f7f600880b064920ab59b907d26aedc6,a055f8188384479a8bad418f7dffd9a5,4d5cbe57c3094d01843e4f950a280b50,d9096650c434432c871effeca9acd5c6,da14e9dc2c3d4963b725de8102de5028
ab8935721e0240089dafee6f408c220a,a055f8188384479a8bad418f7dffd9a5,da14e9dc2c3d4963b725de8102de5028,d9096650c434432c871effeca9acd5c6,ba8d0208e32e42969bd4349cf24f6ed1,0b57f893483647c3aed811775a4c4c04,f8e7f9688fd546829da579434180ffee,f2cfa68a47ce4a43a0fe1cc7dc860418,4d5cbe57c3094d01843e4f950a280b50,f7f600880b064920ab59b907d26aedc6,2070754bb5dd4a248be9c2a6a1a9d381
00d0f767535a4289833325887d72e3d2,2070754bb5dd4a248be9c2a6a1a9d381,f2cfa68a47ce4a43a0fe1cc7dc860418,f8e7f9688fd546829da579434180ffee,0b57f893483647c3aed811775a4c4c04,4d5cbe57c3094d01843e4f950a280b50,da14e9dc2c3d4963b725de8102de5028,ba8d0208e32e42969bd4349cf24f6ed1,f7f600880b064920ab59b907d26aedc6,a055f8188384479a8bad418f7dffd9a5,d9096650c434432c871effeca9acd5c6
1d0c8e601ffb4534a871d984ad842a4f,a055f8188384479a8bad418f7dffd9a5,ba8d0208e32e42969bd4349cf24f6ed1,d9096650c434432c871effeca9acd5c6,da14e9dc2c3d4963b725de8102de5028,0b57f893483647c3aed811775a4c4c04,f7f600880b064920ab59b907d26aedc6,4d5cbe57c3094d01843e4f950a280b50,f8e7f9688fd546829da579434180ffee,2070754bb5dd4a248be9c2a6a1a9d381,f2cfa68a47ce4a43a0fe1cc7dc860418
ebd87dca48ae4df38943cc6f9b4f2912,5c8a8b7a59c54b9aa7b7136fd91b5869,8fca2e4873e946f7a788af2b846cebd7,d60986f4025d443ea58adba0e3d224a1,e9428816b054499298745b742f128f65,da88fa5efc674368b593444ca950dff9,aaab880f032a4e00904cf50566164044,18ab15fbf00f42f7a410ec75f7592bea,40f040fd5c824c8e8e710af1fdf70b5f,ef511457ee7c490c8e10eccf6e18fef6,be42a43f5186434db4f2815f768a9991
558c6735b6104bc98ca4b2db381640fe,8fca2e4873e946f7a788af2b846cebd7,5c8a8b7a59c54b9aa7b7136fd91b5869,e9428816b054499298745b742f128f65,d60986f4025d443ea58adba0e3d224a1,da88fa5efc674368b593444ca950dff9,18ab15fbf00f42f7a410ec75f7592bea,6b4676aba2a746b3ab778315afc8ee82,dd36cc0867b94d55a43b82c1c9a0e95c,a2612682d9854a30a7684c91c8619ec9,ef511457ee7c490c8e10eccf6e18fef6
6064cb0ed7d64bde866fe6ad42b6ede6,5c8a8b7a59c54b9aa7b7136fd91b5869,8fca2e4873e946f7a788af2b846cebd7,d60986f4025d443ea58adba0e3d224a1,e9428816b054499298745b742f128f65,da88fa5efc674368b593444ca950dff9,aaab880f032a4e00904cf50566164044,40f040fd5c824c8e8e710af1fdf70b5f,18ab15fbf00f42f7a410ec75f7592bea,a2612682d9854a30a7684c91c8619ec9,b33a0f5b564a4942b04046ab7a8e2aae
cf344978d7a04303b41fa8b37a18c300,8fca2e4873e946f7a788af2b846cebd7,5c8a8b7a59c54b9aa7b7136fd91b5869,e9428816b054499298745b742f128f65,d60986f4025d443ea58adba0e3d224a1,da88fa5efc674368b593444ca950dff9,18ab15fbf00f42f7a410ec75f7592bea,6b4676aba2a746b3ab778315afc8ee82,a2612682d9854a30a7684c91c8619ec9,b33a0f5b564a4942b04046ab7a8e2aae,dd36cc0867b94d55a43b82c1c9a0e95c
e8f38f28c61d4444ba078fe27ebcbc24,9094e936e13641cc9bfcc7dc1408d86e,5605fa1188974644937bbf92fec50e21,79721c9bb6a54ecdb3d0a0f4011762c1,4e7ee74be72a461fa02fa61bee62bdcc,df0c94234d9d4890b5b4b95c441b3e9a,d33407004b9e433a9d4147cfe6584d36,55c0b899937042c98162389b209aca7f,b90d74e80c37486eaee89b6fbab13671,c756409435634fc48c643a64e73c93ce,f439b5616ba24b7f82eccfa095a0eff8
4ec003b24cdc4b138166c6b304000312,9094e936e13641cc9bfcc7dc1408d86e,5c09482fc8dc45bdbf7919f00dd540e0,7e17bbd109dc486c8f0a76f913782180,c3502ff31ce6459a96164c934f297562,4e7ee74be72a461fa02fa61bee62bdcc,5d5baf5ce88b4b529e28ab9c7c114148,c750a2994555414790abb3281572bb42,8f0e477fc779414e9b47995c0b25a87d,b90d74e80c37486eaee89b6fbab13671,b40d3c588ad647ff85e397a6bc5f9d8b
7a0163f3c4484730b1f7324ebf67cd09,9094e936e13641cc9bfcc7dc1408d86e,5605fa1188974644937bbf92fec50e21,79721c9bb6a54ecdb3d0a0f4011762c1,4e7ee74be72a461fa02fa61bee62bdcc,df0c94234d9d4890b5b4b95c441b3e9a,d33407004b9e433a9d4147cfe6584d36,55c0b899937042c98162389b209aca7f,c756409435634fc48c643a64e73c93ce,b90d74e80c37486eaee89b6fbab13671,f439b5616ba24b7f82eccfa095a0eff8
4950b6a47e8e44f8bbb0aac7868f4b36,4e7ee74be72a461fa02fa61bee62bdcc,9094e936e13641cc9bfcc7dc1408d86e,5605fa1188974644937bbf92fec50e21,6ea31a945d494834a3d243f1f90af02a,9daaefe080b34656a0c7a54d2d6a1713,2ece45504eff42469c104dc2a2d03caf,f12e9e5805534d719f829332d1ea5d29,d9b70c4ed8bb4fc5957ecebf102528ee,a0b4d283f12a407286dbeaa3a4d128a5,f676e16c6a134bd5a7bbeee4590adcfe
4c620d71caf444eb9f723cc29094dcc2,772cb9726861451d9972604da6f65c55,189a3b686ad14c24b5e1a495f76dd239,77c8b175ca9d411b8d28d1ed0dc40304,9909a671f7414c19b2727e7d4d4dcf1b,7d6cdff8c9ac434196df803628fe9f62,a4af9472683c4df0a86f9400c99c2b61,98fbdf945d0c4206a48a4f7260e56017,7fe9e665bf41491c9788941aa2894a10,2939ef012c5c4a1b94b49df9469dfb3c,384b14b18c3c43b1a4dc1aa2f661e076
1852c13dfd984c51bfb11e6364bf47ba,189a3b686ad14c24b5e1a495f76dd239,772cb9726861451d9972604da6f65c55,2939ef012c5c4a1b94b49df9469dfb3c,77c8b175ca9d411b8d28d1ed0dc40304,fa190e42ce5a47c99bcaa76138dbc615,b6c493a3666c4db193e86c79faf099ab,9909a671f7414c19b2727e7d4d4dcf1b,a4af9472683c4df0a86f9400c99c2b61,98fbdf945d0c4206a48a4f7260e56017,d25e6f2fc8154dd7816f8f7a41bee12b
0e088d9c189b42fba49c31c41949bba8,37ae696e40dd42ebb4738722daa3c523,bf789f42ccfc42c5a330a3f6e30ddb83,e1c63000ace94c1d9381d82389fe6afd,dd9e8283197b473d8ffd502561bdaaec,43ee0103cba54b4e9d165717735ca0f6,b8995466f0eb4e7ba141e23216e8b974,c750a2994555414790abb3281572bb42,7aceed0dbea645b091207f4a53d879f2,84581d81d46d44bc99ffb8f871646a7a,db13ed5446be46269dff3de3c1bf2660
46422438d0644a1cb590332f27fe002e,bf789f42ccfc42c5a330a3f6e30ddb83,37ae696e40dd42ebb4738722daa3c523,43ee0103cba54b4e9d165717735ca0f6,e1c63000ace94c1d9381d82389fe6afd,0b57f893483647c3aed811775a4c4c04,cd764fbfae774d068af7549c648a02c9,a64f6232ee1e4357937008a327a63cf4,db13ed5446be46269dff3de3c1bf2660,84581d81d46d44bc99ffb8f871646a7a,c750a2994555414790abb3281572bb42
968aaed29a304ba7b1a1990450602307,37ae696e40dd42ebb4738722daa3c523,bf789f42ccfc42c5a330a3f6e30ddb83,dd9e8283197b473d8ffd502561bdaaec,c750a2994555414790abb3281572bb42,e1c63000ace94c1d9381d82389fe6afd,43ee0103cba54b4e9d165717735ca0f6,0bd1cce9370a461089e25393086800a8,84581d81d46d44bc99ffb8f871646a7a,b8995466f0eb4e7ba141e23216e8b974,0092d1d820c64646b8bee9fd14f77acf
f3e1733712aa449e916483279ed84027,bf789f42ccfc42c5a330a3f6e30ddb83,37ae696e40dd42ebb4738722daa3c523,43ee0103cba54b4e9d165717735ca0f6,e1c63000ace94c1d9381d82389fe6afd,cd764fbfae774d068af7549c648a02c9,db13ed5446be46269dff3de3c1bf2660,4a6eba10a02a4ecdbb6b25e8651c3789,6f57d1175ad243edada61643d01fcd54,84581d81d46d44bc99ffb8f871646a7a,20297482a5014732a843c9fdafba548e
4fa08d976269478fa124bfa62b83982f,66cba49431224a3788f914d6a80165e1,ee89670285c74e27aa174dadf39fbca7,e2769c67dadd4c988f7ccf249a998a56,7879fa4d4db046a2a8d195311b6e5789,6b4676aba2a746b3ab778315afc8ee82,1a0ac2d40cb04ca993e1db68d787728a,51c6049a18b84ee381d0512e40b67c0e,e903085a3f944ad2a41c37306b4e6ab4,7e17bbd109dc486c8f0a76f913782180,a2612682d9854a30a7684c91c8619ec9
d9a90abcdd1d474ba4dc176d544afc6e,66cba49431224a3788f914d6a80165e1,e2769c67dadd4c988f7ccf249a998a56,ee89670285c74e27aa174dadf39fbca7,7879fa4d4db046a2a8d195311b6e5789,6b4676aba2a746b3ab778315afc8ee82,1a0ac2d40cb04ca993e1db68d787728a,51c6049a18b84ee381d0512e40b67c0e,556743bab70d4b75bafcf192fef95b16,a2612682d9854a30a7684c91c8619ec9,b425f33c33ad4be89a12da266d131a86
a340c00c29c84c2e841e61bba8c9b67b,bc13c2b0221744a29a8ddf56aa015df9,e511c40ca6324803b5021e47b4e777f8,99a52c93a3304ec18dab9206f98f2a8b,89e983dca0a34b768e17b3871b9cea1e,b40d3c588ad647ff85e397a6bc5f9d8b,643fbbdd6b764ba9904a4ee67a86b9fd,c78547bdc2e64ac8935559f7de2efd41,ca0fe2dd97434e2ca7aecc38d4f1fcd9,0592b57e490d4206a3f12eb004a0afe0,8d595c7da42545c88052e7b213b6c97c
ee8c72e038f140a5bc9cb4770711253a,ca0fe2dd97434e2ca7aecc38d4f1fcd9,bc13c2b0221744a29a8ddf56aa015df9,c588868fc3fd4e87a7cddf1ceb00b022,2c3599a1611644f4908562f8fb8870d3,9daaefe080b34656a0c7a54d2d6a1713,b52468fc0af2435f9ba91939f72bbf6a,c78547bdc2e64ac8935559f7de2efd41,9948a890ef25479e834f70944cb42eae,0592b57e490d4206a3f12eb004a0afe0,89e983dca0a34b768e17b3871b9cea1e
fcf7329cd9b742bd82f6e3c42cb5139d,bc13c2b0221744a29a8ddf56aa015df9,99a52c93a3304ec18dab9206f98f2a8b,89e983dca0a34b768e17b3871b9cea1e,b40d3c588ad647ff85e397a6bc5f9d8b,e511c40ca6324803b5021e47b4e777f8,643fbbdd6b764ba9904a4ee67a86b9fd,c78547bdc2e64ac8935559f7de2efd41,ca0fe2dd97434e2ca7aecc38d4f1fcd9,2c3599a1611644f4908562f8fb8870d3,79721c9bb6a54ecdb3d0a0f4011762c1
1a24459300a447d3a68d04bf7b154891,99a52c93a3304ec18dab9206f98f2a8b,643fbbdd6b764ba9904a4ee67a86b9fd,89e983dca0a34b768e17b3871b9cea1e,b40d3c588ad647ff85e397a6bc5f9d8b,bc13c2b0221744a29a8ddf56aa015df9,e511c40ca6324803b5021e47b4e777f8,8d595c7da42545c88052e7b213b6c97c,ad42c467d0fe43dbb328073f9a16bc4d,0592b57e490d4206a3f12eb004a0afe0,c78547bdc2e64ac8935559f7de2efd41
37cd8f1e7c334f42965941e69fac45d7,99a52c93a3304ec18dab9206f98f2a8b,e511c40ca6324803b5021e47b4e777f8,643fbbdd6b764ba9904a4ee67a86b9fd,bc13c2b0221744a29a8ddf56aa015df9,89e983dca0a34b768e17b3871b9cea1e,b40d3c588ad647ff85e397a6bc5f9d8b,0592b57e490d4206a3f12eb004a0afe0,8d595c7da42545c88052e7b213b6c97c,ad42c467d0fe43dbb328073f9a16bc4d,c78547bdc2e64ac8935559f7de2efd41
e6c222899c8948ca8776d43041023512,b77d8b7bb0114c379139d280a9210e83,6c874292dbcc49ff8bb8bbe5643593a5,590df34aa41f46e9ad13ffc6a98da3b7,c3a741d302d94ee294bb6e4090fd2da9,41e657daa20545a588584578bdb4101c,fbfaa119f55a477984e42d80498f54d3,eafb3480db704d7baa8216ce857d1610,cc243eebbb2b44a581745865a60c423a,4a6eba10a02a4ecdbb6b25e8651c3789,444fa28d9ed54c82a522699041eae592
406a4cc04a7b4bf1bedba252a370170a,6c874292dbcc49ff8bb8bbe5643593a5,b77d8b7bb0114c379139d280a9210e83,19a124c6dad14a4fa7864463b081009c,c65af18670ea437c8986884645b3afe9,4a6eba10a02a4ecdbb6b25e8651c3789,00fb3a55134242769182c520d55681a2,eafb3480db704d7baa8216ce857d1610,7199f2fe77824236a392e1f00a5bdfc3,52ee59901f3b4de884d7a6720538aed6,d9ac372330a4446886fa19bac0d19877
9536a093de5c454f8107c944fdbc4de0,b77d8b7bb0114c379139d280a9210e83,6c874292dbcc49ff8bb8bbe5643593a5,590df34aa41f46e9ad13ffc6a98da3b7,41e657daa20545a588584578bdb4101c,00fb3a55134242769182c520d55681a2,cc243eebbb2b44a581745865a60c423a,fbfaa119f55a477984e42d80498f54d3,c3a741d302d94ee294bb6e4090fd2da9,19a124c6dad14a4fa7864463b081009c,c65af18670ea437c8986884645b3afe9
ee26c03d830d424ba086d493237a5c76,6c874292dbcc49ff8bb8bbe5643593a5,b77d8b7bb0114c379139d280a9210e83,fbfaa119f55a477984e42d80498f54d3,e1c63000ace94c1d9381d82389fe6afd,d9ac372330a4446886fa19bac0d19877,00fb3a55134242769182c520d55681a2,590df34aa41f46e9ad13ffc6a98da3b7,eafb3480db704d7baa8216ce857d1610,4a6eba10a02a4ecdbb6b25e8651c3789,0e28ed072d6c444aa6f02e64955b44c6
f3ab568e4b5948f9ac5e94ddaf848ef1,051d304b7139431fb3bff19b4e75aff7,ec4820b018a04967a457a9c032a51dc6,4e22dc65beb7450b9260cf27e50919e4,dbf0926f9f344f1d88b114660db4d2eb,be8953cc364d46cebbcc2c2da2c348ab,7584980704ae4617bb27ca162cc9c5db,5e44915237fc4445b54b037e1c4e29a4,e06d08ff594a4acbac12edf579743fcf,b2b22c673e554db39c8acdbe42687a6d,b85d652ba8d244f8ab9e941966094f28
72711fdab1134c6c884778196c514a78,dbf0926f9f344f1d88b114660db4d2eb,ec4820b018a04967a457a9c032a51dc6,6f8d80f8673144dfa7a4e09190442ab3,051d304b7139431fb3bff19b4e75aff7,e12ad1ce8e7940a999b9a4f91a95fab7,2ece45504eff42469c104dc2a2d03caf,aa082284f9894b5aa210c179d59999b1,6bde760ad5d4485db9889b1bdc074005,2c8eafa0ff26437a862dc2224ab57073,42805d29975b400ea7c570fc45ec4938
b40b5c9909d84456806fed5c7fb41ff3,051d304b7139431fb3bff19b4e75aff7,ec4820b018a04967a457a9c032a51dc6,4e22dc65beb7450b9260cf27e50919e4,be8953cc364d46cebbcc2c2da2c348ab,dbf0926f9f344f1d88b114660db4d2eb,e06d08ff594a4acbac12edf579743fcf,7584980704ae4617bb27ca162cc9c5db,5e44915237fc4445b54b037e1c4e29a4,b85d652ba8d244f8ab9e941966094f28,1c6bbf19b3d2498696a5baf0f53a0f18
4fd6e570dc5a4e03bbe54c468c9a570c,9909a671f7414c19b2727e7d4d4dcf1b,e8f18e4bdf054390a1768978dca8e430,d25e6f2fc8154dd7816f8f7a41bee12b,d445ccdb4cda497e9f0343a3298022d2,0e28ed072d6c444aa6f02e64955b44c6,191b01e1728e4583a8ead5a86db27370,77c8b175ca9d411b8d28d1ed0dc40304,772cb9726861451d9972604da6f65c55,b2992fe473124dd0b895cf81f59f6db6,b3209c60460a437294e2b30a9e9d3f53
af888c70b0554578b1511b9ccc3a13af,e8f18e4bdf054390a1768978dca8e430,9909a671f7414c19b2727e7d4d4dcf1b,d445ccdb4cda497e9f0343a3298022d2,08ecf89bc10942a4bd894482f6fcdfa7,d25e6f2fc8154dd7816f8f7a41bee12b,64fc9fe3c8d5424ebc005e5cf4a608db,772cb9726861451d9972604da6f65c55,7d6cdff8c9ac434196df803628fe9f62,189a3b686ad14c24b5e1a495f76dd239,77c8b175ca9d411b8d28d1ed0dc40304
47b057e77a1148e08d82607a8ba8b64b,e8f18e4bdf054390a1768978dca8e430,9909a671f7414c19b2727e7d4d4dcf1b,08ecf89bc10942a4bd894482f6fcdfa7,d25e6f2fc8154dd7816f8f7a41bee12b,d445ccdb4cda497e9f0343a3298022d2,384b14b18c3c43b1a4dc1aa2f661e076,eff24b01b2f5428baa4c3fef6cb40d41,64fc9fe3c8d5424ebc005e5cf4a608db,7862a63720b34104abf5bfa44bc8178d,3f1c2bb09c4e4400b6ba19542fafce18
d004772f2bcb4290817f8a5eaf8e089e,9909a671f7414c19b2727e7d4d4dcf1b,e8f18e4bdf054390a1768978dca8e430,d25e6f2fc8154dd7816f8f7a41bee12b,189a3b686ad14c24b5e1a495f76dd239,b2992fe473124dd0b895cf81f59f6db6,0e28ed072d6c444aa6f02e64955b44c6,77c8b175ca9d411b8d28d1ed0dc40304,bc607fd6000b43108e49b3d05688fe90,31cf7db26a3249c5a6205b005662ddcf,772cb9726861451d9972604da6f65c55
c5cd895ffe7143f7b76b9704dd73a0e1,e8c8742459dc48a49080bf0e5b3fdee0,27a67d3e76814297aebf64e03d14c336,c2a665cec90e46db8d2a74389beb4649,52f20bd7eb50430c95f0916727880a1b,b3f8b4bec0164d0e81997b4f5a277e8f,5be48a6bc26044f2a2e4e9b6a223c319,b44645c11ece4326a45f50fdc5d45dcf,64fc9fe3c8d5424ebc005e5cf4a608db,7ab9086baf99475d8c93862a7dd36344,ca5add3cbf044a95a5bec88a5841ce98
4fdf4fbcd0c942659a768bc44c26e36b,27a67d3e76814297aebf64e03d14c336,e8c8742459dc48a49080bf0e5b3fdee0,c2a665cec90e46db8d2a74389beb4649,b3f8b4bec0164d0e81997b4f5a277e8f,52f20bd7eb50430c95f0916727880a1b,5be48a6bc26044f2a2e4e9b6a223c319,da61e0de396149208c9ebd0fd6d7415d,9bf3b77eb9874f5f9e006a9cff111ea9,7c1126d46a934db6b951d1e98feae327,b44645c11ece4326a45f50fdc5d45dcf
e713b8481db84ce48754efe4036cb367,27a67d3e76814297aebf64e03d14c336,e8c8742459dc48a49080bf0e5b3fdee0,c2a665cec90e46db8d2a74389beb4649,b3f8b4bec0164d0e81997b4f5a277e8f,52f20bd7eb50430c95f0916727880a1b,5be48a6bc26044f2a2e4e9b6a223c319,da61e0de396149208c9ebd0fd6d7415d,7c1126d46a934db6b951d1e98feae327,9bf3b77eb9874f5f9e006a9cff111ea9,b44645c11ece4326a45f50fdc5d45dcf
2c6a9ad5618343c3af68eb2b03c705ca,4c293487c809486585d65ed10b2cb1e4,67984873125e4a0f9562179c906d1b0f,e2769c67dadd4c988f7ccf249a998a56,a2612682d9854a30a7684c91c8619ec9,5c644b51b1394a7b8fa0a9a6275c422d,3b37a4c34b6e4ca89a04da864e141422,5c09482fc8dc45bdbf7919f00dd540e0,5c8a8b7a59c54b9aa7b7136fd91b5869,86f59bd78b424260b0cf356f2f9ae734,bb84a4cf60c84a8d8e23276b1863d293
a140cb170b604376817a046b5c07af44,67984873125e4a0f9562179c906d1b0f,4c293487c809486585d65ed10b2cb1e4,5c644b51b1394a7b8fa0a9a6275c422d,e2769c67dadd4c988f7ccf249a998a56,a2612682d9854a30a7684c91c8619ec9,3b37a4c34b6e4ca89a04da864e141422,db69f22fe72246ea85d33991961a649a,8fca2e4873e946f7a788af2b846cebd7,0a2c24dead204be9ae36be358e1223f9,5a9a716f53364389864a4018d9e9c6c0
0b381fa026434777872d3b9ac3c227cd,e2769c67dadd4c988f7ccf249a998a56,51c6049a18b84ee381d0512e40b67c0e,6b4676aba2a746b3ab778315afc8ee82,66cba49431224a3788f914d6a80165e1,67984873125e4a0f9562179c906d1b0f,4c293487c809486585d65ed10b2cb1e4,2c82919b038847fabbf5d13ca5ac55a7,a2612682d9854a30a7684c91c8619ec9,5c644b51b1394a7b8fa0a9a6275c422d,86f59bd78b424260b0cf356f2f9ae734
125d9c4bb335433bb1a04d677002207c,664da77d25e74df693eaad44a5e7617f,59e4dcf2794943b18fb902a6eb475ff8,03df72bcf3504272a27f4bbaea89118a,db2466dc7da64ac5a2a21c20ace67856,016e634d566b49c199d07357aae9bf33,b5f237fefb38465bb6a068c9cf75ba31,4385ac4645b34f3c8a44c4676ebcd8be,baf841bad27c456c9de7227555ea3ef8,31f80e4c87164e2893375ec7e73b372e,291130c42a884be2800e026bab5ddf53
dc06b2fc4efd4a42ae957e86afc762c4,59e4dcf2794943b18fb902a6eb475ff8,664da77d25e74df693eaad44a5e7617f,03df72bcf3504272a27f4bbaea89118a,5cf392f15360460bae6a6b0182bb99b9,b85d652ba8d244f8ab9e941966094f28,31f80e4c87164e2893375ec7e73b372e,211ef3181e524685866fb8574d9bf456,db2466dc7da64ac5a2a21c20ace67856,3c0f3b44c0844df49b5898406fe9195a,b5f237fefb38465bb6a068c9cf75ba31
ee46cf904fbc4ddfae1da60297817b48,03df72bcf3504272a27f4bbaea89118a,59e4dcf2794943b18fb902a6eb475ff8,664da77d25e74df693eaad44a5e7617f,016e634d566b49c199d07357aae9bf33,67dd23cfd20f46dc82acc82c108a1dc6,211ef3181e524685866fb8574d9bf456,f6061b71031b4ddb9384f86c103690a4,3f28365e18244eb28cc7d23de8895956,52f20bd7eb50430c95f0916727880a1b,5cf392f15360460bae6a6b0182bb99b9
2d078fc2891f4628914aa44ba8603a04,59e4dcf2794943b18fb902a6eb475ff8,664da77d25e74df693eaad44a5e7617f,03df72bcf3504272a27f4bbaea89118a,5cf392f15360460bae6a6b0182bb99b9,b85d652ba8d244f8ab9e941966094f28,31f80e4c87164e2893375ec7e73b372e,db2466dc7da64ac5a2a21c20ace67856,3c0f3b44c0844df49b5898406fe9195a,b5f237fefb38465bb6a068c9cf75ba31,b44645c11ece4326a45f50fdc5d45dcf
e394d55c1e79420f832b2aabb8a96d39,03df72bcf3504272a27f4bbaea89118a,59e4dcf2794943b18fb902a6eb475ff8,664da77d25e74df693eaad44a5e7617f,016e634d566b49c199d07357aae9bf33,67dd23cfd20f46dc82acc82c108a1dc6,211ef3181e524685866fb8574d9bf456,f6061b71031b4ddb9384f86c103690a4,5cf392f15360460bae6a6b0182bb99b9,aedd476072b345e9be46ebd7260e93a6,d2a03ea4b2d3439ca3dc6fe056ab0f04
946d71a18f264ed887f55c1a9a2ffc4d,26b18153216b48d793b75598ddb54d77,4a7fa5a1bafe4b6995e2920444ac07c4,7d6122daabe442ffb5e57ece1882e714,7bbe3c76bcc04d73969f920d43fcc67d,1f9cd7f2b7a14e2f8d490a104a56edcd,e88ce4cd350f43398a5c0ab8629cee72,02a3cd76ce534d188b4d5ac4778bd652,8c7c9eaae41a44a3a4ebe39ce167d300,e96fae6d607246b18b8494aabe521036,b4dadb3ea3a04cc3932094471debce13
e89b67fc618f4ccc84877eb31c645e09,26b18153216b48d793b75598ddb54d77,4a7fa5a1bafe4b6995e2920444ac07c4,7d6122daabe442ffb5e57ece1882e714,7bbe3c76bcc04d73969f920d43fcc67d,1f9cd7f2b7a14e2f8d490a104a56edcd,02a3cd76ce534d188b4d5ac4778bd652,8c7c9eaae41a44a3a4ebe39ce167d300,e88ce4cd350f43398a5c0ab8629cee72,b4dadb3ea3a04cc3932094471debce13,e96fae6d607246b18b8494aabe521036
bc267c43ca1f44febd9e7093727ef543,4a7fa5a1bafe4b6995e2920444ac07c4,26b18153216b48d793b75598ddb54d77,e88ce4cd350f43398a5c0ab8629cee72,b4dadb3ea3a04cc3932094471debce13,7bbe3c76bcc04d73969f920d43fcc67d,7d6122daabe442ffb5e57ece1882e714,14f4db886cca4104877ac7d1d7a64133,88353d1136d24836816b073de62e5f50,1f9cd7f2b7a14e2f8d490a104a56edcd,8c7c9eaae41a44a3a4ebe39ce167d300
01ac8202a1f44b648edeaa48d9b3be1c,4a7fa5a1bafe4b6995e2920444ac07c4,26b18153216b48d793b75598ddb54d77,b4dadb3ea3a04cc3932094471debce13,e88ce4cd350f43398a5c0ab8629cee72,14f4db886cca4104877ac7d1d7a64133,88353d1136d24836816b073de62e5f50,7bbe3c76bcc04d73969f920d43fcc67d,25afb6f7e9314af09008644bca5955b9,8c7c9eaae41a44a3a4ebe39ce167d300,19098957d8c24cab95daa30c2baefd8f
3f6590287d024cde9a430ca74bf005c7,8a464aa9e2ee45d0abc7ae6181cd1bda,14ca42308d3141fba50b774042144343,2939ef012c5c4a1b94b49df9469dfb3c,8c674a7b65e24114a45dd3c861a7ccfc,cb32ec9a538a4c0f8462771946ced93b,cf290994a83e4909aec30077477b9d04,1a0ac2d40cb04ca993e1db68d787728a,c24e3823376b436c8eb46eaeebbc7718,b425f33c33ad4be89a12da266d131a86,f65b6fb5b40a49d1896de7a115469d40
c293e0f7c0da40049992e9ce791370db,2939ef012c5c4a1b94b49df9469dfb3c,189a3b686ad14c24b5e1a495f76dd239,8a464aa9e2ee45d0abc7ae6181cd1bda,8c674a7b65e24114a45dd3c861a7ccfc,b6c493a3666c4db193e86c79faf099ab,772cb9726861451d9972604da6f65c55,f65b6fb5b40a49d1896de7a115469d40,77c8b175ca9d411b8d28d1ed0dc40304,de72d25d08da4b03ac6f6411ce30e07c,4385ac4645b34f3c8a44c4676ebcd8be
30cf83c6a107496a894c8ee50f9b6941,2939ef012c5c4a1b94b49df9469dfb3c,189a3b686ad14c24b5e1a495f76dd239,8a464aa9e2ee45d0abc7ae6181cd1bda,de72d25d08da4b03ac6f6411ce30e07c,8c674a7b65e24114a45dd3c861a7ccfc,41047823f2cb4194ba1e0709443c719a,772cb9726861451d9972604da6f65c55,b6c493a3666c4db193e86c79faf099ab,77c8b175ca9d411b8d28d1ed0dc40304,4385ac4645b34f3c8a44c4676ebcd8be
0cf92dcb9bc94f0697e76d4ccdd96aea,8a464aa9e2ee45d0abc7ae6181cd1bda,14ca42308d3141fba50b774042144343,2939ef012c5c4a1b94b49df9469dfb3c,8c674a7b65e24114a45dd3c861a7ccfc,cf290994a83e4909aec30077477b9d04,cb32ec9a538a4c0f8462771946ced93b,1a0ac2d40cb04ca993e1db68d787728a,f65b6fb5b40a49d1896de7a115469d40,50aa0f56e00d4c23ac78b3e63bc0f0e1,c24e3823376b436c8eb46eaeebbc7718
0defb2dd1f4e42b8867d78c68c45bf69,14ca42308d3141fba50b774042144343,8a464aa9e2ee45d0abc7ae6181cd1bda,b425f33c33ad4be89a12da266d131a86,66f4c650b7ca48f1bc27f9daff8d312a,cb32ec9a538a4c0f8462771946ced93b,cf290994a83e4909aec30077477b9d04,8c674a7b65e24114a45dd3c861a7ccfc,1a0ac2d40cb04ca993e1db68d787728a,a70909d3ce0d4235913b5ce6a138dcce,9460474d89704a68aaa6ccb62310ae3d
7e165023b13a4ea89bb41b86336ed275,7f0b453cc8c14156802497f5cbae9d62,673aee19895b4d339ada93213d8874ac,e59dba65749140f4a1bdaf2695de2fc6,b7f5c165ea2242709a2fb71f3a3f1bcb,07d869789eda4445a1ecfe59c331db0d,d37bf09399d848df9a4d880fb097239c,4c67cc7a1ccc496db132636e3f4853a2,a8904adcdd21495f890bc614bfdbf86f,75bf181ea5dc490e95d364a5f5c7af1d,716a15d66b63424a8068da89e75733b4
bbd916e845d14857ad0f48dd4693ed85,673aee19895b4d339ada93213d8874ac,7f0b453cc8c14156802497f5cbae9d62,e59dba65749140f4a1bdaf2695de2fc6,b7f5c165ea2242709a2fb71f3a3f1bcb,00614d60b3544ba790dfd23dd53992e0,75bf181ea5dc490e95d364a5f5c7af1d,07d869789eda4445a1ecfe59c331db0d,baad022010b44fad8d8410869d909fd1,4c67cc7a1ccc496db132636e3f4853a2,11e9586d6c7a443c8025278f8ef53b6d
e74837fbb60c42a4a65d86d1568b4649,b7f5c165ea2242709a2fb71f3a3f1bcb,e59dba65749140f4a1bdaf2695de2fc6,673aee19895b4d339ada93213d8874ac,7f0b453cc8c14156802497f5cbae9d62,a8904adcdd21495f890bc614bfdbf86f,00614d60b3544ba790dfd23dd53992e0,07d869789eda4445a1ecfe59c331db0d,91f0da6d71574ababd8e868bddec9310,716a15d66b63424a8068da89e75733b4,8350ea8cd6514c2c8d7b625abe7e895b
13f2026fed26452685621e4b5e90c497,db2466dc7da64ac5a2a21c20ace67856,15b7b988bba143989cfd98d5c6c4d203,4385ac4645b34f3c8a44c4676ebcd8be,59e4dcf2794943b18fb902a6eb475ff8,baad022010b44fad8d8410869d909fd1,664da77d25e74df693eaad44a5e7617f,5e199f7727cc4910ad88dbd81ed1ec82,f9fe93fae6084350b81964d354e2130f,03df72bcf3504272a27f4bbaea89118a,11e1e3cdfe214385a2c24d0f957dde9b
a3a3c4b19635404cace83ff7b80a1679,db2466dc7da64ac5a2a21c20ace67856,15b7b988bba143989cfd98d5c6c4d203,f9fe93fae6084350b81964d354e2130f,4385ac4645b34f3c8a44c4676ebcd8be,5e199f7727cc4910ad88dbd81ed1ec82,59e4dcf2794943b18fb902a6eb475ff8,93bf0b86be094f68a9d308ca5ecfb4e3,664da77d25e74df693eaad44a5e7617f,b3f8b4bec0164d0e81997b4f5a277e8f,bc607fd6000b43108e49b3d05688fe90
72772d2296a24491b21db0cf0ffec2cc,4385ac4645b34f3c8a44c4676ebcd8be,15b7b988bba143989cfd98d5c6c4d203,db2466dc7da64ac5a2a21c20ace67856,f9fe93fae6084350b81964d354e2130f,eabdd2813a954f9aa01f0eb8212ee387,664da77d25e74df693eaad44a5e7617f,0e8487b2e6a2439b9e6623a1e2e5e19d,a055f8188384479a8bad418f7dffd9a5,3f28365e18244eb28cc7d23de8895956,d9b70c4ed8bb4fc5957ecebf102528ee
3c36c01d06db430891436e7338519629,4385ac4645b34f3c8a44c4676ebcd8be,15b7b988bba143989cfd98d5c6c4d203,db2466dc7da64ac5a2a21c20ace67856,f9fe93fae6084350b81964d354e2130f,eabdd2813a954f9aa01f0eb8212ee387,0e8487b2e6a2439b9e6623a1e2e5e19d,3f28365e18244eb28cc7d23de8895956,664da77d25e74df693eaad44a5e7617f,a055f8188384479a8bad418f7dffd9a5,52f20bd7eb50430c95f0916727880a1b
27f5e7c9028741ea99cbf424d87b7f8f,15b7b988bba143989cfd98d5c6c4d203,4385ac4645b34f3c8a44c4676ebcd8be,db2466dc7da64ac5a2a21c20ace67856,a055f8188384479a8bad418f7dffd9a5,f6061b71031b4ddb9384f86c103690a4,baad022010b44fad8d8410869d909fd1,ba8d0208e32e42969bd4349cf24f6ed1,da14e9dc2c3d4963b725de8102de5028,5be48a6bc26044f2a2e4e9b6a223c319,291130c42a884be2800e026bab5ddf53
1ff1f628d46c4fffbf9a44323220d682,b2bcb4d9456c4763a0159ffd1f3660bb,cb2505b30d8a4dc086c353cf94424b6d,71c1a8479b194efca65b44fb7f327afb,77ce0587a12b46bab8814225ba86753e,d8b3ad3b5c4e474db41a671ab286424f,feb980ae999948ce9be0266b4ddc048d,7d3d751215194e649a03457226f599d7,0433768f874042a5b2d2e37ad9deae13,f32f4607b4714e378831f924c5e6084d,e4e12f4711fd41e39075e26cc274df45
d12ab20387aa452093121c89f55faef6,cb2505b30d8a4dc086c353cf94424b6d,b2bcb4d9456c4763a0159ffd1f3660bb,77ce0587a12b46bab8814225ba86753e,71c1a8479b194efca65b44fb7f327afb,feb980ae999948ce9be0266b4ddc048d,e0d8aee46b1d4d998858cd05027251b6,e4e12f4711fd41e39075e26cc274df45,70aa10580bfe4069bdaa5721ae2d29db,0433768f874042a5b2d2e37ad9deae13,7d3d751215194e649a03457226f599d7
cf7d4b9d3c9c4789b84574f7294511e4,b2bcb4d9456c4763a0159ffd1f3660bb,cb2505b30d8a4dc086c353cf94424b6d,77ce0587a12b46bab8814225ba86753e,71c1a8479b194efca65b44fb7f327afb,0433768f874042a5b2d2e37ad9deae13,7d3d751215194e649a03457226f599d7,feb980ae999948ce9be0266b4ddc048d,f32f4607b4714e378831f924c5e6084d,8c7c9eaae41a44a3a4ebe39ce167d300,e59dba65749140f4a1bdaf2695de2fc6
ebadbbba9888428c97cd7f6f9d614d2b,cb2505b30d8a4dc086c353cf94424b6d,b2bcb4d9456c4763a0159ffd1f3660bb,77ce0587a12b46bab8814225ba86753e,71c1a8479b194efca65b44fb7f327afb,feb980ae999948ce9be0266b4ddc048d,7d3d751215194e649a03457226f599d7,e4e12f4711fd41e39075e26cc274df45,70aa10580bfe4069bdaa5721ae2d29db,097f2ce3b88c4d008488b9908076497e,e59dba65749140f4a1bdaf2695de2fc6
3ef127b149d24d42a5b4d73a369daeba,8fdee0611965465eb45387b8c39f4136,059a284910e849efbbc7073b8681409f,eeca68825e2a4bbdaa5ae962998fc33b,b585a2970e9f421da236241f603883f2,8683a3ad55d84a78834fabe20cde5269,3aa003c1e31b476e999c3a808a1d5dc6,249c2d8d8d2345c6990b3c4d94385b5a,d658e3a743af41899183fecff6b2628d,86179aff3df24ff59b11e9a34974a3f4,78809cb3c6b841a9b8b132133dd6bb96
86cc05a71e4440cba336690dfa0149ac,8fdee0611965465eb45387b8c39f4136,059a284910e849efbbc7073b8681409f,b585a2970e9f421da236241f603883f2,8683a3ad55d84a78834fabe20cde5269,eeca68825e2a4bbdaa5ae962998fc33b,78809cb3c6b841a9b8b132133dd6bb96,249c2d8d8d2345c6990b3c4d94385b5a,d658e3a743af41899183fecff6b2628d,3aa003c1e31b476e999c3a808a1d5dc6,3d3e8565d2f84e0cad5ae622f2909765
dda93eeaef8c4891aa99f6851955606e,3aa003c1e31b476e999c3a808a1d5dc6,65e30dd62cfa4dccb9ea4d908a9d6fab,78809cb3c6b841a9b8b132133dd6bb96,059a284910e849efbbc7073b8681409f,556743bab70d4b75bafcf192fef95b16,84ff5144597241bba5cbd3d0b21d220d,3c72832689d8406996e80893b719b974,521004289ebc4e6da6623381d40a5e73,eeca68825e2a4bbdaa5ae962998fc33b,39a08a87897f47d3bdbbdc5ed8c9cd7f
1c7e49f7fcc1484593f48dc107e63996,65e30dd62cfa4dccb9ea4d908a9d6fab,3aa003c1e31b476e999c3a808a1d5dc6,78809cb3c6b841a9b8b132133dd6bb96,d716ea165223433a8d49b93e96989482,b6c493a3666c4db193e86c79faf099ab,84ff5144597241bba5cbd3d0b21d220d,556743bab70d4b75bafcf192fef95b16,6d3b4c95066e4dd8a6ad1c66b1c1ea4f,4e4495962a9b4864882397042f1a2b3e,361f2b7f3f044907b3a331872fb18755
01b3be2b5b2f4891ad053f74f427514b,3aa003c1e31b476e999c3a808a1d5dc6,65e30dd62cfa4dccb9ea4d908a9d6fab,78809cb3c6b841a9b8b132133dd6bb96,84ff5144597241bba5cbd3d0b21d220d,059a284910e849efbbc7073b8681409f,3c72832689d8406996e80893b719b974,556743bab70d4b75bafcf192fef95b16,521004289ebc4e6da6623381d40a5e73,be70e49b76c24527b4fddfb6b78b6d8d,eeca68825e2a4bbdaa5ae962998fc33b
6da229c88f574b79a9aa35557565a86e,4230775a9d51448396cacb9061f0e5f9,afac6ae28fac41dabae96696990c5555,fc70a4c2c4834e0eba1a14470f563b03,bb6ecabbce1b43d997d00d7acdc95193,716a15d66b63424a8068da89e75733b4,1c6bbf19b3d2498696a5baf0f53a0f18,fe363cef357840fcb35f320fe7c27e4e,8c5f38853679436ba434b6a696e43168,a8904adcdd21495f890bc614bfdbf86f,eeb3b60f34af40de850e065b475d8180
692f47ec6a394c83acb7708bfd6c7c96,fc70a4c2c4834e0eba1a14470f563b03,8c5f38853679436ba434b6a696e43168,4230775a9d51448396cacb9061f0e5f9,716a15d66b63424a8068da89e75733b4,a8904adcdd21495f890bc614bfdbf86f,fe363cef357840fcb35f320fe7c27e4e,b01fd4d037a84a7aa777e1fc345c73c5,8ad1f345ca194b29bde0a924f27b2de5,91f0da6d71574ababd8e868bddec9310,cf290994a83e4909aec30077477b9d04
f880dd7555534b77bb131f2d6fa4ab37,4230775a9d51448396cacb9061f0e5f9,afac6ae28fac41dabae96696990c5555,fc70a4c2c4834e0eba1a14470f563b03,bb6ecabbce1b43d997d00d7acdc95193,716a15d66b63424a8068da89e75733b4,fe363cef357840fcb35f320fe7c27e4e,1c6bbf19b3d2498696a5baf0f53a0f18,8c5f38853679436ba434b6a696e43168,8ad1f345ca194b29bde0a924f27b2de5,eeb3b60f34af40de850e065b475d8180
fc88a18e8b6343d3a58e4aab7a84620b,fc70a4c2c4834e0eba1a14470f563b03,8c5f38853679436ba434b6a696e43168,4230775a9d51448396cacb9061f0e5f9,716a15d66b63424a8068da89e75733b4,a8904adcdd21495f890bc614bfdbf86f,b01fd4d037a84a7aa777e1fc345c73c5,887e323cc38f4cf8adc5970617f1c286,fe363cef357840fcb35f320fe7c27e4e,91f0da6d71574ababd8e868bddec9310,8ad1f345ca194b29bde0a924f27b2de5
b715f62fa2f14ddeb98cb30d9c54339d,3b7d56c26da14b3a9b1cd52b5b35891b,1004b33e3126472faa78e1929ed974e6,9ffa09a2b9bd4da0ba98fc537ca68802,9aca522158f443fd8a9caaec38ae5e2c,f2077addeb6142c8b3540916522126e8,0228b1e9e3244da3a727930123ba7bda,022e16490d1949b9ab2fc1de5a837031,c5486d5e31084ee797da0ebdacb17abc,7c061d36393540b49e20d98086bdb5bd,3675c688960a4f3b9f82c4ccf4049e93
07cc561ef3f04e93a701b6919ee81175,0228b1e9e3244da3a727930123ba7bda,9aca522158f443fd8a9caaec38ae5e2c,9ffa09a2b9bd4da0ba98fc537ca68802,1004b33e3126472faa78e1929ed974e6,f2077addeb6142c8b3540916522126e8,c5486d5e31084ee797da0ebdacb17abc,3b7d56c26da14b3a9b1cd52b5b35891b,7c061d36393540b49e20d98086bdb5bd,022e16490d1949b9ab2fc1de5a837031,133bfbe9a7c741fcb638ecf1b0088213
cb80f73ab9454fa798342057923edd40,3b7d56c26da14b3a9b1cd52b5b35891b,1004b33e3126472faa78e1929ed974e6,9aca522158f443fd8a9caaec38ae5e2c,9ffa09a2b9bd4da0ba98fc537ca68802,f2077addeb6142c8b3540916522126e8,0228b1e9e3244da3a727930123ba7bda,c5486d5e31084ee797da0ebdacb17abc,022e16490d1949b9ab2fc1de5a837031,7c061d36393540b49e20d98086bdb5bd,3675c688960a4f3b9f82c4ccf4049e93
c7fdef440d9345c6b34634ef46754490,415641aa43724ed9bc4710302b77edc3,f4b7e6e902e344859cb041126b69ce3c,be9e713988ba4bbba869885cad419259,11e9586d6c7a443c8025278f8ef53b6d,4c67cc7a1ccc496db132636e3f4853a2,ae3f42d57b3046a3821026173286a43e,8c674a7b65e24114a45dd3c861a7ccfc,a7077a82d2c74518b96fb45e35f6e150,714e47cd21e5416f864a4bc938850a72,4230775a9d51448396cacb9061f0e5f9
f94bc288e76b4781b013d419ca5295b2,f4b7e6e902e344859cb041126b69ce3c,415641aa43724ed9bc4710302b77edc3,11e9586d6c7a443c8025278f8ef53b6d,a7077a82d2c74518b96fb45e35f6e150,4c67cc7a1ccc496db132636e3f4853a2,75bf181ea5dc490e95d364a5f5c7af1d,0e8487b2e6a2439b9e6623a1e2e5e19d,ae3f42d57b3046a3821026173286a43e,714e47cd21e5416f864a4bc938850a72,8c674a7b65e24114a45dd3c861a7ccfc
c6a1eb4b8cc74dc0a3d818ef10b1b04e,415641aa43724ed9bc4710302b77edc3,f4b7e6e902e344859cb041126b69ce3c,be9e713988ba4bbba869885cad419259,11e9586d6c7a443c8025278f8ef53b6d,4c67cc7a1ccc496db132636e3f4853a2,ae3f42d57b3046a3821026173286a43e,a7077a82d2c74518b96fb45e35f6e150,714e47cd21e5416f864a4bc938850a72,3f28365e18244eb28cc7d23de8895956,0e8487b2e6a2439b9e6623a1e2e5e19d
f34c07d2f2ad4b4fb027ab3f4c68bffd,f4b7e6e902e344859cb041126b69ce3c,415641aa43724ed9bc4710302b77edc3,11e9586d6c7a443c8025278f8ef53b6d,a7077a82d2c74518b96fb45e35f6e150,4c67cc7a1ccc496db132636e3f4853a2,0e8487b2e6a2439b9e6623a1e2e5e19d,714e47cd21e5416f864a4bc938850a72,be9e713988ba4bbba869885cad419259,8c674a7b65e24114a45dd3c861a7ccfc,ae3f42d57b3046a3821026173286a43e
bd6f2e8af94548da8676de16a6853e69,d87e5facd03b45f9829e8a1cd0fe0190,0568345606fa4a2c84ed4ea6c74639ee,61d2391e8bc548b6bfa08f1ef2a0c47a,fb8c2b83e46441c2aaa7c81d3642e2da,02e1d712f37e428c998f72e7a7eeb1e6,c14e45f5201b4038bdddddb238d888a3,db0c3a952e454b90aa4a68feb6a50e87,530b37164090408dbab4e6da51111b8a,f32f4607b4714e378831f924c5e6084d,250d411ae270441085be3501b7b55d86
af596599aa804ad2bbe10c2ddf0b3e34,d87e5facd03b45f9829e8a1cd0fe0190,0568345606fa4a2c84ed4ea6c74639ee,61d2391e8bc548b6bfa08f1ef2a0c47a,530b37164090408dbab4e6da51111b8a,250d411ae270441085be3501b7b55d86,db0c3a952e454b90aa4a68feb6a50e87,c14e45f5201b4038bdddddb238d888a3,02e1d712f37e428c998f72e7a7eeb1e6,65e52d14d4d64d4fbad3de6ad319e745,f32f4607b4714e378831f924c5e6084d
680120b1438b42a3acd998a7e00f02ef,d87e5facd03b45f9829e8a1cd0fe0190,0568345606fa4a2c84ed4ea6c74639ee,61d2391e8bc548b6bfa08f1ef2a0c47a,db0c3a952e454b90aa4a68feb6a50e87,c14e45f5201b4038bdddddb238d888a3,250d411ae270441085be3501b7b55d86,f32f4607b4714e378831f924c5e6084d,fb8c2b83e46441c2aaa7c81d3642e2da,99830b8da7c24f909914f7bb167f3ea6,b69c17a10a55494d8caa56c33e8f4a56
5d17356d82d74aa3a6e6f979ef1796fd,d87e5facd03b45f9829e8a1cd0fe0190,0568345606fa4a2c84ed4ea6c74639ee,61d2391e8bc548b6bfa08f1ef2a0c47a,db0c3a952e454b90aa4a68feb6a50e87,f32f4607b4714e378831f924c5e6084d,250d411ae270441085be3501b7b55d86,fb8c2b83e46441c2aaa7c81d3642e2da,c14e45f5201b4038bdddddb238d888a3,b69c17a10a55494d8caa56c33e8f4a56,da61e0de396149208c9ebd0fd6d7415d
6b3c7ce1b5524d3e98acc2312a661188,d7618b61a65a4bc1a0d0f2cc1bddc448,a8904adcdd21495f890bc614bfdbf86f,afac6ae28fac41dabae96696990c5555,716a15d66b63424a8068da89e75733b4,b01fd4d037a84a7aa777e1fc345c73c5,af648fa7ac6c4c50a246de470329cd83,13aca0959cc948cabeee0d7255f55a65,75bf181ea5dc490e95d364a5f5c7af1d,36472797459c462e910846109fa624fc,11e9586d6c7a443c8025278f8ef53b6d
d31bba63f0c74cfd9135ddb2ec58f186,716a15d66b63424a8068da89e75733b4,a8904adcdd21495f890bc614bfdbf86f,b01fd4d037a84a7aa777e1fc345c73c5,d7618b61a65a4bc1a0d0f2cc1bddc448,8c5f38853679436ba434b6a696e43168,d37bf09399d848df9a4d880fb097239c,fc70a4c2c4834e0eba1a14470f563b03,afac6ae28fac41dabae96696990c5555,91f0da6d71574ababd8e868bddec9310,fe363cef357840fcb35f320fe7c27e4e
908351dacb5c427f88bd9aa375503388,b64cef9df31c4e92a7b7ecd42f74f396,76e41369a6794714a9fab6968839bfe6,7879fa4d4db046a2a8d195311b6e5789,bb84a4cf60c84a8d8e23276b1863d293,d2a03ea4b2d3439ca3dc6fe056ab0f04,e2769c67dadd4c988f7ccf249a998a56,a2612682d9854a30a7684c91c8619ec9,5c09482fc8dc45bdbf7919f00dd540e0,ca544e6629b14e8fab5f7cb40d1ac88e,5c644b51b1394a7b8fa0a9a6275c422d
33683cdbfab14a3f8b56e5f75d2b3d00,76e41369a6794714a9fab6968839bfe6,b64cef9df31c4e92a7b7ecd42f74f396,7879fa4d4db046a2a8d195311b6e5789,bb84a4cf60c84a8d8e23276b1863d293,6b4676aba2a746b3ab778315afc8ee82,66cba49431224a3788f914d6a80165e1,44f41e6e6faa4facb0bb9a72205229f8,5f65785004054c67a618fe43b6a30f56,ee89670285c74e27aa174dadf39fbca7,595e438d2b394bb3a3259f47efd37ae8
cbb9562935ed4ec7b4fbd9c04a1c17c3,76e41369a6794714a9fab6968839bfe6,b64cef9df31c4e92a7b7ecd42f74f396,bb84a4cf60c84a8d8e23276b1863d293,7879fa4d4db046a2a8d195311b6e5789,44f41e6e6faa4facb0bb9a72205229f8,6b4676aba2a746b3ab778315afc8ee82,7e17bbd109dc486c8f0a76f913782180,04d24d1cf42b4f7787d8d300cbad6d50,ee89670285c74e27aa174dadf39fbca7,ad3d372fbf054ea1ad06cfcb7490df4b
2093ec4e54224ee59a6b3df761f52ad4,b64cef9df31c4e92a7b7ecd42f74f396,76e41369a6794714a9fab6968839bfe6,bb84a4cf60c84a8d8e23276b1863d293,7879fa4d4db046a2a8d195311b6e5789,d2a03ea4b2d3439ca3dc6fe056ab0f04,761a3a01495143f0a86beac4234cae3a,716a15d66b63424a8068da89e75733b4,44f41e6e6faa4facb0bb9a72205229f8,a8904adcdd21495f890bc614bfdbf86f,ef511457ee7c490c8e10eccf6e18fef6
034598db2c774843ae5b70f89a468dd1,8c7c9eaae41a44a3a4ebe39ce167d300,b834c0b0c10b471b87ad3f11468de619,25afb6f7e9314af09008644bca5955b9,4a7fa5a1bafe4b6995e2920444ac07c4,02a3cd76ce534d188b4d5ac4778bd652,e2e0c8c96aff4c00896ac6986bbb20c2,e88ce4cd350f43398a5c0ab8629cee72,7bbe3c76bcc04d73969f920d43fcc67d,26b18153216b48d793b75598ddb54d77,50a2129b83404b94889a01f4688ebafd
e1b0c09a4b5745ba87cb45d6b31cc047,b834c0b0c10b471b87ad3f11468de619,8c7c9eaae41a44a3a4ebe39ce167d300,afac6ae28fac41dabae96696990c5555,0433768f874042a5b2d2e37ad9deae13,25afb6f7e9314af09008644bca5955b9,02a3cd76ce534d188b4d5ac4778bd652,4a7fa5a1bafe4b6995e2920444ac07c4,f92d16d3a970487094292439c3e00923,e2e0c8c96aff4c00896ac6986bbb20c2,75bf181ea5dc490e95d364a5f5c7af1d
2ee4e4c157314893ac1677408acd1e13,8c7c9eaae41a44a3a4ebe39ce167d300,b834c0b0c10b471b87ad3f11468de619,25afb6f7e9314af09008644bca5955b9,4a7fa5a1bafe4b6995e2920444ac07c4,26b18153216b48d793b75598ddb54d77,e88ce4cd350f43398a5c0ab8629cee72,e2e0c8c96aff4c00896ac6986bbb20c2,7bbe3c76bcc04d73969f920d43fcc67d,f92d16d3a970487094292439c3e00923,0433768f874042a5b2d2e37ad9deae13
d2d1bfd6b701442bac97d11e1bcdcbff,b834c0b0c10b471b87ad3f11468de619,8c7c9eaae41a44a3a4ebe39ce167d300,afac6ae28fac41dabae96696990c5555,dd36cc0867b94d55a43b82c1c9a0e95c,0433768f874042a5b2d2e37ad9deae13,02a3cd76ce534d188b4d5ac4778bd652,e2e0c8c96aff4c00896ac6986bbb20c2,f92d16d3a970487094292439c3e00923,11e9586d6c7a443c8025278f8ef53b6d,4a7fa5a1bafe4b6995e2920444ac07c4
6da4af4998924e888bc085da81c883e1,0f785440b29548e1a1968868262fd42e,39e2b00e1cbd471488cf56f31d2cec7f,097c30a7f39a4a3abf6da2ca80cad3a5,56272326c7e94e419ea8c69fb634f610,d9ac372330a4446886fa19bac0d19877,6f57d1175ad243edada61643d01fcd54,42805d29975b400ea7c570fc45ec4938,f32f4607b4714e378831f924c5e6084d,e8f18e4bdf054390a1768978dca8e430,0bd1cce9370a461089e25393086800a8
62a839f4213d46759d8133e354ae93a4,0f785440b29548e1a1968868262fd42e,39e2b00e1cbd471488cf56f31d2cec7f,097c30a7f39a4a3abf6da2ca80cad3a5,56272326c7e94e419ea8c69fb634f610,d9ac372330a4446886fa19bac0d19877,6f57d1175ad243edada61643d01fcd54,42805d29975b400ea7c570fc45ec4938,f32f4607b4714e378831f924c5e6084d,ff171f0b29974f78b0e81fee30abdd38,0bd1cce9370a461089e25393086800a8
f22180d73d204b929c77cc738c93dec8,c36ef11228124c438ed3256c9822b03d,7627d5e28ba74cbeaf9225e88a7a44cc,ca5add3cbf044a95a5bec88a5841ce98,7c1126d46a934db6b951d1e98feae327,095ac293b64a4a58b1b3d3f71453a267,503d2f067a8a4f5798b1c64b07ab0bc5,39a08a87897f47d3bdbbdc5ed8c9cd7f,eabdd2813a954f9aa01f0eb8212ee387,a055f8188384479a8bad418f7dffd9a5,d9096650c434432c871effeca9acd5c6
b43451e5261643dab9a0627813d31785,7627d5e28ba74cbeaf9225e88a7a44cc,c36ef11228124c438ed3256c9822b03d,7c1126d46a934db6b951d1e98feae327,ca5add3cbf044a95a5bec88a5841ce98,17b5eb6fab65476f827dd355b4a20a55,530b37164090408dbab4e6da51111b8a,b3f8b4bec0164d0e81997b4f5a277e8f,f5bcc6f48ed2447581b401d453039866,c3502ff31ce6459a96164c934f297562,52f20bd7eb50430c95f0916727880a1b
89b4973e66414223af70d8648086e97c,7627d5e28ba74cbeaf9225e88a7a44cc,c36ef11228124c438ed3256c9822b03d,7c1126d46a934db6b951d1e98feae327,ca5add3cbf044a95a5bec88a5841ce98,17b5eb6fab65476f827dd355b4a20a55,b3f8b4bec0164d0e81997b4f5a277e8f,530b37164090408dbab4e6da51111b8a,f5bcc6f48ed2447581b401d453039866,095ac293b64a4a58b1b3d3f71453a267,52f20bd7eb50430c95f0916727880a1b
cca9ed42ea00433984410ed65b0435fb,7c1126d46a934db6b951d1e98feae327,7627d5e28ba74cbeaf9225e88a7a44cc,f5bcc6f48ed2447581b401d453039866,da61e0de396149208c9ebd0fd6d7415d,b3f8b4bec0164d0e81997b4f5a277e8f,ca5add3cbf044a95a5bec88a5841ce98,076e2669c305401fb3afcfafdd6c79c7,c36ef11228124c438ed3256c9822b03d,c2a665cec90e46db8d2a74389beb4649,8ebbcf8e4e6f400ba1839e9d75806274
ca3ae3f2f83a4b709148933472566ca6,c36ef11228124c438ed3256c9822b03d,ca5add3cbf044a95a5bec88a5841ce98,7627d5e28ba74cbeaf9225e88a7a44cc,7c1126d46a934db6b951d1e98feae327,e8c8742459dc48a49080bf0e5b3fdee0,095ac293b64a4a58b1b3d3f71453a267,a055f8188384479a8bad418f7dffd9a5,521004289ebc4e6da6623381d40a5e73,04d24d1cf42b4f7787d8d300cbad6d50,503d2f067a8a4f5798b1c64b07ab0bc5
bc19c9d3d882406886b4dc137c8085e0,21eb9f06dd834a108d816efdf3aca8dc,e2e0c8c96aff4c00896ac6986bbb20c2,24c55bb5cd694770ba895c7401da2ba5,02a3cd76ce534d188b4d5ac4778bd652,7ef653f7e5f64e1b8bba73b9518b87b7,19098957d8c24cab95daa30c2baefd8f,5d5baf5ce88b4b529e28ab9c7c114148,b834c0b0c10b471b87ad3f11468de619,724a3f6551e74ad585bdeac9a75fd639,dd36cc0867b94d55a43b82c1c9a0e95c
77823865299d48ddbce6d7d7e199814f,02a3cd76ce534d188b4d5ac4778bd652,e2e0c8c96aff4c00896ac6986bbb20c2,21eb9f06dd834a108d816efdf3aca8dc,26869cc099c44c4a86f6043476ab4890,39a08a87897f47d3bdbbdc5ed8c9cd7f,26b18153216b48d793b75598ddb54d77,8c7c9eaae41a44a3a4ebe39ce167d300,5d5baf5ce88b4b529e28ab9c7c114148,724a3f6551e74ad585bdeac9a75fd639,19098957d8c24cab95daa30c2baefd8f
5cfbbd42352245fb9ab4e93f0e17452a,21eb9f06dd834a108d816efdf3aca8dc,02a3cd76ce534d188b4d5ac4778bd652,1e376f9d0945477983c8d851e4b2cf5e,b626eb67c2e14afeae2846bb150976f3,7d6122daabe442ffb5e57ece1882e714,fa190e42ce5a47c99bcaa76138dbc615,af532d6e5090478ba520505d5f9107f2,26b18153216b48d793b75598ddb54d77,e2e0c8c96aff4c00896ac6986bbb20c2,1f9cd7f2b7a14e2f8d490a104a56edcd
4a03d80a56a24730b633957fa5195cf5,02a3cd76ce534d188b4d5ac4778bd652,e2e0c8c96aff4c00896ac6986bbb20c2,21eb9f06dd834a108d816efdf3aca8dc,26869cc099c44c4a86f6043476ab4890,39a08a87897f47d3bdbbdc5ed8c9cd7f,5d5baf5ce88b4b529e28ab9c7c114148,dd36cc0867b94d55a43b82c1c9a0e95c,26b18153216b48d793b75598ddb54d77,6fbdacd3d8814ea2a13e81ee1ec128f2,7ef653f7e5f64e1b8bba73b9518b87b7
ca687051622e4c35823d965df0139509,e2e0c8c96aff4c00896ac6986bbb20c2,02a3cd76ce534d188b4d5ac4778bd652,21eb9f06dd834a108d816efdf3aca8dc,19098957d8c24cab95daa30c2baefd8f,8b038cd0dafd45d8b1ce75177ca3a76b,eeb3b60f34af40de850e065b475d8180,dd36cc0867b94d55a43b82c1c9a0e95c,5d5baf5ce88b4b529e28ab9c7c114148,24c55bb5cd694770ba895c7401da2ba5,3d3e8565d2f84e0cad5ae622f2909765
62cb56b35d3847a2858dee237b0a7f1e,6252aa87531748e5bac5f6c65fc87e14,f5a9583711fc4ff4a46e85c24886b234,30578712823948b086e3781343982938,2839430464164d5ba00713b42d4d96e4,19593c97fef0474dbe6051e28338f1e9,4422777ed51142a99aacf05f446cfea1,189a3b686ad14c24b5e1a495f76dd239,243dbbcdc67c42bfa6f32c47477adf6d,cb2e893276894906976593c3edcb3a5f,32aaca2a732f4272b237374d3cdeec90
ad43fc3957284bd78e7d7c9aa5ab29c0,f5a9583711fc4ff4a46e85c24886b234,6252aa87531748e5bac5f6c65fc87e14,2839430464164d5ba00713b42d4d96e4,a9d82bb43410405ca21b44a5e82e22b6,e86a0aae846a4e44bf967ab4972c977c,b00b2395b49949508fade89bb3eac98b,cc78a6c92dfe4af49c2bd93f15e4f870,19593c97fef0474dbe6051e28338f1e9,dd9e8283197b473d8ffd502561bdaaec,cb2e893276894906976593c3edcb3a5f
5871998e8d6c4a9090cdf17915017027,f5a9583711fc4ff4a46e85c24886b234,6252aa87531748e5bac5f6c65fc87e14,2839430464164d5ba00713b42d4d96e4,a9d82bb43410405ca21b44a5e82e22b6,e86a0aae846a4e44bf967ab4972c977c,cb2e893276894906976593c3edcb3a5f,b00b2395b49949508fade89bb3eac98b,19593c97fef0474dbe6051e28338f1e9,dd9e8283197b473d8ffd502561bdaaec,cc78a6c92dfe4af49c2bd93f15e4f870
102f600a8c1740ac8a06de1b28c5904e,268f8ec9f2734029a8e75857db56ccb3,78d0265d47df4f4cb7153da919763730,30f654c6e69e48888f9f42dd95ab3c77,7dd5e88dfdd24cafab2c765939757354,d87e5facd03b45f9829e8a1cd0fe0190,22d9d5ad33e947fd857c5c4a8b7dfae1,599feb1e512c43ad8c0a1845922acf78,0568345606fa4a2c84ed4ea6c74639ee,ed4449952a9e45339b76fc5f123cb917,d53fa54d5536463ab0d87648dfc5fd78
ae0903a7f3be40ce83442e458496fd29,30f654c6e69e48888f9f42dd95ab3c77,78d0265d47df4f4cb7153da919763730,7dd5e88dfdd24cafab2c765939757354,db0c3a952e454b90aa4a68feb6a50e87,22d9d5ad33e947fd857c5c4a8b7dfae1,268f8ec9f2734029a8e75857db56ccb3,ed4449952a9e45339b76fc5f123cb917,599feb1e512c43ad8c0a1845922acf78,c14e45f5201b4038bdddddb238d888a3,0568345606fa4a2c84ed4ea6c74639ee
f9be6242a66b4efabd439a28435cee95,7dd5e88dfdd24cafab2c765939757354,30f654c6e69e48888f9f42dd95ab3c77,78d0265d47df4f4cb7153da919763730,268f8ec9f2734029a8e75857db56ccb3,599feb1e512c43ad8c0a1845922acf78,79721c9bb6a54ecdb3d0a0f4011762c1,6866efc8987a4ec8b04b7abd28fb5777,c14e45f5201b4038bdddddb238d888a3,0568345606fa4a2c84ed4ea6c74639ee,02e1d712f37e428c998f72e7a7eeb1e6
10ef6812f01b471a8e48fa8e99c81735,268f8ec9f2734029a8e75857db56ccb3,78d0265d47df4f4cb7153da919763730,22d9d5ad33e947fd857c5c4a8b7dfae1,0568345606fa4a2c84ed4ea6c74639ee,7dd5e88dfdd24cafab2c765939757354,7f23e27e5652406784fdc2dea3918125,30f654c6e69e48888f9f42dd95ab3c77,b69c17a10a55494d8caa56c33e8f4a56,d87e5facd03b45f9829e8a1cd0fe0190,ed4449952a9e45339b76fc5f123cb917
fb5376db56af4ab4b8ea6d46d191ad26,225818abe99e45a0bf5b0b3ec30db76b,df5ca61304074da1bec8f536ab50baf3,b9228fdb5f0c413d81cffb51829d95c6,c756409435634fc48c643a64e73c93ce,cc243eebbb2b44a581745865a60c423a,f439b5616ba24b7f82eccfa095a0eff8,fadf133e0e684a24ac79b5fa9515bac2,6f57d1175ad243edada61643d01fcd54,0bd1cce9370a461089e25393086800a8,56272326c7e94e419ea8c69fb634f610
a0e60ab432b94ba291505c129ee405df,225818abe99e45a0bf5b0b3ec30db76b,df5ca61304074da1bec8f536ab50baf3,b9228fdb5f0c413d81cffb51829d95c6,c756409435634fc48c643a64e73c93ce,cc243eebbb2b44a581745865a60c423a,f439b5616ba24b7f82eccfa095a0eff8,fadf133e0e684a24ac79b5fa9515bac2,6f57d1175ad243edada61643d01fcd54,0bd1cce9370a461089e25393086800a8,56272326c7e94e419ea8c69fb634f610
0d29840b4f2a46659bf734b51438e6ac,cc243eebbb2b44a581745865a60c423a,f439b5616ba24b7f82eccfa095a0eff8,225818abe99e45a0bf5b0b3ec30db76b,df5ca61304074da1bec8f536ab50baf3,75efe5ddef364f49865d9bb283492b48,fadf133e0e684a24ac79b5fa9515bac2,d9ac372330a4446886fa19bac0d19877,c756409435634fc48c643a64e73c93ce,245212a659504b9b9cdbaf1ab1d040ff,5abf57d57d84440e94d0d2e2ffb37575
62865ed38c05470a8919d1070402fa6b,cc243eebbb2b44a581745865a60c423a,f439b5616ba24b7f82eccfa095a0eff8,225818abe99e45a0bf5b0b3ec30db76b,df5ca61304074da1bec8f536ab50baf3,75efe5ddef364f49865d9bb283492b48,fadf133e0e684a24ac79b5fa9515bac2,c756409435634fc48c643a64e73c93ce,d9ac372330a4446886fa19bac0d19877,245212a659504b9b9cdbaf1ab1d040ff,5abf57d57d84440e94d0d2e2ffb37575
09a6f25650ae474385eb70217f8c4843,01ffceddb5b34406a08bb982b424b3cf,e4e12f4711fd41e39075e26cc274df45,2b3ecf8be2b242f3b8a1e714390749fb,8889c114b071429cbe2418f5b0f2024b,30c71719aed84c07ae21d0eff0deed72,b277101390e1465685ef79bf3519f8d7,57bcda73abab44ee930b20cdaee9d24b,94ed54abfdc74b04b0dcb19c278e66f4,77ce0587a12b46bab8814225ba86753e,70aa10580bfe4069bdaa5721ae2d29db
86e1bd5f53b148b9a9522847363630bf,01ffceddb5b34406a08bb982b424b3cf,2b3ecf8be2b242f3b8a1e714390749fb,e4e12f4711fd41e39075e26cc274df45,30c71719aed84c07ae21d0eff0deed72,8889c114b071429cbe2418f5b0f2024b,b277101390e1465685ef79bf3519f8d7,71c1a8479b194efca65b44fb7f327afb,77ce0587a12b46bab8814225ba86753e,57bcda73abab44ee930b20cdaee9d24b,f65c7f50929f431dbf31b441d87616d0
aa561064498b402993740579853c84fc,2b3ecf8be2b242f3b8a1e714390749fb,e4e12f4711fd41e39075e26cc274df45,01ffceddb5b34406a08bb982b424b3cf,d8b3ad3b5c4e474db41a671ab286424f,06a5f0cec6ce4170a02dad0ad4c55b1c,1da8cc33bb474411ae16db0233210125,a5d5fb459a1844088e93ae557ab34afe,b277101390e1465685ef79bf3519f8d7,3c0f3b44c0844df49b5898406fe9195a,211ef3181e524685866fb8574d9bf456
de4bd1f38ae04b8da3f5f36bea97276d,e4e12f4711fd41e39075e26cc274df45,2b3ecf8be2b242f3b8a1e714390749fb,01ffceddb5b34406a08bb982b424b3cf,d8b3ad3b5c4e474db41a671ab286424f,b277101390e1465685ef79bf3519f8d7,984058b7165d4c6385bec3c94afa9fb2,23199e1859544647893a97ea365c5c83,f6207eb593394ff78e2cb35057477422,095ac293b64a4a58b1b3d3f71453a267,71c1a8479b194efca65b44fb7f327afb
3dc160c26fc64d45a5f1e9756e6b1025,04fa591263664fb0a6868552ebd3590b,0eb119aabc884795a4768c6d3e677ea1,1419b2c686f44896a0ae2a43e93b5402,50a2129b83404b94889a01f4688ebafd,655a618282cd4fa39a26f0967c033f4b,8b038cd0dafd45d8b1ce75177ca3a76b,e88ce4cd350f43398a5c0ab8629cee72,40a95697730046dcbb0d7ba1fe2109a6,19098957d8c24cab95daa30c2baefd8f,b4dadb3ea3a04cc3932094471debce13
f7cfc69b28204d1681a71216a3dafbff,0eb119aabc884795a4768c6d3e677ea1,1419b2c686f44896a0ae2a43e93b5402,50a2129b83404b94889a01f4688ebafd,04fa591263664fb0a6868552ebd3590b,655a618282cd4fa39a26f0967c033f4b,8b038cd0dafd45d8b1ce75177ca3a76b,e43d8e7bc32f406b9a692e2604f5b45a,452d645d5bf4485185e996dcec9523e5,cdd73e0289aa4e2b87cd14e6ff5bd75e,3e59b61eb70146308db2308b988b54cf
7e5d9f74b6724f59ae0911894a898253,04fa591263664fb0a6868552ebd3590b,0eb119aabc884795a4768c6d3e677ea1,1419b2c686f44896a0ae2a43e93b5402,655a618282cd4fa39a26f0967c033f4b,50a2129b83404b94889a01f4688ebafd,e88ce4cd350f43398a5c0ab8629cee72,19098957d8c24cab95daa30c2baefd8f,40a95697730046dcbb0d7ba1fe2109a6,60e87368fe334a92b57088b03cccbfc1,0daf8d5687b54d158f7f752884c42334
966a64e7651f4b2499587effd1600e97,04fa591263664fb0a6868552ebd3590b,0eb119aabc884795a4768c6d3e677ea1,1419b2c686f44896a0ae2a43e93b5402,50a2129b83404b94889a01f4688ebafd,655a618282cd4fa39a26f0967c033f4b,40a95697730046dcbb0d7ba1fe2109a6,e88ce4cd350f43398a5c0ab8629cee72,8b038cd0dafd45d8b1ce75177ca3a76b,b4dadb3ea3a04cc3932094471debce13,452d645d5bf4485185e996dcec9523e5
296a868a499d46aa93fc77f8e589c254,9452a2f21f7d4feeb2605d9b6647fc13,d5ecdd142b544edca1b16ee83a9cf908,f31e9fdffaa642ed98e91b07a30f3a8c,74644c8cc17449cf89379868e7b21398,c2b49382e2f34b1c90013236a5fbaef0,5e0a2bc284cf4002914ae4e6aaef41e8,7070715ef90743da8691dd4ad134eb0c,3e923b6e3ceb4901b77c9a18729546eb,06b7dd1b701544ac80dd7ca54ed707cf,0a2c24dead204be9ae36be358e1223f9
7b04ec5b87214c25bd25268652df3829,9452a2f21f7d4feeb2605d9b6647fc13,d5ecdd142b544edca1b16ee83a9cf908,c2b49382e2f34b1c90013236a5fbaef0,f31e9fdffaa642ed98e91b07a30f3a8c,74644c8cc17449cf89379868e7b21398,3e923b6e3ceb4901b77c9a18729546eb,5e0a2bc284cf4002914ae4e6aaef41e8,06b7dd1b701544ac80dd7ca54ed707cf,0a2c24dead204be9ae36be358e1223f9,7070715ef90743da8691dd4ad134eb0c
a03259710e6344d1b817f8dc53d9384e,9452a2f21f7d4feeb2605d9b6647fc13,d5ecdd142b544edca1b16ee83a9cf908,f31e9fdffaa642ed98e91b07a30f3a8c,74644c8cc17449cf89379868e7b21398,7070715ef90743da8691dd4ad134eb0c,c2b49382e2f34b1c90013236a5fbaef0,5e0a2bc284cf4002914ae4e6aaef41e8,06b7dd1b701544ac80dd7ca54ed707cf,3e923b6e3ceb4901b77c9a18729546eb,02641488de414b72b63f62b40200b101
0e271b22304c40fe9884c63ee1fe1668,9d09e3cd382c4d0ea0f6f50261e3e4c8,baf841bad27c456c9de7227555ea3ef8,6c51b4f57ba0415f994756e944b11cee,664da77d25e74df693eaad44a5e7617f,c66c6f1449d44728a2ef72de53dd6d5e,f2ef424352f14dda92691047ee9f15fa,7326afe68eb64b63993b3dae022c645d,3138244ae91040948d5bd6772e4075ea,eb21a4e2b7bd43efbdf0c365415e7fef,b5f237fefb38465bb6a068c9cf75ba31
43fd128c97194d88bbfe7be91fbc67ed,9d09e3cd382c4d0ea0f6f50261e3e4c8,6c51b4f57ba0415f994756e944b11cee,f1c9c5051bdd4a11a064260bbb9d6d7b,5760084aabef4d8095b2d21902151f64,f2ef424352f14dda92691047ee9f15fa,2b039224b54142d185a406b31fe01de2,a64f6232ee1e4357937008a327a63cf4,b8da01ceddcb45a491a288ddbc658e90,7226603f024c45c6a6e44b00e52e8aad,c1d504dfeded4b8bb3c07777b7c7abde
8c3f25890eab46379974ac593d629515,6c51b4f57ba0415f994756e944b11cee,9d09e3cd382c4d0ea0f6f50261e3e4c8,7d0190486da540718e4dc4ca4bd1f573,c1d504dfeded4b8bb3c07777b7c7abde,42b6af4853fc465f83ec054f8f8289a4,dee9eddb2eac41bfaf36d3279d43674a,f69bf682935e47e1b4c72d237becd13a,563043f180e54e238ad4876974e5db4c,ab57f83304bc4005998bbd6bc063fb4f,3c0f3b44c0844df49b5898406fe9195a
1dfd4a798f224e88a6b4c2980cb31c82,6c51b4f57ba0415f994756e944b11cee,9d09e3cd382c4d0ea0f6f50261e3e4c8,42b6af4853fc465f83ec054f8f8289a4,f69bf682935e47e1b4c72d237becd13a,563043f180e54e238ad4876974e5db4c,b2992fe473124dd0b895cf81f59f6db6,7d0190486da540718e4dc4ca4bd1f573,f37d285ad0de42f0b1546d0d1acfb221,dee9eddb2eac41bfaf36d3279d43674a,c1d504dfeded4b8bb3c07777b7c7abde
9174a7587e5048ec86bec7afe80e268e,e4fcd30261804b089efa940359057ba2,6fc7a2cf0684475a82f6ff9be2c8e850,c588868fc3fd4e87a7cddf1ceb00b022,e86a0aae846a4e44bf967ab4972c977c,d716ea165223433a8d49b93e96989482,dd9e8283197b473d8ffd502561bdaaec,9dd98c9126c44642a20711729f2e731e,8a464aa9e2ee45d0abc7ae6181cd1bda,d65e3a3657ae455e954b6d7221afc84c,fa190e42ce5a47c99bcaa76138dbc615
bcfc6cd4aea34c78891a701698ccb953,e4fcd30261804b089efa940359057ba2,6fc7a2cf0684475a82f6ff9be2c8e850,c588868fc3fd4e87a7cddf1ceb00b022,e86a0aae846a4e44bf967ab4972c977c,e6afe89ff7bc491193141c057083d8a8,de72d25d08da4b03ac6f6411ce30e07c,0433768f874042a5b2d2e37ad9deae13,0a61f52258f643b6a6436a1ec234e197,d9b70c4ed8bb4fc5957ecebf102528ee,a35d7304347a4f81b1ccfb086956921c
2a551336cc794909b0a09c92faf75f50,b98519f97e424c1389f5553f0869b15a,04537eabb0434eb2804d1220770b85a0,f65b6fb5b40a49d1896de7a115469d40,ef8c056ecb524439a48c881089537951,bc607fd6000b43108e49b3d05688fe90,e3854d75221c4e38879a6106bb5c1941,1e376f9d0945477983c8d851e4b2cf5e,4152360a4bea4cbbbfbe45ff3bf7f62b,44156e6482884acaaee1938e04d8b6ff,0a61f52258f643b6a6436a1ec234e197
23e5bf15809d4629abd7ff7c344b1ce0,b98519f97e424c1389f5553f0869b15a,1e376f9d0945477983c8d851e4b2cf5e,097f2ce3b88c4d008488b9908076497e,8d595c7da42545c88052e7b213b6c97c,b90d74e80c37486eaee89b6fbab13671,e3854d75221c4e38879a6106bb5c1941,d361a9e414fb41c1a605200d9cbba496,984058b7165d4c6385bec3c94afa9fb2,9c69642fab6749848e7ea7f5406a6da4,5f481b07f9734f518a14853831233b78
f2a05ceedacf47b598b2cd3dbe003966,016e634d566b49c199d07357aae9bf33,b5f237fefb38465bb6a068c9cf75ba31,03df72bcf3504272a27f4bbaea89118a,5537ddec608a4ec586ea068fa27547ca,baf841bad27c456c9de7227555ea3ef8,43ee0103cba54b4e9d165717735ca0f6,de72d25d08da4b03ac6f6411ce30e07c,5e0a2bc284cf4002914ae4e6aaef41e8,664da77d25e74df693eaad44a5e7617f,f5b766ea6abe4b5fb27d49cc3bc06020
764c5cb76dcb4650b8b0a50cac981edc,b5f237fefb38465bb6a068c9cf75ba31,016e634d566b49c199d07357aae9bf33,664da77d25e74df693eaad44a5e7617f,e3854d75221c4e38879a6106bb5c1941,59e4dcf2794943b18fb902a6eb475ff8,baf841bad27c456c9de7227555ea3ef8,02a3cd76ce534d188b4d5ac4778bd652,f532294d68604bc2aa9ad8804a8c6d5f,7ef653f7e5f64e1b8bba73b9518b87b7,39a08a87897f47d3bdbbdc5ed8c9cd7f
c50ae9cd7ac5469daf32b2a1a1d81797,b5f237fefb38465bb6a068c9cf75ba31,016e634d566b49c199d07357aae9bf33,664da77d25e74df693eaad44a5e7617f,baf841bad27c456c9de7227555ea3ef8,59e4dcf2794943b18fb902a6eb475ff8,bdb0d45caa2a4943959f8f501e51132b,cae139b6e4914ce7b0ef1e68b8b857eb,b90d74e80c37486eaee89b6fbab13671,5537ddec608a4ec586ea068fa27547ca,3138244ae91040948d5bd6772e4075ea
e9801f8810654cacbcd517b25b89767b,016e634d566b49c199d07357aae9bf33,b5f237fefb38465bb6a068c9cf75ba31,03df72bcf3504272a27f4bbaea89118a,5537ddec608a4ec586ea068fa27547ca,43ee0103cba54b4e9d165717735ca0f6,baf841bad27c456c9de7227555ea3ef8,f5b766ea6abe4b5fb27d49cc3bc06020,5e0a2bc284cf4002914ae4e6aaef41e8,664da77d25e74df693eaad44a5e7617f,de72d25d08da4b03ac6f6411ce30e07c
f3c68b7ff0f344569399a04bbff5d1da,384f94503bcd4f4c863056ad69f45b43,384b14b18c3c43b1a4dc1aa2f661e076,40a95697730046dcbb0d7ba1fe2109a6,6400e3f6a14c492ba399bd414faca075,77d8e01a914d4f4a8b87d407e0d741aa,e96fae6d607246b18b8494aabe521036,a35fecee62a9432da0c413f65e895e8c,14f4db886cca4104877ac7d1d7a64133,19098957d8c24cab95daa30c2baefd8f,e8f18e4bdf054390a1768978dca8e430
ab0c7be344d7444bb59fb3b065a71c88,384f94503bcd4f4c863056ad69f45b43,384b14b18c3c43b1a4dc1aa2f661e076,40a95697730046dcbb0d7ba1fe2109a6,e96fae6d607246b18b8494aabe521036,77d8e01a914d4f4a8b87d407e0d741aa,14f4db886cca4104877ac7d1d7a64133,50a2129b83404b94889a01f4688ebafd,a35fecee62a9432da0c413f65e895e8c,19098957d8c24cab95daa30c2baefd8f,63eab812f3254cccb9631b09725aec3d
b136a0d13d7e431a94e54f2a085d5f52,384b14b18c3c43b1a4dc1aa2f661e076,384f94503bcd4f4c863056ad69f45b43,77d8e01a914d4f4a8b87d407e0d741aa,6400e3f6a14c492ba399bd414faca075,887e323cc38f4cf8adc5970617f1c286,63eab812f3254cccb9631b09725aec3d,0e28ed072d6c444aa6f02e64955b44c6,8c5f38853679436ba434b6a696e43168,72a7e2ce22d045efbdbbab9c68f5d026,08ecf89bc10942a4bd894482f6fcdfa7
210a3e79a4a149179749cd7a5b127f63,384b14b18c3c43b1a4dc1aa2f661e076,384f94503bcd4f4c863056ad69f45b43,77d8e01a914d4f4a8b87d407e0d741aa,6400e3f6a14c492ba399bd414faca075,63eab812f3254cccb9631b09725aec3d,887e323cc38f4cf8adc5970617f1c286,e96fae6d607246b18b8494aabe521036,0e28ed072d6c444aa6f02e64955b44c6,72a7e2ce22d045efbdbbab9c68f5d026,08ecf89bc10942a4bd894482f6fcdfa7
2071beae14fe435b9e3943e22e8b430b,f6207eb593394ff78e2cb35057477422,ef8c056ecb524439a48c881089537951,bdb0d45caa2a4943959f8f501e51132b,b277101390e1465685ef79bf3519f8d7,7d3d751215194e649a03457226f599d7,8683a3ad55d84a78834fabe20cde5269,72a7e2ce22d045efbdbbab9c68f5d026,a5d5fb459a1844088e93ae557ab34afe,984058b7165d4c6385bec3c94afa9fb2,e4e12f4711fd41e39075e26cc274df45
40eb15fd325c48bea6a7988ce40cc33b,f6207eb593394ff78e2cb35057477422,ef8c056ecb524439a48c881089537951,bdb0d45caa2a4943959f8f501e51132b,b277101390e1465685ef79bf3519f8d7,72a7e2ce22d045efbdbbab9c68f5d026,7d3d751215194e649a03457226f599d7,8683a3ad55d84a78834fabe20cde5269,21eb9f06dd834a108d816efdf3aca8dc,384b14b18c3c43b1a4dc1aa2f661e076,a5d5fb459a1844088e93ae557ab34afe
7be90785152d4e01b53aa4b1f3c74097,ef8c056ecb524439a48c881089537951,f6207eb593394ff78e2cb35057477422,b585a2970e9f421da236241f603883f2,7d3d751215194e649a03457226f599d7,097f2ce3b88c4d008488b9908076497e,b277101390e1465685ef79bf3519f8d7,72a7e2ce22d045efbdbbab9c68f5d026,d8b3ad3b5c4e474db41a671ab286424f,21eb9f06dd834a108d816efdf3aca8dc,bdb0d45caa2a4943959f8f501e51132b
61e3c16563b44edb85bee0caf5de33b0,ef8c056ecb524439a48c881089537951,f6207eb593394ff78e2cb35057477422,b585a2970e9f421da236241f603883f2,7d3d751215194e649a03457226f599d7,21eb9f06dd834a108d816efdf3aca8dc,bdb0d45caa2a4943959f8f501e51132b,097f2ce3b88c4d008488b9908076497e,72a7e2ce22d045efbdbbab9c68f5d026,dd36cc0867b94d55a43b82c1c9a0e95c,b277101390e1465685ef79bf3519f8d7
79dc8e29d2a747c793ab1fe11ba6045b,43464ed6733f4642a0b90e7d995a5e40,00fb3a55134242769182c520d55681a2,cf290994a83e4909aec30077477b9d04,d756970269e9443fb9bbf645a96aa84e,1d70bc69b2f84bef9aa5fb0d9917e38d,1f3cf50fe1f947d8a56e02ebca441c4c,aa082284f9894b5aa210c179d59999b1,8a464aa9e2ee45d0abc7ae6181cd1bda,d7c9dafddaf547159d366dacf7b68a7e,fc70a4c2c4834e0eba1a14470f563b03
dfc436b508974e349cbf602bb7fe9b7a,00fb3a55134242769182c520d55681a2,43464ed6733f4642a0b90e7d995a5e40,d756970269e9443fb9bbf645a96aa84e,1f3cf50fe1f947d8a56e02ebca441c4c,0e28ed072d6c444aa6f02e64955b44c6,8c674a7b65e24114a45dd3c861a7ccfc,aa082284f9894b5aa210c179d59999b1,cf290994a83e4909aec30077477b9d04,4230775a9d51448396cacb9061f0e5f9,097f2ce3b88c4d008488b9908076497e
dcd99427d6e64ebcb3af1982854aa02c,00fb3a55134242769182c520d55681a2,43464ed6733f4642a0b90e7d995a5e40,d756970269e9443fb9bbf645a96aa84e,0e28ed072d6c444aa6f02e64955b44c6,b77d8b7bb0114c379139d280a9210e83,1f3cf50fe1f947d8a56e02ebca441c4c,aa082284f9894b5aa210c179d59999b1,f65b6fb5b40a49d1896de7a115469d40,2ece45504eff42469c104dc2a2d03caf,8a464aa9e2ee45d0abc7ae6181cd1bda
c59bf6abbde846999988749ad22b52d3,43464ed6733f4642a0b90e7d995a5e40,00fb3a55134242769182c520d55681a2,1d70bc69b2f84bef9aa5fb0d9917e38d,d756970269e9443fb9bbf645a96aa84e,aa082284f9894b5aa210c179d59999b1,cf290994a83e4909aec30077477b9d04,1f3cf50fe1f947d8a56e02ebca441c4c,5c09482fc8dc45bdbf7919f00dd540e0,fc70a4c2c4834e0eba1a14470f563b03,db620271348d404a9a0b978d96c63f29
a386f6b172a740989c390780b3b856d5,6732de8994744decbb3306c74aaa7882,3e4a54908dde405294869e30a92a7623,e88ce4cd350f43398a5c0ab8629cee72,7bbe3c76bcc04d73969f920d43fcc67d,7d6122daabe442ffb5e57ece1882e714,e43d8e7bc32f406b9a692e2604f5b45a,41047823f2cb4194ba1e0709443c719a,25afb6f7e9314af09008644bca5955b9,29088685e31a4d86b60b514e98117361,1f9cd7f2b7a14e2f8d490a104a56edcd
ad563855246b46adaf5fdeecbfdc081b,3e4a54908dde405294869e30a92a7623,6732de8994744decbb3306c74aaa7882,7d6122daabe442ffb5e57ece1882e714,e88ce4cd350f43398a5c0ab8629cee72,29088685e31a4d86b60b514e98117361,e96fae6d607246b18b8494aabe521036,1f9cd7f2b7a14e2f8d490a104a56edcd,b626eb67c2e14afeae2846bb150976f3,26b18153216b48d793b75598ddb54d77,6fbdacd3d8814ea2a13e81ee1ec128f2
0485db5bb76a491782e78c6e98f4c913,514537782f6549c488a1b932939b4128,636c21e19a5845e1b8d69a5fca928030,0f52f676197e4d4e92dec0a7bc4c4f7d,2639b6540bda414f8a9baa3b5cdb612a,5cfb876eeb4f410aa1282cc279f0e546,f69855cdf66d4f6887ecfd0ddb9014b5,35c5a560ecdc4d6a9d20f057ed1fa0e6,cf7476d6c96b4dcdb6f025b9291eb62b,26e55eb4d910464497d700bfdf5a36ca,530b37164090408dbab4e6da51111b8a
38535cc9165a4684af9a3ee208dccb9a,b2992fe473124dd0b895cf81f59f6db6,36ac84a73ad34261ad45cf569edb60af,c66c6f1449d44728a2ef72de53dd6d5e,b3f8b4bec0164d0e81997b4f5a277e8f,42b6af4853fc465f83ec054f8f8289a4,ab57f83304bc4005998bbd6bc063fb4f,6c51b4f57ba0415f994756e944b11cee,0cc5015848a044b59fa4b290813f859c,191b01e1728e4583a8ead5a86db27370,9d09e3cd382c4d0ea0f6f50261e3e4c8
7812e64c9f5a45dea8c59e366c0a1b2c,67dd23cfd20f46dc82acc82c108a1dc6,36ac84a73ad34261ad45cf569edb60af,1393dac7d34b4c34b1a8091a5bea3663,7f23e27e5652406784fdc2dea3918125,03df72bcf3504272a27f4bbaea89118a,b69c17a10a55494d8caa56c33e8f4a56,ce4fdd5499f8498793c11e586f7da70c,211ef3181e524685866fb8574d9bf456,5cf392f15360460bae6a6b0182bb99b9,f6061b71031b4ddb9384f86c103690a4
e0cdf7eb868e4cf28007a946c4dcedcd,36ac84a73ad34261ad45cf569edb60af,b2992fe473124dd0b895cf81f59f6db6,67dd23cfd20f46dc82acc82c108a1dc6,3c0f3b44c0844df49b5898406fe9195a,ac5a760b45c146ec840193371cfb2d30,0cc5015848a044b59fa4b290813f859c,5cf392f15360460bae6a6b0182bb99b9,211ef3181e524685866fb8574d9bf456,f6061b71031b4ddb9384f86c103690a4,7f23e27e5652406784fdc2dea3918125
966272e605644a9783d154f8e2038dbb,36ac84a73ad34261ad45cf569edb60af,b2992fe473124dd0b895cf81f59f6db6,67dd23cfd20f46dc82acc82c108a1dc6,3c0f3b44c0844df49b5898406fe9195a,ac5a760b45c146ec840193371cfb2d30,0cc5015848a044b59fa4b290813f859c,211ef3181e524685866fb8574d9bf456,5cf392f15360460bae6a6b0182bb99b9,f6061b71031b4ddb9384f86c103690a4,9bf3b77eb9874f5f9e006a9cff111ea9
9fd9ddafbc6c43a9982d0ef0dcbca940,b2992fe473124dd0b895cf81f59f6db6,36ac84a73ad34261ad45cf569edb60af,c66c6f1449d44728a2ef72de53dd6d5e,b3f8b4bec0164d0e81997b4f5a277e8f,42b6af4853fc465f83ec054f8f8289a4,6c51b4f57ba0415f994756e944b11cee,ab57f83304bc4005998bbd6bc063fb4f,191b01e1728e4583a8ead5a86db27370,b3209c60460a437294e2b30a9e9d3f53,9d09e3cd382c4d0ea0f6f50261e3e4c8
4aa3ef7644b6471b805cdbce95bcc6b8,6866efc8987a4ec8b04b7abd28fb5777,ccb62901750b4d13a922fc161b607f83,e12ad1ce8e7940a999b9a4f91a95fab7,d695b7afdc3841a28a56df578e56afce,f1c9c5051bdd4a11a064260bbb9d6d7b,7dd5e88dfdd24cafab2c765939757354,63eab812f3254cccb9631b09725aec3d,87fc1d6a57ea488786caaec8599c3b8b,530b37164090408dbab4e6da51111b8a,a7077a82d2c74518b96fb45e35f6e150
d19e7fd5a62e4d28bb80ac4eddf34d1c,ccb62901750b4d13a922fc161b607f83,6866efc8987a4ec8b04b7abd28fb5777,e12ad1ce8e7940a999b9a4f91a95fab7,b585a2970e9f421da236241f603883f2,87fc1d6a57ea488786caaec8599c3b8b,6ea31a945d494834a3d243f1f90af02a,797cc520b8c94d9bbef187818ab51647,44f41e6e6faa4facb0bb9a72205229f8,d695b7afdc3841a28a56df578e56afce,35c5a560ecdc4d6a9d20f057ed1fa0e6
26da5929257a4a70997444abb7ed9998,ccb62901750b4d13a922fc161b607f83,6866efc8987a4ec8b04b7abd28fb5777,e12ad1ce8e7940a999b9a4f91a95fab7,a7077a82d2c74518b96fb45e35f6e150,b585a2970e9f421da236241f603883f2,7226603f024c45c6a6e44b00e52e8aad,530b37164090408dbab4e6da51111b8a,d695b7afdc3841a28a56df578e56afce,f5bcc6f48ed2447581b401d453039866,ef8c056ecb524439a48c881089537951
9538feefe1d84c03874b872ae3f48947,6866efc8987a4ec8b04b7abd28fb5777,ccb62901750b4d13a922fc161b607f83,e12ad1ce8e7940a999b9a4f91a95fab7,d695b7afdc3841a28a56df578e56afce,f1c9c5051bdd4a11a064260bbb9d6d7b,63eab812f3254cccb9631b09725aec3d,87fc1d6a57ea488786caaec8599c3b8b,6ea31a945d494834a3d243f1f90af02a,a7077a82d2c74518b96fb45e35f6e150,797cc520b8c94d9bbef187818ab51647
03b02260fc474ab29d5d6a1398847a2a,4285b02dc9164cb9bae36b0566bb42f0,9a500a20b1ff4694acc31339a8d1349e,fe363cef357840fcb35f320fe7c27e4e,8ad1f345ca194b29bde0a924f27b2de5,93bf0b86be094f68a9d308ca5ecfb4e3,4230775a9d51448396cacb9061f0e5f9,ae3f42d57b3046a3821026173286a43e,6b7b5d28293d4a5a8075f7f7dd231ddb,75bf181ea5dc490e95d364a5f5c7af1d,b2b22c673e554db39c8acdbe42687a6d
f19622c340af46aabec5a3eebfea35fa,9a500a20b1ff4694acc31339a8d1349e,4285b02dc9164cb9bae36b0566bb42f0,93bf0b86be094f68a9d308ca5ecfb4e3,b2b22c673e554db39c8acdbe42687a6d,fe363cef357840fcb35f320fe7c27e4e,8ad1f345ca194b29bde0a924f27b2de5,1c6bbf19b3d2498696a5baf0f53a0f18,761a3a01495143f0a86beac4234cae3a,5e199f7727cc4910ad88dbd81ed1ec82,a297e08effdf4a69a6c4d79a34a0c6ad
b2c57f611c954c84ad5bc681d1798dee,4285b02dc9164cb9bae36b0566bb42f0,9a500a20b1ff4694acc31339a8d1349e,fe363cef357840fcb35f320fe7c27e4e,8ad1f345ca194b29bde0a924f27b2de5,93bf0b86be094f68a9d308ca5ecfb4e3,ae3f42d57b3046a3821026173286a43e,4230775a9d51448396cacb9061f0e5f9,75bf181ea5dc490e95d364a5f5c7af1d,b2b22c673e554db39c8acdbe42687a6d,6b7b5d28293d4a5a8075f7f7dd231ddb
98e31f0110bd4082b8a9c780c4658d5b,f439b5616ba24b7f82eccfa095a0eff8,cc243eebbb2b44a581745865a60c423a,225818abe99e45a0bf5b0b3ec30db76b,fadf133e0e684a24ac79b5fa9515bac2,c756409435634fc48c643a64e73c93ce,df5ca61304074da1bec8f536ab50baf3,56272326c7e94e419ea8c69fb634f610,d9ac372330a4446886fa19bac0d19877,245212a659504b9b9cdbaf1ab1d040ff,039a871609044cb1b69f70c082fe61d8
ba97c80ce0a5461d938b43cfdc812679,f439b5616ba24b7f82eccfa095a0eff8,cc243eebbb2b44a581745865a60c423a,225818abe99e45a0bf5b0b3ec30db76b,fadf133e0e684a24ac79b5fa9515bac2,c756409435634fc48c643a64e73c93ce,df5ca61304074da1bec8f536ab50baf3,56272326c7e94e419ea8c69fb634f610,245212a659504b9b9cdbaf1ab1d040ff,d9ac372330a4446886fa19bac0d19877,5abf57d57d84440e94d0d2e2ffb37575
eef39c9128b1421cb4e7b9c83fee0c82,df5ca61304074da1bec8f536ab50baf3,b9228fdb5f0c413d81cffb51829d95c6,225818abe99e45a0bf5b0b3ec30db76b,c756409435634fc48c643a64e73c93ce,cc243eebbb2b44a581745865a60c423a,fadf133e0e684a24ac79b5fa9515bac2,f439b5616ba24b7f82eccfa095a0eff8,590df34aa41f46e9ad13ffc6a98da3b7,6f57d1175ad243edada61643d01fcd54,7ec1584e9a5b49eab9ef249143d9bb86
8a738e1a32764f6aa0c264a4a08e2942,df5ca61304074da1bec8f536ab50baf3,b9228fdb5f0c413d81cffb51829d95c6,225818abe99e45a0bf5b0b3ec30db76b,c756409435634fc48c643a64e73c93ce,cc243eebbb2b44a581745865a60c423a,fadf133e0e684a24ac79b5fa9515bac2,f439b5616ba24b7f82eccfa095a0eff8,590df34aa41f46e9ad13ffc6a98da3b7,6f57d1175ad243edada61643d01fcd54,7ec1584e9a5b49eab9ef249143d9bb86
173559035aac478591718da5062ea4e7,5e2f1a45f7174f1aa39a194179985876,c74557a980e2428a9ffcc245278df692,7e8a4a43e2f84dbb88e41cb24b3fe79f,bc607fd6000b43108e49b3d05688fe90,e834bfbd30b247e899f0dc029ab9f072,75801225047a4c019100660c13f1e0f1,e53dd6188816429ab915de6f9649a026,c4b9d7a8d5d342459d2282589b3af293,64fc9fe3c8d5424ebc005e5cf4a608db,20297482a5014732a843c9fdafba548e
6fb705d0d2f04e52b810c48e7fc82a2e,5e2f1a45f7174f1aa39a194179985876,c74557a980e2428a9ffcc245278df692,7e8a4a43e2f84dbb88e41cb24b3fe79f,bc607fd6000b43108e49b3d05688fe90,e834bfbd30b247e899f0dc029ab9f072,75801225047a4c019100660c13f1e0f1,e53dd6188816429ab915de6f9649a026,c4b9d7a8d5d342459d2282589b3af293,e8f18e4bdf054390a1768978dca8e430,20297482a5014732a843c9fdafba548e
709e314fe2f6437097221a6c9ab0dc69,c74557a980e2428a9ffcc245278df692,5e2f1a45f7174f1aa39a194179985876,7e8a4a43e2f84dbb88e41cb24b3fe79f,bc607fd6000b43108e49b3d05688fe90,e429a2e164a24919a12edcc8d4ea8f09,64fc9fe3c8d5424ebc005e5cf4a608db,e834bfbd30b247e899f0dc029ab9f072,75801225047a4c019100660c13f1e0f1,baf841bad27c456c9de7227555ea3ef8,98b2022b2cb84af09ee8b789db928b13
f23420a6638046f4b1536f73bc2e0cb6,c74557a980e2428a9ffcc245278df692,5e2f1a45f7174f1aa39a194179985876,7e8a4a43e2f84dbb88e41cb24b3fe79f,e429a2e164a24919a12edcc8d4ea8f09,bc607fd6000b43108e49b3d05688fe90,9d09e3cd382c4d0ea0f6f50261e3e4c8,e834bfbd30b247e899f0dc029ab9f072,de6ac628a786435f9925c8cc1d707d6b,8d595c7da42545c88052e7b213b6c97c,d361a9e414fb41c1a605200d9cbba496
1d83fbe02659440394a32de73b6c18a3,e9428816b054499298745b742f128f65,d60986f4025d443ea58adba0e3d224a1,8fca2e4873e946f7a788af2b846cebd7,be42a43f5186434db4f2815f768a9991,5c8a8b7a59c54b9aa7b7136fd91b5869,1c2b01416e3943e3b3c575e53c3f1d16,18ab15fbf00f42f7a410ec75f7592bea,009be1c3430743ff9b054bdfcd6228d6,097c30a7f39a4a3abf6da2ca80cad3a5,da88fa5efc674368b593444ca950dff9
3cf470f9d76e42a68e48c748b6c793fb,d60986f4025d443ea58adba0e3d224a1,e9428816b054499298745b742f128f65,be42a43f5186434db4f2815f768a9991,1c2b01416e3943e3b3c575e53c3f1d16,18ab15fbf00f42f7a410ec75f7592bea,8fca2e4873e946f7a788af2b846cebd7,5c8a8b7a59c54b9aa7b7136fd91b5869,009be1c3430743ff9b054bdfcd6228d6,da88fa5efc674368b593444ca950dff9,68aefc97056440af874039a28497cf98
168e52d4211e47f9b447e33469c72127,d60986f4025d443ea58adba0e3d224a1,e9428816b054499298745b742f128f65,be42a43f5186434db4f2815f768a9991,1c2b01416e3943e3b3c575e53c3f1d16,18ab15fbf00f42f7a410ec75f7592bea,8fca2e4873e946f7a788af2b846cebd7,5c8a8b7a59c54b9aa7b7136fd91b5869,009be1c3430743ff9b054bdfcd6228d6,da88fa5efc674368b593444ca950dff9,68aefc97056440af874039a28497cf98
2cff6320a7ec4c2aafba5c1e3318ddee,d2bcc978e7aa49908919d9fc40138b27,655a618282cd4fa39a26f0967c033f4b,f0084465b2e646c9a53d9dc766067d9b,b0d2e6c4b2384950b3696c4414870282,e0d8aee46b1d4d998858cd05027251b6,06a5f0cec6ce4170a02dad0ad4c55b1c,1578afd6ce694d46ab6e24f965f51fd6,595e438d2b394bb3a3259f47efd37ae8,60e87368fe334a92b57088b03cccbfc1,452d645d5bf4485185e996dcec9523e5
abadadc5b9f748f59edd8d3abb4d3a01,d2bcc978e7aa49908919d9fc40138b27,655a618282cd4fa39a26f0967c033f4b,f0084465b2e646c9a53d9dc766067d9b,b0d2e6c4b2384950b3696c4414870282,e0d8aee46b1d4d998858cd05027251b6,1578afd6ce694d46ab6e24f965f51fd6,06a5f0cec6ce4170a02dad0ad4c55b1c,60e87368fe334a92b57088b03cccbfc1,595e438d2b394bb3a3259f47efd37ae8,452d645d5bf4485185e996dcec9523e5
2ea6bb0d68e4468e86828a584e75bb42,99830b8da7c24f909914f7bb167f3ea6,511fe9c8b20b4fda94969745238c9474,250d411ae270441085be3501b7b55d86,1aef014473b84ef9a0f799114fe516c9,ad054da7e1704a53931a341173f0605f,f1eecad10a61421eb16b1be7435d9c19,7960902edf4b47d686f704441aa56b0e,90b560de76b149c09c7cd6efb3f12cfd,c14e45f5201b4038bdddddb238d888a3,bc13c2b0221744a29a8ddf56aa015df9
983d22fb5ca14e8a9d33f205427d4934,511fe9c8b20b4fda94969745238c9474,99830b8da7c24f909914f7bb167f3ea6,033f1514c78b49dd82148b94f6bcbeba,250d411ae270441085be3501b7b55d86,3675c688960a4f3b9f82c4ccf4049e93,3f1c2bb09c4e4400b6ba19542fafce18,f69dcaceb6074ddebfe1dc7e5978fcff,ad054da7e1704a53931a341173f0605f,e8c8742459dc48a49080bf0e5b3fdee0,5760084aabef4d8095b2d21902151f64
c601d5a9e45b400ab8ffe8a62cc6dd5b,99830b8da7c24f909914f7bb167f3ea6,250d411ae270441085be3501b7b55d86,511fe9c8b20b4fda94969745238c9474,1aef014473b84ef9a0f799114fe516c9,c14e45f5201b4038bdddddb238d888a3,90b560de76b149c09c7cd6efb3f12cfd,ad054da7e1704a53931a341173f0605f,fb8c2b83e46441c2aaa7c81d3642e2da,7960902edf4b47d686f704441aa56b0e,f1eecad10a61421eb16b1be7435d9c19
af9775f02cb64e7a89d41bfd3138d87c,511fe9c8b20b4fda94969745238c9474,99830b8da7c24f909914f7bb167f3ea6,033f1514c78b49dd82148b94f6bcbeba,b44645c11ece4326a45f50fdc5d45dcf,250d411ae270441085be3501b7b55d86,f69dcaceb6074ddebfe1dc7e5978fcff,ad054da7e1704a53931a341173f0605f,f1eecad10a61421eb16b1be7435d9c19,a5365055a36a4ec1bf5b0ce2ef949a35,7960902edf4b47d686f704441aa56b0e
6e03c908e766447c8bca6c98861b5a60,5363ae1c905d4879a63259de4954702e,6c79712e67b54dd0a11d426a91207939,33b5e2ae5ebe4f548bac3a00ab0a59eb,295d0d40791245ff838c73a2aa27d065,0accd1d0138b49049d437c0d9b1c23c3,57bcda73abab44ee930b20cdaee9d24b,3fce01bbc56d49d39f61cba3d17648f2,40a95697730046dcbb0d7ba1fe2109a6,0ecfdd96e0054841883acba75e83b232,ff51ca928cd54f4da620c27983e221f8
44483008955a408db228e36e7af53fdc,295d0d40791245ff838c73a2aa27d065,5363ae1c905d4879a63259de4954702e,6c79712e67b54dd0a11d426a91207939,33b5e2ae5ebe4f548bac3a00ab0a59eb,d658e3a743af41899183fecff6b2628d,e735729c80d84f76a6133c065d5380f8,26869cc099c44c4a86f6043476ab4890,35c5a560ecdc4d6a9d20f057ed1fa0e6,feb980ae999948ce9be0266b4ddc048d,5cfb876eeb4f410aa1282cc279f0e546
42507e0cf2f146b4a2773c26d941610d,295d0d40791245ff838c73a2aa27d065,5363ae1c905d4879a63259de4954702e,6c79712e67b54dd0a11d426a91207939,33b5e2ae5ebe4f548bac3a00ab0a59eb,d658e3a743af41899183fecff6b2628d,521004289ebc4e6da6623381d40a5e73,0accd1d0138b49049d437c0d9b1c23c3,e735729c80d84f76a6133c065d5380f8,feb980ae999948ce9be0266b4ddc048d,57bcda73abab44ee930b20cdaee9d24b
fdd87abf600a4abaa1d0210384b5076f,5363ae1c905d4879a63259de4954702e,6c79712e67b54dd0a11d426a91207939,295d0d40791245ff838c73a2aa27d065,33b5e2ae5ebe4f548bac3a00ab0a59eb,3fce01bbc56d49d39f61cba3d17648f2,0accd1d0138b49049d437c0d9b1c23c3,2fcf4a04d3654ffb9a5c1dfa3799e4f0,57bcda73abab44ee930b20cdaee9d24b,feb980ae999948ce9be0266b4ddc048d,c713a0ca69864ee7b240069c98dc44dc
bd2ab791b5d947aebc36dd63a25b782d,f65b6fb5b40a49d1896de7a115469d40,b6c493a3666c4db193e86c79faf099ab,a70909d3ce0d4235913b5ce6a138dcce,cf290994a83e4909aec30077477b9d04,2939ef012c5c4a1b94b49df9469dfb3c,8c674a7b65e24114a45dd3c861a7ccfc,243dbbcdc67c42bfa6f32c47477adf6d,cb32ec9a538a4c0f8462771946ced93b,476ce3ffff564a5aa985808e7d2cab17,556743bab70d4b75bafcf192fef95b16
f97b6d6044f64e668c6bfa4856de6e2e,f65b6fb5b40a49d1896de7a115469d40,b6c493a3666c4db193e86c79faf099ab,a70909d3ce0d4235913b5ce6a138dcce,243dbbcdc67c42bfa6f32c47477adf6d,476ce3ffff564a5aa985808e7d2cab17,cf290994a83e4909aec30077477b9d04,2939ef012c5c4a1b94b49df9469dfb3c,8c674a7b65e24114a45dd3c861a7ccfc,556743bab70d4b75bafcf192fef95b16,1a0ac2d40cb04ca993e1db68d787728a
dbdb837b049042bcb0b995828a1463d5,a70909d3ce0d4235913b5ce6a138dcce,b425f33c33ad4be89a12da266d131a86,cb32ec9a538a4c0f8462771946ced93b,1a0ac2d40cb04ca993e1db68d787728a,29fb30a75c57451a85f310aa6423a662,73f684f538ea452cbb4fbecc2e8126a4,cf290994a83e4909aec30077477b9d04,f65b6fb5b40a49d1896de7a115469d40,8c674a7b65e24114a45dd3c861a7ccfc,b6c493a3666c4db193e86c79faf099ab
e4e8bbb77d39441f89e7899ac799567c,a70909d3ce0d4235913b5ce6a138dcce,b425f33c33ad4be89a12da266d131a86,cb32ec9a538a4c0f8462771946ced93b,f65b6fb5b40a49d1896de7a115469d40,1a0ac2d40cb04ca993e1db68d787728a,73f684f538ea452cbb4fbecc2e8126a4,29fb30a75c57451a85f310aa6423a662,b6c493a3666c4db193e86c79faf099ab,ec580ac6dd7149fb8a0a5a5d8b0f5b08,d7c9dafddaf547159d366dacf7b68a7e
884628be75bf4632adba41416b2dcb2d,b6c493a3666c4db193e86c79faf099ab,f65b6fb5b40a49d1896de7a115469d40,8c674a7b65e24114a45dd3c861a7ccfc,189a3b686ad14c24b5e1a495f76dd239,65e30dd62cfa4dccb9ea4d908a9d6fab,cf290994a83e4909aec30077477b9d04,a70909d3ce0d4235913b5ce6a138dcce,2939ef012c5c4a1b94b49df9469dfb3c,08ecf89bc10942a4bd894482f6fcdfa7,476ce3ffff564a5aa985808e7d2cab17
736b602483e04289bedcbe5e6082e394,ad42c467d0fe43dbb328073f9a16bc4d,191b01e1728e4583a8ead5a86db27370,f2ef424352f14dda92691047ee9f15fa,b40d3c588ad647ff85e397a6bc5f9d8b,0592b57e490d4206a3f12eb004a0afe0,7326afe68eb64b63993b3dae022c645d,99a52c93a3304ec18dab9206f98f2a8b,45f4192f485a49d9a75219ae4d0c41ee,c78547bdc2e64ac8935559f7de2efd41,9daaefe080b34656a0c7a54d2d6a1713
46dfeacada264da795ae8f40feca0462,ad42c467d0fe43dbb328073f9a16bc4d,45f4192f485a49d9a75219ae4d0c41ee,b40d3c588ad647ff85e397a6bc5f9d8b,191b01e1728e4583a8ead5a86db27370,f2ef424352f14dda92691047ee9f15fa,643fbbdd6b764ba9904a4ee67a86b9fd,7326afe68eb64b63993b3dae022c645d,8fdee0611965465eb45387b8c39f4136,89e983dca0a34b768e17b3871b9cea1e,0d0973762130427eaa2ce9a7a34517db
398185f5bc8c44629ec6d92103b2a26e,b52468fc0af2435f9ba91939f72bbf6a,9daaefe080b34656a0c7a54d2d6a1713,ad42c467d0fe43dbb328073f9a16bc4d,c588868fc3fd4e87a7cddf1ceb00b022,ca0fe2dd97434e2ca7aecc38d4f1fcd9,e343a998f4df4ac195c84e0fb571a393,c78547bdc2e64ac8935559f7de2efd41,b40d3c588ad647ff85e397a6bc5f9d8b,ff51ca928cd54f4da620c27983e221f8,01930613ce7d4a5f90ccf78d1e92a55d
7881cf6f764e4853ab524e92060b86db,b585a2970e9f421da236241f603883f2,eeca68825e2a4bbdaa5ae962998fc33b,8fdee0611965465eb45387b8c39f4136,f32f4607b4714e378831f924c5e6084d,ccb62901750b4d13a922fc161b607f83,ef8c056ecb524439a48c881089537951,249c2d8d8d2345c6990b3c4d94385b5a,f6207eb593394ff78e2cb35057477422,84ff5144597241bba5cbd3d0b21d220d,25109e3a7df549e5b380aae716d71366
b5a0c3ca548c404e8f6ce3bddb0642d8,eeca68825e2a4bbdaa5ae962998fc33b,b585a2970e9f421da236241f603883f2,5cfb876eeb4f410aa1282cc279f0e546,8fdee0611965465eb45387b8c39f4136,f69855cdf66d4f6887ecfd0ddb9014b5,3aa003c1e31b476e999c3a808a1d5dc6,35c5a560ecdc4d6a9d20f057ed1fa0e6,249c2d8d8d2345c6990b3c4d94385b5a,059a284910e849efbbc7073b8681409f,ccb62901750b4d13a922fc161b607f83
16b427f91adb47be8f9ef97448bf84da,b585a2970e9f421da236241f603883f2,eeca68825e2a4bbdaa5ae962998fc33b,8fdee0611965465eb45387b8c39f4136,ef8c056ecb524439a48c881089537951,f6207eb593394ff78e2cb35057477422,249c2d8d8d2345c6990b3c4d94385b5a,ccb62901750b4d13a922fc161b607f83,7d3d751215194e649a03457226f599d7,8350ea8cd6514c2c8d7b625abe7e895b,f32f4607b4714e378831f924c5e6084d
a9f8715606d84f499a84ad01589fc4b3,eeca68825e2a4bbdaa5ae962998fc33b,b585a2970e9f421da236241f603883f2,5cfb876eeb4f410aa1282cc279f0e546,8fdee0611965465eb45387b8c39f4136,f69855cdf66d4f6887ecfd0ddb9014b5,3aa003c1e31b476e999c3a808a1d5dc6,249c2d8d8d2345c6990b3c4d94385b5a,35c5a560ecdc4d6a9d20f057ed1fa0e6,84581d81d46d44bc99ffb8f871646a7a,0971af4212484a958eb0f60f93d1dfe0
fd6075f13adb4cdc8540f83b192abddc,2e7836ee5e5144f5b63e6629b969a362,afaf2edba0ee4d58860a5a04e4aabc5c,66690895454847fea5a000202fbfab2e,baf841bad27c456c9de7227555ea3ef8,e834bfbd30b247e899f0dc029ab9f072,04537eabb0434eb2804d1220770b85a0,d361a9e414fb41c1a605200d9cbba496,7960902edf4b47d686f704441aa56b0e,97959d02a64f4a3fbbebe7cbece6c012,bcfa4a4177d44d8b8cda17b7a23196b0
b7c34ab8ac2b44a993051b96fadef9cb,2e7836ee5e5144f5b63e6629b969a362,afaf2edba0ee4d58860a5a04e4aabc5c,66690895454847fea5a000202fbfab2e,baf841bad27c456c9de7227555ea3ef8,e834bfbd30b247e899f0dc029ab9f072,d361a9e414fb41c1a605200d9cbba496,04537eabb0434eb2804d1220770b85a0,7960902edf4b47d686f704441aa56b0e,bcfa4a4177d44d8b8cda17b7a23196b0,a5365055a36a4ec1bf5b0ce2ef949a35
5fe5888079644c41b966985f5b572f9c,bdb0d45caa2a4943959f8f501e51132b,bc607fd6000b43108e49b3d05688fe90,8228c9eb29a542ba98c8b9b854eadaa4,f6207eb593394ff78e2cb35057477422,5e2f1a45f7174f1aa39a194179985876,66690895454847fea5a000202fbfab2e,61d2391e8bc548b6bfa08f1ef2a0c47a,5537ddec608a4ec586ea068fa27547ca,3e6a4b65a1004c08a6f3f570cf986c2f,3c72832689d8406996e80893b719b974
e850e901ed844eacbf240b4358dadc9a,bdb0d45caa2a4943959f8f501e51132b,bc607fd6000b43108e49b3d05688fe90,f6207eb593394ff78e2cb35057477422,66690895454847fea5a000202fbfab2e,61d2391e8bc548b6bfa08f1ef2a0c47a,5537ddec608a4ec586ea068fa27547ca,75801225047a4c019100660c13f1e0f1,b5f237fefb38465bb6a068c9cf75ba31,30578712823948b086e3781343982938,1aef014473b84ef9a0f799114fe516c9
07a659cb697144d5b174a3c714670fcd,cd764fbfae774d068af7549c648a02c9,f879b316413f45d2b64bb25e3f45a667,342aaa81ed004635bbf9cbc2592cd7b6,bf789f42ccfc42c5a330a3f6e30ddb83,3e6a4b65a1004c08a6f3f570cf986c2f,ab57f83304bc4005998bbd6bc063fb4f,63ba014f9cc747ac87013da6be0ceab9,2b039224b54142d185a406b31fe01de2,701ac1447f5a414e81156a56c3593a31,f5d09519cf7647f8a107cd8fadd322e5
1860486ceb1947ea93fe348ae75fe1f2,cd764fbfae774d068af7549c648a02c9,f879b316413f45d2b64bb25e3f45a667,342aaa81ed004635bbf9cbc2592cd7b6,2b039224b54142d185a406b31fe01de2,3e6a4b65a1004c08a6f3f570cf986c2f,701ac1447f5a414e81156a56c3593a31,bf789f42ccfc42c5a330a3f6e30ddb83,63ba014f9cc747ac87013da6be0ceab9,7ab9086baf99475d8c93862a7dd36344,f5d09519cf7647f8a107cd8fadd322e5
40f9434041994e2ca0b5307725fdd4bc,c24e3823376b436c8eb46eaeebbc7718,da9cfbdf124143b78bec89393dd5287a,2c65a898314b42e6b2e93dca66fd15c2,ee7c00877ae64dac87123a3d75251530,a865b8d581b44104afe7c8508e3486f5,f59a3ee5387440d981754b6595e8664c,7d5c0a2bfccf4255a43d9bd0f84a6d3a,1a0ac2d40cb04ca993e1db68d787728a,ec580ac6dd7149fb8a0a5a5d8b0f5b08,444fa28d9ed54c82a522699041eae592
75978aae26274d9b926b0b08cc16950a,66f4c650b7ca48f1bc27f9daff8d312a,ee7c00877ae64dac87123a3d75251530,7ee65b33f8f44852ada468b1fed83433,cc78a6c92dfe4af49c2bd93f15e4f870,14ca42308d3141fba50b774042144343,b23a9c50eada4286a4f7ce8668b92db1,41047823f2cb4194ba1e0709443c719a,2d812431f07c44f1a56a71c72766e0b0,b425f33c33ad4be89a12da266d131a86,64e74af099b0485f8b6e71ac73aa2cb8
7fb1043e17c142cf8bc1704c263ae9b4,f5d09519cf7647f8a107cd8fadd322e5,bc607fd6000b43108e49b3d05688fe90,701ac1447f5a414e81156a56c3593a31,3e6a4b65a1004c08a6f3f570cf986c2f,3e923b6e3ceb4901b77c9a18729546eb,f879b316413f45d2b64bb25e3f45a667,7ab9086baf99475d8c93862a7dd36344,31cf7db26a3249c5a6205b005662ddcf,5e0a2bc284cf4002914ae4e6aaef41e8,342aaa81ed004635bbf9cbc2592cd7b6
13a4af2eb59944b9926a2ceec4e169fa,f879b316413f45d2b64bb25e3f45a667,cd764fbfae774d068af7549c648a02c9,f5d09519cf7647f8a107cd8fadd322e5,342aaa81ed004635bbf9cbc2592cd7b6,3e6a4b65a1004c08a6f3f570cf986c2f,7ab9086baf99475d8c93862a7dd36344,2b039224b54142d185a406b31fe01de2,701ac1447f5a414e81156a56c3593a31,eee7f32249c5452ea36c8ed3a3540010,bc607fd6000b43108e49b3d05688fe90
7c0b316dd59246b4ba2bbf879d7c9d74,f5d09519cf7647f8a107cd8fadd322e5,701ac1447f5a414e81156a56c3593a31,bc607fd6000b43108e49b3d05688fe90,3e6a4b65a1004c08a6f3f570cf986c2f,3e923b6e3ceb4901b77c9a18729546eb,31cf7db26a3249c5a6205b005662ddcf,5e0a2bc284cf4002914ae4e6aaef41e8,7ab9086baf99475d8c93862a7dd36344,c2b49382e2f34b1c90013236a5fbaef0,f879b316413f45d2b64bb25e3f45a667
9adf6404c5364c9da78b1c60e57ed94b,f879b316413f45d2b64bb25e3f45a667,cd764fbfae774d068af7549c648a02c9,f5d09519cf7647f8a107cd8fadd322e5,3e6a4b65a1004c08a6f3f570cf986c2f,701ac1447f5a414e81156a56c3593a31,342aaa81ed004635bbf9cbc2592cd7b6,2b039224b54142d185a406b31fe01de2,7ab9086baf99475d8c93862a7dd36344,d5ecdd142b544edca1b16ee83a9cf908,bc607fd6000b43108e49b3d05688fe90
d1c6d2db55584c7e9425bce6b4029bcb,2fcf4a04d3654ffb9a5c1dfa3799e4f0,3bd43a42811048e3b7a7d9740bdb1971,a0408a6462b24cf18e50a8616359d5ad,878e5c41be5c477e9f660ca361fdd727,8889c114b071429cbe2418f5b0f2024b,33b5e2ae5ebe4f548bac3a00ab0a59eb,30c71719aed84c07ae21d0eff0deed72,cb550e5ff4694fe9a19eaa6588cef250,54e9bbd0093947a3bda5fef48ef7493d,7ef653f7e5f64e1b8bba73b9518b87b7
6a4118df6def4cfeae3bb62650bcbfe1,2fcf4a04d3654ffb9a5c1dfa3799e4f0,3bd43a42811048e3b7a7d9740bdb1971,a0408a6462b24cf18e50a8616359d5ad,8889c114b071429cbe2418f5b0f2024b,30c71719aed84c07ae21d0eff0deed72,408ae6a767874fc782467ec2f054ad15,26e55eb4d910464497d700bfdf5a36ca,295d0d40791245ff838c73a2aa27d065,878e5c41be5c477e9f660ca361fdd727,33b5e2ae5ebe4f548bac3a00ab0a59eb
70e2b8adca1a4fae93ba2708abc854fc,2fcf4a04d3654ffb9a5c1dfa3799e4f0,3bd43a42811048e3b7a7d9740bdb1971,878e5c41be5c477e9f660ca361fdd727,a0408a6462b24cf18e50a8616359d5ad,8889c114b071429cbe2418f5b0f2024b,7ef653f7e5f64e1b8bba73b9518b87b7,cb550e5ff4694fe9a19eaa6588cef250,54e9bbd0093947a3bda5fef48ef7493d,33b5e2ae5ebe4f548bac3a00ab0a59eb,30c71719aed84c07ae21d0eff0deed72
a14d78aab651419fbb973ee24df782f0,3bd43a42811048e3b7a7d9740bdb1971,2fcf4a04d3654ffb9a5c1dfa3799e4f0,cb550e5ff4694fe9a19eaa6588cef250,eabdd2813a954f9aa01f0eb8212ee387,408ae6a767874fc782467ec2f054ad15,a0408a6462b24cf18e50a8616359d5ad,c36ef11228124c438ed3256c9822b03d,59f62d35b1ad451397b700b3dad25448,1419b2c686f44896a0ae2a43e93b5402,cb2505b30d8a4dc086c353cf94424b6d
44b51300330643689a392e7b77ce78b9,d716ea165223433a8d49b93e96989482,6d3b4c95066e4dd8a6ad1c66b1c1ea4f,e4fcd30261804b089efa940359057ba2,0433768f874042a5b2d2e37ad9deae13,f92d16d3a970487094292439c3e00923,b675be39e8ff421aa59811f146da945b,a35d7304347a4f81b1ccfb086956921c,2f0401170d104b47b0a8f087f69dee88,e86a0aae846a4e44bf967ab4972c977c,a0408a6462b24cf18e50a8616359d5ad
a59bcbf84ffb47d0abaf3c42791c4eeb,e7ee85dd47ca43eeb2fdcd70b802f0ec,59f62d35b1ad451397b700b3dad25448,3766b26b53874893ae48693880e1942c,57bcda73abab44ee930b20cdaee9d24b,6d3b4c95066e4dd8a6ad1c66b1c1ea4f,0accd1d0138b49049d437c0d9b1c23c3,39e2b00e1cbd471488cf56f31d2cec7f,d43b0f94627d45918e18a80be127aa2c,d658e3a743af41899183fecff6b2628d,2f0401170d104b47b0a8f087f69dee88
b0133b20a5a9444582fbb510d5158e94,e7ee85dd47ca43eeb2fdcd70b802f0ec,3766b26b53874893ae48693880e1942c,59f62d35b1ad451397b700b3dad25448,57bcda73abab44ee930b20cdaee9d24b,6d3b4c95066e4dd8a6ad1c66b1c1ea4f,2f0401170d104b47b0a8f087f69dee88,0accd1d0138b49049d437c0d9b1c23c3,0433768f874042a5b2d2e37ad9deae13,b675be39e8ff421aa59811f146da945b,d658e3a743af41899183fecff6b2628d
0c4c0aa7638b46729b25d811b58820c2,1f3cf50fe1f947d8a56e02ebca441c4c,d756970269e9443fb9bbf645a96aa84e,70558882c04e46bd99d15e9786468418,00fb3a55134242769182c520d55681a2,cf290994a83e4909aec30077477b9d04,43464ed6733f4642a0b90e7d995a5e40,a70909d3ce0d4235913b5ce6a138dcce,3356a8a8c6ee4f30bc2b028e360d4471,93dc50abd35349f7923100dca2f41002,7f0a68d19d2e4850846ffc08c47ed87d
077ba3ca8b4f4aafa1c3b07a9c81b87f,1f3cf50fe1f947d8a56e02ebca441c4c,d756970269e9443fb9bbf645a96aa84e,70558882c04e46bd99d15e9786468418,cf290994a83e4909aec30077477b9d04,00fb3a55134242769182c520d55681a2,43464ed6733f4642a0b90e7d995a5e40,3356a8a8c6ee4f30bc2b028e360d4471,7f0a68d19d2e4850846ffc08c47ed87d,a70909d3ce0d4235913b5ce6a138dcce,93dc50abd35349f7923100dca2f41002
343fdc468034438c90562b6db6f39797,d756970269e9443fb9bbf645a96aa84e,1f3cf50fe1f947d8a56e02ebca441c4c,00fb3a55134242769182c520d55681a2,daed5458403e49e3aea72f4bcc6dd224,43464ed6733f4642a0b90e7d995a5e40,8d595c7da42545c88052e7b213b6c97c,8dfe01febd46475ab5aef97033716ce1,4230775a9d51448396cacb9061f0e5f9,de6ac628a786435f9925c8cc1d707d6b,c65af18670ea437c8986884645b3afe9
906efceb3d96448092f0c58433b87e1c,d756970269e9443fb9bbf645a96aa84e,1f3cf50fe1f947d8a56e02ebca441c4c,00fb3a55134242769182c520d55681a2,43464ed6733f4642a0b90e7d995a5e40,daed5458403e49e3aea72f4bcc6dd224,8d595c7da42545c88052e7b213b6c97c,aa082284f9894b5aa210c179d59999b1,8dfe01febd46475ab5aef97033716ce1,de6ac628a786435f9925c8cc1d707d6b,6c874292dbcc49ff8bb8bbe5643593a5
e1236162007c4212aaf19e0771d4b741,74644c8cc17449cf89379868e7b21398,f31e9fdffaa642ed98e91b07a30f3a8c,d5ecdd142b544edca1b16ee83a9cf908,5e0a2bc284cf4002914ae4e6aaef41e8,3e923b6e3ceb4901b77c9a18729546eb,9452a2f21f7d4feeb2605d9b6647fc13,c2b49382e2f34b1c90013236a5fbaef0,342aaa81ed004635bbf9cbc2592cd7b6,42b6af4853fc465f83ec054f8f8289a4,1b827db6f6cf4ecb850928c2f9e41de2
00d00578efec48fab535293ac554abc7,74644c8cc17449cf89379868e7b21398,f31e9fdffaa642ed98e91b07a30f3a8c,d5ecdd142b544edca1b16ee83a9cf908,3e923b6e3ceb4901b77c9a18729546eb,5e0a2bc284cf4002914ae4e6aaef41e8,9452a2f21f7d4feeb2605d9b6647fc13,c2b49382e2f34b1c90013236a5fbaef0,342aaa81ed004635bbf9cbc2592cd7b6,42b6af4853fc465f83ec054f8f8289a4,1b827db6f6cf4ecb850928c2f9e41de2
cb31998c075d450d95c9b67944dcbd76,13e659415ac84c7a81fc769111d43417,cf293392122347a180cf2126f4589acb,c3502ff31ce6459a96164c934f297562,3c1b91a23b694da1973dbc5f75f2f3ed,243dbbcdc67c42bfa6f32c47477adf6d,e3854d75221c4e38879a6106bb5c1941,8d595c7da42545c88052e7b213b6c97c,5abf57d57d84440e94d0d2e2ffb37575,cae139b6e4914ce7b0ef1e68b8b857eb,0cc5015848a044b59fa4b290813f859c
b3ebec0b824f4a8a8fb8920f8441b6fd,dee9eddb2eac41bfaf36d3279d43674a,b3209c60460a437294e2b30a9e9d3f53,812a1568c77d46e695f8eb7357e24a0e,5abf57d57d84440e94d0d2e2ffb37575,3c0f3b44c0844df49b5898406fe9195a,ab57f83304bc4005998bbd6bc063fb4f,b90d74e80c37486eaee89b6fbab13671,cf293392122347a180cf2126f4589acb,9d09e3cd382c4d0ea0f6f50261e3e4c8,a9573f188204436090fb4a5240e4eccd
4aa0e4f3efc14a9ea0bce80841eb621b,13e659415ac84c7a81fc769111d43417,c3502ff31ce6459a96164c934f297562,8d595c7da42545c88052e7b213b6c97c,e3854d75221c4e38879a6106bb5c1941,cf293392122347a180cf2126f4589acb,9452a2f21f7d4feeb2605d9b6647fc13,cae139b6e4914ce7b0ef1e68b8b857eb,3c1b91a23b694da1973dbc5f75f2f3ed,3b37a4c34b6e4ca89a04da864e141422,f65b6fb5b40a49d1896de7a115469d40
497a54d4f7074270862214aee7e64871,8dfe01febd46475ab5aef97033716ce1,daed5458403e49e3aea72f4bcc6dd224,f12e9e5805534d719f829332d1ea5d29,f1c9c5051bdd4a11a064260bbb9d6d7b,7226603f024c45c6a6e44b00e52e8aad,6ea31a945d494834a3d243f1f90af02a,d695b7afdc3841a28a56df578e56afce,d756970269e9443fb9bbf645a96aa84e,e12ad1ce8e7940a999b9a4f91a95fab7,a9573f188204436090fb4a5240e4eccd
1916331efe4549b3be624c41a1538927,daed5458403e49e3aea72f4bcc6dd224,8dfe01febd46475ab5aef97033716ce1,f1c9c5051bdd4a11a064260bbb9d6d7b,6ea31a945d494834a3d243f1f90af02a,f12e9e5805534d719f829332d1ea5d29,7226603f024c45c6a6e44b00e52e8aad,590df34aa41f46e9ad13ffc6a98da3b7,d756970269e9443fb9bbf645a96aa84e,fc70a4c2c4834e0eba1a14470f563b03,aa082284f9894b5aa210c179d59999b1
5ac53d8e26eb4e318f26ab79a0321759,daed5458403e49e3aea72f4bcc6dd224,8dfe01febd46475ab5aef97033716ce1,f1c9c5051bdd4a11a064260bbb9d6d7b,6ea31a945d494834a3d243f1f90af02a,7226603f024c45c6a6e44b00e52e8aad,f12e9e5805534d719f829332d1ea5d29,590df34aa41f46e9ad13ffc6a98da3b7,cb75c6ef71cb4991805920f2894e0e96,d756970269e9443fb9bbf645a96aa84e,52ee59901f3b4de884d7a6720538aed6
80c9830759ea407a88a5484659289f5d,f1c9c5051bdd4a11a064260bbb9d6d7b,7226603f024c45c6a6e44b00e52e8aad,8dfe01febd46475ab5aef97033716ce1,daed5458403e49e3aea72f4bcc6dd224,f12e9e5805534d719f829332d1ea5d29,d695b7afdc3841a28a56df578e56afce,6866efc8987a4ec8b04b7abd28fb5777,52ee59901f3b4de884d7a6720538aed6,e12ad1ce8e7940a999b9a4f91a95fab7,714e47cd21e5416f864a4bc938850a72
6d337f44e61147928e64eab798fe3328,f1c9c5051bdd4a11a064260bbb9d6d7b,7226603f024c45c6a6e44b00e52e8aad,daed5458403e49e3aea72f4bcc6dd224,8dfe01febd46475ab5aef97033716ce1,c4e79c8992e54866b0c6f26c55b1a774,f12e9e5805534d719f829332d1ea5d29,e5a3c8867e44498d9182e8be934e0fce,599feb1e512c43ad8c0a1845922acf78,714e47cd21e5416f864a4bc938850a72,9d09e3cd382c4d0ea0f6f50261e3e4c8
0cdbb3c4d2ac4c828901f6bd0a6a2b2f,434551fdf9e443ed91679a9557ae6fd5,4254f6eaaed746bea797c3522036fc12,476ce3ffff564a5aa985808e7d2cab17,243dbbcdc67c42bfa6f32c47477adf6d,3356a8a8c6ee4f30bc2b028e360d4471,059a284910e849efbbc7073b8681409f,64d9091426f9461c97c98a5428856bcf,ee7c00877ae64dac87123a3d75251530,8683a3ad55d84a78834fabe20cde5269,b6c493a3666c4db193e86c79faf099ab
5f108ee31ee841e0a7a9c47cc18206be,4254f6eaaed746bea797c3522036fc12,434551fdf9e443ed91679a9557ae6fd5,b6c493a3666c4db193e86c79faf099ab,476ce3ffff564a5aa985808e7d2cab17,243dbbcdc67c42bfa6f32c47477adf6d,f65b6fb5b40a49d1896de7a115469d40,04537eabb0434eb2804d1220770b85a0,9909a671f7414c19b2727e7d4d4dcf1b,74644c8cc17449cf89379868e7b21398,7862a63720b34104abf5bfa44bc8178d
747ff46c283a4c069b67ffbf8e5a07cb,434551fdf9e443ed91679a9557ae6fd5,4254f6eaaed746bea797c3522036fc12,476ce3ffff564a5aa985808e7d2cab17,3356a8a8c6ee4f30bc2b028e360d4471,ee7c00877ae64dac87123a3d75251530,a865b8d581b44104afe7c8508e3486f5,243dbbcdc67c42bfa6f32c47477adf6d,8683a3ad55d84a78834fabe20cde5269,64d9091426f9461c97c98a5428856bcf,4e4495962a9b4864882397042f1a2b3e
8f0d666c50404645b13bfe3e66f42211,b90d74e80c37486eaee89b6fbab13671,3cb231e1167e45f9bf5771a4e0074092,5537ddec608a4ec586ea068fa27547ca,b98519f97e424c1389f5553f0869b15a,8f0e477fc779414e9b47995c0b25a87d,ca0fe2dd97434e2ca7aecc38d4f1fcd9,d695b7afdc3841a28a56df578e56afce,b5f237fefb38465bb6a068c9cf75ba31,9c69642fab6749848e7ea7f5406a6da4,016e634d566b49c199d07357aae9bf33
6ebcf08b1bfb414a81cb644955467ddc,b90d74e80c37486eaee89b6fbab13671,3cb231e1167e45f9bf5771a4e0074092,8f0e477fc779414e9b47995c0b25a87d,ca0fe2dd97434e2ca7aecc38d4f1fcd9,7ef653f7e5f64e1b8bba73b9518b87b7,9094e936e13641cc9bfcc7dc1408d86e,5537ddec608a4ec586ea068fa27547ca,52ee59901f3b4de884d7a6720538aed6,34b736136487439389c10cc6bd4e9f4e,8d595c7da42545c88052e7b213b6c97c
ba3cf143599441c69bb6e84716c550c1,3cb231e1167e45f9bf5771a4e0074092,b90d74e80c37486eaee89b6fbab13671,8f0e477fc779414e9b47995c0b25a87d,5537ddec608a4ec586ea068fa27547ca,eb21a4e2b7bd43efbdf0c365415e7fef,590df34aa41f46e9ad13ffc6a98da3b7,e511c40ca6324803b5021e47b4e777f8,70558882c04e46bd99d15e9786468418,016e634d566b49c199d07357aae9bf33,b77d8b7bb0114c379139d280a9210e83
f9c6d687d22445a3a42bb5ef26f1efb1,4d0a737f396d4a95808085bd1306746c,aedd476072b345e9be46ebd7260e93a6,812a1568c77d46e695f8eb7357e24a0e,5cf392f15360460bae6a6b0182bb99b9,f6061b71031b4ddb9384f86c103690a4,a7077a82d2c74518b96fb45e35f6e150,f8e7f9688fd546829da579434180ffee,f2cfa68a47ce4a43a0fe1cc7dc860418,07958f43551e459eb30638b632e3cd64,211ef3181e524685866fb8574d9bf456
55ff335679e94c7e9136c35ec45ffe08,aedd476072b345e9be46ebd7260e93a6,4d0a737f396d4a95808085bd1306746c,f6061b71031b4ddb9384f86c103690a4,5cf392f15360460bae6a6b0182bb99b9,812a1568c77d46e695f8eb7357e24a0e,a7077a82d2c74518b96fb45e35f6e150,99dbf0cd0c6343ffbcf97f04efc4143c,f8e7f9688fd546829da579434180ffee,da14e9dc2c3d4963b725de8102de5028,ff171f0b29974f78b0e81fee30abdd38
2d18983b2c08444f9c28b8ff9d211b4b,4d0a737f396d4a95808085bd1306746c,aedd476072b345e9be46ebd7260e93a6,812a1568c77d46e695f8eb7357e24a0e,5cf392f15360460bae6a6b0182bb99b9,f6061b71031b4ddb9384f86c103690a4,a7077a82d2c74518b96fb45e35f6e150,f8e7f9688fd546829da579434180ffee,07958f43551e459eb30638b632e3cd64,f2cfa68a47ce4a43a0fe1cc7dc860418,211ef3181e524685866fb8574d9bf456
3ffce0f5b295425b9e8dcac59218f776,aedd476072b345e9be46ebd7260e93a6,4d0a737f396d4a95808085bd1306746c,f6061b71031b4ddb9384f86c103690a4,5cf392f15360460bae6a6b0182bb99b9,a7077a82d2c74518b96fb45e35f6e150,99dbf0cd0c6343ffbcf97f04efc4143c,812a1568c77d46e695f8eb7357e24a0e,f8e7f9688fd546829da579434180ffee,da14e9dc2c3d4963b725de8102de5028,714e47cd21e5416f864a4bc938850a72
d8a7ca9c214246edb53a05f963f18ae2,7fe9e665bf41491c9788941aa2894a10,d25e6f2fc8154dd7816f8f7a41bee12b,f37d285ad0de42f0b1546d0d1acfb221,772cb9726861451d9972604da6f65c55,189a3b686ad14c24b5e1a495f76dd239,6400e3f6a14c492ba399bd414faca075,9909a671f7414c19b2727e7d4d4dcf1b,e8f18e4bdf054390a1768978dca8e430,0e28ed072d6c444aa6f02e64955b44c6,0ecfdd96e0054841883acba75e83b232
57062952f9e74d028985df841b24f285,d25e6f2fc8154dd7816f8f7a41bee12b,7fe9e665bf41491c9788941aa2894a10,9909a671f7414c19b2727e7d4d4dcf1b,e8f18e4bdf054390a1768978dca8e430,f37d285ad0de42f0b1546d0d1acfb221,0ecfdd96e0054841883acba75e83b232,189a3b686ad14c24b5e1a495f76dd239,c4b9d7a8d5d342459d2282589b3af293,772cb9726861451d9972604da6f65c55,764b8280445d4023aecaa53cf7758932
5d12bfa69be74f498b42610ff9736913,d25e6f2fc8154dd7816f8f7a41bee12b,7fe9e665bf41491c9788941aa2894a10,e8f18e4bdf054390a1768978dca8e430,f37d285ad0de42f0b1546d0d1acfb221,6f8d80f8673144dfa7a4e09190442ab3,0ecfdd96e0054841883acba75e83b232,9909a671f7414c19b2727e7d4d4dcf1b,c4b9d7a8d5d342459d2282589b3af293,2070754bb5dd4a248be9c2a6a1a9d381,fbfaa119f55a477984e42d80498f54d3
1ac8ca7603544075954a8714e1990e7f,7fe9e665bf41491c9788941aa2894a10,d25e6f2fc8154dd7816f8f7a41bee12b,f37d285ad0de42f0b1546d0d1acfb221,23a16d69ffe848d593a4808907d8aa98,e96fae6d607246b18b8494aabe521036,f0084465b2e646c9a53d9dc766067d9b,0ecfdd96e0054841883acba75e83b232,90b560de76b149c09c7cd6efb3f12cfd,0e28ed072d6c444aa6f02e64955b44c6,772cb9726861451d9972604da6f65c55
5c82142a41eb4fa7a6f77361c5865f55,714e47cd21e5416f864a4bc938850a72,a7077a82d2c74518b96fb45e35f6e150,415641aa43724ed9bc4710302b77edc3,f4b7e6e902e344859cb041126b69ce3c,87fc1d6a57ea488786caaec8599c3b8b,797cc520b8c94d9bbef187818ab51647,aedd476072b345e9be46ebd7260e93a6,da14e9dc2c3d4963b725de8102de5028,6866efc8987a4ec8b04b7abd28fb5777,ae3f42d57b3046a3821026173286a43e
7c97ff590ca246898e57f4f75c6d9880,714e47cd21e5416f864a4bc938850a72,a7077a82d2c74518b96fb45e35f6e150,415641aa43724ed9bc4710302b77edc3,f4b7e6e902e344859cb041126b69ce3c,87fc1d6a57ea488786caaec8599c3b8b,aedd476072b345e9be46ebd7260e93a6,797cc520b8c94d9bbef187818ab51647,6866efc8987a4ec8b04b7abd28fb5777,eabdd2813a954f9aa01f0eb8212ee387,5cf392f15360460bae6a6b0182bb99b9
b439e61143bb452198ea7179e6153565,a7077a82d2c74518b96fb45e35f6e150,714e47cd21e5416f864a4bc938850a72,f4b7e6e902e344859cb041126b69ce3c,87fc1d6a57ea488786caaec8599c3b8b,415641aa43724ed9bc4710302b77edc3,797cc520b8c94d9bbef187818ab51647,aedd476072b345e9be46ebd7260e93a6,4d0a737f396d4a95808085bd1306746c,5cf392f15360460bae6a6b0182bb99b9,f1c9c5051bdd4a11a064260bbb9d6d7b
fd60a3efb7074ef7b1e3aaf40201c970,a7077a82d2c74518b96fb45e35f6e150,714e47cd21e5416f864a4bc938850a72,87fc1d6a57ea488786caaec8599c3b8b,f4b7e6e902e344859cb041126b69ce3c,aedd476072b345e9be46ebd7260e93a6,797cc520b8c94d9bbef187818ab51647,415641aa43724ed9bc4710302b77edc3,4d0a737f396d4a95808085bd1306746c,5cf392f15360460bae6a6b0182bb99b9,f1c9c5051bdd4a11a064260bbb9d6d7b
74279677b01649fe9c9330832c44e188,0daf8d5687b54d158f7f752884c42334,bbdf9065122d499d9d8f80ad3e0ef6f3,8b038cd0dafd45d8b1ce75177ca3a76b,7359a1cc20d54f96aeea121d7247b88d,cdd73e0289aa4e2b87cd14e6ff5bd75e,4e4495962a9b4864882397042f1a2b3e,b0236c76ae244fd8aacbea7da10e55ca,8fca2e4873e946f7a788af2b846cebd7,dd77b570036f40de9fdf49011bb9e2d8,b4dadb3ea3a04cc3932094471debce13
76f1a57141c141cf8c82961ec4686a1c,bbdf9065122d499d9d8f80ad3e0ef6f3,0daf8d5687b54d158f7f752884c42334,dd36cc0867b94d55a43b82c1c9a0e95c,74de04f31db94a99b757685c91779412,b0236c76ae244fd8aacbea7da10e55ca,d2a03ea4b2d3439ca3dc6fe056ab0f04,3c72832689d8406996e80893b719b974,21eb9f06dd834a108d816efdf3aca8dc,5d5baf5ce88b4b529e28ab9c7c114148,bc607fd6000b43108e49b3d05688fe90
9fb4debf99ee489098c330310de8b65d,0daf8d5687b54d158f7f752884c42334,bbdf9065122d499d9d8f80ad3e0ef6f3,8b038cd0dafd45d8b1ce75177ca3a76b,dd77b570036f40de9fdf49011bb9e2d8,b0236c76ae244fd8aacbea7da10e55ca,59f62d35b1ad451397b700b3dad25448,52ee59901f3b4de884d7a6720538aed6,0eb119aabc884795a4768c6d3e677ea1,8fca2e4873e946f7a788af2b846cebd7,a35d7304347a4f81b1ccfb086956921c
22afc0397a0a4324acedfe7a1e698dc5,bbdf9065122d499d9d8f80ad3e0ef6f3,0daf8d5687b54d158f7f752884c42334,26869cc099c44c4a86f6043476ab4890,b0236c76ae244fd8aacbea7da10e55ca,dd36cc0867b94d55a43b82c1c9a0e95c,dd77b570036f40de9fdf49011bb9e2d8,60e87368fe334a92b57088b03cccbfc1,cdd73e0289aa4e2b87cd14e6ff5bd75e,8350ea8cd6514c2c8d7b625abe7e895b,39a08a87897f47d3bdbbdc5ed8c9cd7f
8bb786e1ae9e46dbb6ebe4f36bb30022,fc430b7683934be2aba12468b2409bb8,e8927e14983a43da900edd926dd35adb,27a0d24dc1e14b28a1f18456b29c93f1,c1def54262224e23acf67a9870725ce5,bcfa4a4177d44d8b8cda17b7a23196b0,999a2b52a5004ee984e587d5a1327b23,dbb3fe11ad004895b302a84e7c066fcc,06b7dd1b701544ac80dd7ca54ed707cf,de1102228a324428989533278cd482f6,570f08ce2a1a47978eab16bf7ad16a68
afdec97feacc44a4b83541c2e0c7a33e,fc430b7683934be2aba12468b2409bb8,27a0d24dc1e14b28a1f18456b29c93f1,e8927e14983a43da900edd926dd35adb,dbb3fe11ad004895b302a84e7c066fcc,bcfa4a4177d44d8b8cda17b7a23196b0,c1def54262224e23acf67a9870725ce5,999a2b52a5004ee984e587d5a1327b23,06b7dd1b701544ac80dd7ca54ed707cf,a4af9472683c4df0a86f9400c99c2b61,f65c7f50929f431dbf31b441d87616d0
8756904ecec04706890eb72f81305ad8,dbb3fe11ad004895b302a84e7c066fcc,e8927e14983a43da900edd926dd35adb,27a0d24dc1e14b28a1f18456b29c93f1,fc430b7683934be2aba12468b2409bb8,c1def54262224e23acf67a9870725ce5,bcfa4a4177d44d8b8cda17b7a23196b0,999a2b52a5004ee984e587d5a1327b23,7070715ef90743da8691dd4ad134eb0c,de1102228a324428989533278cd482f6,bfd1d441da734aad88cfacdab3ee4059
8b8151048f8d4951a310c33c9a5d2c43,27a0d24dc1e14b28a1f18456b29c93f1,fc430b7683934be2aba12468b2409bb8,e8927e14983a43da900edd926dd35adb,bcfa4a4177d44d8b8cda17b7a23196b0,c1def54262224e23acf67a9870725ce5,dbb3fe11ad004895b302a84e7c066fcc,999a2b52a5004ee984e587d5a1327b23,d75a52d716984f318f976bbfc7bee787,b3a022950e444682a113cec5a0537f6a,bfd1d441da734aad88cfacdab3ee4059
ef2a80861fc14e18ab15656a8a125c8c,b00b2395b49949508fade89bb3eac98b,dd9e8283197b473d8ffd502561bdaaec,e86a0aae846a4e44bf967ab4972c977c,a9d82bb43410405ca21b44a5e82e22b6,9fd4c00672d84215b3e21812aef3d6ac,1e376f9d0945477983c8d851e4b2cf5e,b8995466f0eb4e7ba141e23216e8b974,c750a2994555414790abb3281572bb42,d7c9dafddaf547159d366dacf7b68a7e,e4fcd30261804b089efa940359057ba2
0df6b8fc44a3430782efcbe10851747b,b00b2395b49949508fade89bb3eac98b,dd9e8283197b473d8ffd502561bdaaec,e86a0aae846a4e44bf967ab4972c977c,a9d82bb43410405ca21b44a5e82e22b6,9fd4c00672d84215b3e21812aef3d6ac,1e376f9d0945477983c8d851e4b2cf5e,b8995466f0eb4e7ba141e23216e8b974,c750a2994555414790abb3281572bb42,d7c9dafddaf547159d366dacf7b68a7e,f5a9583711fc4ff4a46e85c24886b234
de8c81d294194b43ba2dcbc36eff8ff8,dd9e8283197b473d8ffd502561bdaaec,b00b2395b49949508fade89bb3eac98b,a9d82bb43410405ca21b44a5e82e22b6,e86a0aae846a4e44bf967ab4972c977c,37ae696e40dd42ebb4738722daa3c523,e4fcd30261804b089efa940359057ba2,9fd4c00672d84215b3e21812aef3d6ac,c750a2994555414790abb3281572bb42,d33407004b9e433a9d4147cfe6584d36,b8995466f0eb4e7ba141e23216e8b974
c28da2f21daf4e57ac46e2bac9595e26,dd9e8283197b473d8ffd502561bdaaec,b00b2395b49949508fade89bb3eac98b,a9d82bb43410405ca21b44a5e82e22b6,e86a0aae846a4e44bf967ab4972c977c,e4fcd30261804b089efa940359057ba2,37ae696e40dd42ebb4738722daa3c523,9fd4c00672d84215b3e21812aef3d6ac,1e376f9d0945477983c8d851e4b2cf5e,b8da01ceddcb45a491a288ddbc658e90,d716ea165223433a8d49b93e96989482
e12c80d95476447dba9b11c911992609,71d4b4036e594d7399506e6fd9b88063,f532294d68604bc2aa9ad8804a8c6d5f,f3fddb55448a46778b5d807642cceb71,7ef653f7e5f64e1b8bba73b9518b87b7,ffc5805e29a74be0a55b40318aa321d7,5537ddec608a4ec586ea068fa27547ca,1d70bc69b2f84bef9aa5fb0d9917e38d,878e5c41be5c477e9f660ca361fdd727,d756970269e9443fb9bbf645a96aa84e,fc70a4c2c4834e0eba1a14470f563b03
7c7d36ea7b1242068efef6a72b998b95,71d4b4036e594d7399506e6fd9b88063,f532294d68604bc2aa9ad8804a8c6d5f,f3fddb55448a46778b5d807642cceb71,ffc5805e29a74be0a55b40318aa321d7,7ef653f7e5f64e1b8bba73b9518b87b7,5537ddec608a4ec586ea068fa27547ca,d756970269e9443fb9bbf645a96aa84e,fc70a4c2c4834e0eba1a14470f563b03,1d70bc69b2f84bef9aa5fb0d9917e38d,cf290994a83e4909aec30077477b9d04
b6031a4a73c94a459b6d26c1d8829bd0,f532294d68604bc2aa9ad8804a8c6d5f,71d4b4036e594d7399506e6fd9b88063,b5f237fefb38465bb6a068c9cf75ba31,225818abe99e45a0bf5b0b3ec30db76b,c756409435634fc48c643a64e73c93ce,f3fddb55448a46778b5d807642cceb71,5537ddec608a4ec586ea068fa27547ca,7ef653f7e5f64e1b8bba73b9518b87b7,cc243eebbb2b44a581745865a60c423a,4c36aafaf38f4e9e9e09991737196fe1
cade21dad7f74878b910ad5e0060d6e4,f532294d68604bc2aa9ad8804a8c6d5f,71d4b4036e594d7399506e6fd9b88063,b5f237fefb38465bb6a068c9cf75ba31,225818abe99e45a0bf5b0b3ec30db76b,f3fddb55448a46778b5d807642cceb71,5537ddec608a4ec586ea068fa27547ca,7ef653f7e5f64e1b8bba73b9518b87b7,cc243eebbb2b44a581745865a60c423a,4c36aafaf38f4e9e9e09991737196fe1,4285b02dc9164cb9bae36b0566bb42f0
21354b108cee4d5a8ea7b2d1459410d3,8c5f38853679436ba434b6a696e43168,fc70a4c2c4834e0eba1a14470f563b03,b01fd4d037a84a7aa777e1fc345c73c5,716a15d66b63424a8068da89e75733b4,bb6ecabbce1b43d997d00d7acdc95193,d37bf09399d848df9a4d880fb097239c,a8904adcdd21495f890bc614bfdbf86f,13aca0959cc948cabeee0d7255f55a65,af648fa7ac6c4c50a246de470329cd83,91f0da6d71574ababd8e868bddec9310
e5265fd04dc84392b38bfe8ab07708b7,8c5f38853679436ba434b6a696e43168,fc70a4c2c4834e0eba1a14470f563b03,b01fd4d037a84a7aa777e1fc345c73c5,716a15d66b63424a8068da89e75733b4,bb6ecabbce1b43d997d00d7acdc95193,a8904adcdd21495f890bc614bfdbf86f,d37bf09399d848df9a4d880fb097239c,13aca0959cc948cabeee0d7255f55a65,91f0da6d71574ababd8e868bddec9310,af648fa7ac6c4c50a246de470329cd83
abaa87591059401aa7cacf5863a34f32,1a842f077119475794cc2de48e154374,88f796c14d184ecfaa5b0109161db259,9db7d32d79024ba6a73c55fde6f55968,00e9d4081c2f45d1a818bfeab099863a,597aab8bb15240f89fd1b24a8e38258d,acbf8eae7e064c11bab7adf66f216990,6af17cec494c4373a95865d270a29171,47eb17da319d440aa52da8008c26327a,4c8476482736459881e2a3b0509ee103,133bfbe9a7c741fcb638ecf1b0088213
f94a7e7419784d4ebda0ff5f8ef3c9f5,88f796c14d184ecfaa5b0109161db259,1a842f077119475794cc2de48e154374,9db7d32d79024ba6a73c55fde6f55968,00e9d4081c2f45d1a818bfeab099863a,acbf8eae7e064c11bab7adf66f216990,597aab8bb15240f89fd1b24a8e38258d,6af17cec494c4373a95865d270a29171,47eb17da319d440aa52da8008c26327a,4c8476482736459881e2a3b0509ee103,1aaf8edc37ea412b85e3d1b5c5317051
cecbc55e0fe942e186be8064a4ad80bf,1a842f077119475794cc2de48e154374,88f796c14d184ecfaa5b0109161db259,00e9d4081c2f45d1a818bfeab099863a,9db7d32d79024ba6a73c55fde6f55968,597aab8bb15240f89fd1b24a8e38258d,acbf8eae7e064c11bab7adf66f216990,6af17cec494c4373a95865d270a29171,47eb17da319d440aa52da8008c26327a,1aaf8edc37ea412b85e3d1b5c5317051,13cda6e8f2d948eeb5508288a172e76f
80d47a70768e407bb5a1cd495387e011,88f796c14d184ecfaa5b0109161db259,1a842f077119475794cc2de48e154374,9db7d32d79024ba6a73c55fde6f55968,00e9d4081c2f45d1a818bfeab099863a,597aab8bb15240f89fd1b24a8e38258d,acbf8eae7e064c11bab7adf66f216990,6af17cec494c4373a95865d270a29171,47eb17da319d440aa52da8008c26327a,4c8476482736459881e2a3b0509ee103,4285b02dc9164cb9bae36b0566bb42f0
d1c3c4008d3a458ca5c2438615c3a113,5e0a2bc284cf4002914ae4e6aaef41e8,3e923b6e3ceb4901b77c9a18729546eb,c2b49382e2f34b1c90013236a5fbaef0,74644c8cc17449cf89379868e7b21398,d5ecdd142b544edca1b16ee83a9cf908,f31e9fdffaa642ed98e91b07a30f3a8c,9452a2f21f7d4feeb2605d9b6647fc13,0cc5015848a044b59fa4b290813f859c,ffe2740eee8c49b39b2ce41f9983bcb4,c1def54262224e23acf67a9870725ce5
86bed733c05f41519f76576710fcce05,3e923b6e3ceb4901b77c9a18729546eb,5e0a2bc284cf4002914ae4e6aaef41e8,74644c8cc17449cf89379868e7b21398,d5ecdd142b544edca1b16ee83a9cf908,c2b49382e2f34b1c90013236a5fbaef0,9452a2f21f7d4feeb2605d9b6647fc13,f31e9fdffaa642ed98e91b07a30f3a8c,0cc5015848a044b59fa4b290813f859c,ffe2740eee8c49b39b2ce41f9983bcb4,3675c688960a4f3b9f82c4ccf4049e93
cb1eb8a8b7594957b332dec5dc590436,3e923b6e3ceb4901b77c9a18729546eb,5e0a2bc284cf4002914ae4e6aaef41e8,74644c8cc17449cf89379868e7b21398,d5ecdd142b544edca1b16ee83a9cf908,c2b49382e2f34b1c90013236a5fbaef0,9452a2f21f7d4feeb2605d9b6647fc13,f31e9fdffaa642ed98e91b07a30f3a8c,0cc5015848a044b59fa4b290813f859c,ffe2740eee8c49b39b2ce41f9983bcb4,3675c688960a4f3b9f82c4ccf4049e93
7dfc06c380304101bd335775988b2fb2,5e0a2bc284cf4002914ae4e6aaef41e8,3e923b6e3ceb4901b77c9a18729546eb,c2b49382e2f34b1c90013236a5fbaef0,74644c8cc17449cf89379868e7b21398,d5ecdd142b544edca1b16ee83a9cf908,f31e9fdffaa642ed98e91b07a30f3a8c,9452a2f21f7d4feeb2605d9b6647fc13,0cc5015848a044b59fa4b290813f859c,ffe2740eee8c49b39b2ce41f9983bcb4,c1def54262224e23acf67a9870725ce5
999934829ec2429b967f27b051da6a53,c2b49382e2f34b1c90013236a5fbaef0,5e0a2bc284cf4002914ae4e6aaef41e8,3e923b6e3ceb4901b77c9a18729546eb,74644c8cc17449cf89379868e7b21398,f31e9fdffaa642ed98e91b07a30f3a8c,d5ecdd142b544edca1b16ee83a9cf908,9452a2f21f7d4feeb2605d9b6647fc13,e22e1ad3c1fc4493bcb7c9b923566ff7,e4ee90d625d44a6d9adc138390eef0f8,d53fa54d5536463ab0d87648dfc5fd78
ed4102db144043b6952d6cb9acdcc007,022e16490d1949b9ab2fc1de5a837031,7c061d36393540b49e20d98086bdb5bd,9ffa09a2b9bd4da0ba98fc537ca68802,1004b33e3126472faa78e1929ed974e6,3b7d56c26da14b3a9b1cd52b5b35891b,9aca522158f443fd8a9caaec38ae5e2c,0228b1e9e3244da3a727930123ba7bda,f2077addeb6142c8b3540916522126e8,3675c688960a4f3b9f82c4ccf4049e93,133bfbe9a7c741fcb638ecf1b0088213
0020ab6d2078440b870ebf4a01c0351f,022e16490d1949b9ab2fc1de5a837031,7c061d36393540b49e20d98086bdb5bd,9ffa09a2b9bd4da0ba98fc537ca68802,1004b33e3126472faa78e1929ed974e6,3b7d56c26da14b3a9b1cd52b5b35891b,9aca522158f443fd8a9caaec38ae5e2c,0228b1e9e3244da3a727930123ba7bda,f2077addeb6142c8b3540916522126e8,3675c688960a4f3b9f82c4ccf4049e93,59f62d35b1ad451397b700b3dad25448
d3fc0aaff9224a678bb3210f1e8767ea,7c061d36393540b49e20d98086bdb5bd,022e16490d1949b9ab2fc1de5a837031,0228b1e9e3244da3a727930123ba7bda,9aca522158f443fd8a9caaec38ae5e2c,9ffa09a2b9bd4da0ba98fc537ca68802,1004b33e3126472faa78e1929ed974e6,3b7d56c26da14b3a9b1cd52b5b35891b,f2077addeb6142c8b3540916522126e8,133bfbe9a7c741fcb638ecf1b0088213,174581fc299840e18e827432c0cce4dc
8b37e7b8f87749c48d81e99c8d376700,7c061d36393540b49e20d98086bdb5bd,022e16490d1949b9ab2fc1de5a837031,0228b1e9e3244da3a727930123ba7bda,9aca522158f443fd8a9caaec38ae5e2c,9ffa09a2b9bd4da0ba98fc537ca68802,1004b33e3126472faa78e1929ed974e6,3b7d56c26da14b3a9b1cd52b5b35891b,f2077addeb6142c8b3540916522126e8,133bfbe9a7c741fcb638ecf1b0088213,174581fc299840e18e827432c0cce4dc
2e9248c10d1044a2a090d3fa4aa29fe5,91f9f8576e5142a49926bd623b0bc19c,f8856799293e49feab6368e794eb8b00,632cc2bc04034dd4848855fe6497262d,119a6d7b4af3458b951fc1c5ab5e1738,6c6de17135be4f8c9423be633eaefcd4,a9573f188204436090fb4a5240e4eccd,babbeca1f6a244a2a11ea77a3855e70f,13aca0959cc948cabeee0d7255f55a65,189a3b686ad14c24b5e1a495f76dd239,45e440d874a54bb591862ff441114cd3
8d4f78a13e3e4f569761273ba212d220,a9573f188204436090fb4a5240e4eccd,babbeca1f6a244a2a11ea77a3855e70f,938147b72e9540da8513910871e0830a,119a6d7b4af3458b951fc1c5ab5e1738,f8856799293e49feab6368e794eb8b00,91f9f8576e5142a49926bd623b0bc19c,632cc2bc04034dd4848855fe6497262d,8dfe01febd46475ab5aef97033716ce1,0c9c05f86aa042abbdd66d2b2d05d374,5d5baf5ce88b4b529e28ab9c7c114148
5487b0f31d2343fea0caab9f145c7a40,938147b72e9540da8513910871e0830a,babbeca1f6a244a2a11ea77a3855e70f,a9573f188204436090fb4a5240e4eccd,119a6d7b4af3458b951fc1c5ab5e1738,f8856799293e49feab6368e794eb8b00,632cc2bc04034dd4848855fe6497262d,91f9f8576e5142a49926bd623b0bc19c,dee9eddb2eac41bfaf36d3279d43674a,772cb9726861451d9972604da6f65c55,45e440d874a54bb591862ff441114cd3
678907f3b26242c9b3555311ee9dbf79,91f9f8576e5142a49926bd623b0bc19c,f8856799293e49feab6368e794eb8b00,632cc2bc04034dd4848855fe6497262d,119a6d7b4af3458b951fc1c5ab5e1738,6c6de17135be4f8c9423be633eaefcd4,a9573f188204436090fb4a5240e4eccd,babbeca1f6a244a2a11ea77a3855e70f,189a3b686ad14c24b5e1a495f76dd239,13aca0959cc948cabeee0d7255f55a65,938147b72e9540da8513910871e0830a
e69d128634c04bf0aebd7c02e123f5f6,119a6d7b4af3458b951fc1c5ab5e1738,632cc2bc04034dd4848855fe6497262d,f8856799293e49feab6368e794eb8b00,91f9f8576e5142a49926bd623b0bc19c,babbeca1f6a244a2a11ea77a3855e70f,a9573f188204436090fb4a5240e4eccd,938147b72e9540da8513910871e0830a,6c51b4f57ba0415f994756e944b11cee,09f4970dfe684b809bc0959fb62f41bf,2ea3b46262e649f79900258cd90cce31
2b8cd6d21f1d45bb8ae377278a33d5c6,babbeca1f6a244a2a11ea77a3855e70f,45e440d874a54bb591862ff441114cd3,119a6d7b4af3458b951fc1c5ab5e1738,91f9f8576e5142a49926bd623b0bc19c,938147b72e9540da8513910871e0830a,c1d504dfeded4b8bb3c07777b7c7abde,a9573f188204436090fb4a5240e4eccd,6c51b4f57ba0415f994756e944b11cee,8a9dc60359ba49cd8ac170cfb4ac3913,e53dd6188816429ab915de6f9649a026
73fbb300f6aa425590b0e4d909f7a1ae,119a6d7b4af3458b951fc1c5ab5e1738,f8856799293e49feab6368e794eb8b00,632cc2bc04034dd4848855fe6497262d,91f9f8576e5142a49926bd623b0bc19c,babbeca1f6a244a2a11ea77a3855e70f,938147b72e9540da8513910871e0830a,a9573f188204436090fb4a5240e4eccd,6c51b4f57ba0415f994756e944b11cee,45e440d874a54bb591862ff441114cd3,e429a2e164a24919a12edcc8d4ea8f09
9d66c66d77b74f5da8cab53f98ae38b0,babbeca1f6a244a2a11ea77a3855e70f,45e440d874a54bb591862ff441114cd3,119a6d7b4af3458b951fc1c5ab5e1738,91f9f8576e5142a49926bd623b0bc19c,f8856799293e49feab6368e794eb8b00,938147b72e9540da8513910871e0830a,c1d504dfeded4b8bb3c07777b7c7abde,ab57f83304bc4005998bbd6bc063fb4f,a9573f188204436090fb4a5240e4eccd,6c51b4f57ba0415f994756e944b11cee
56efccc089ce469697f14a0e2751fe90,be8953cc364d46cebbcc2c2da2c348ab,e06d08ff594a4acbac12edf579743fcf,5e44915237fc4445b54b037e1c4e29a4,4e22dc65beb7450b9260cf27e50919e4,7584980704ae4617bb27ca162cc9c5db,f335a944a27a4504a82ecf70c2d4a5e4,ae3f42d57b3046a3821026173286a43e,c4e79c8992e54866b0c6f26c55b1a774,2c8eafa0ff26437a862dc2224ab57073,baad022010b44fad8d8410869d909fd1
e31088791958477299febc77d6975d33,7584980704ae4617bb27ca162cc9c5db,5e44915237fc4445b54b037e1c4e29a4,4e22dc65beb7450b9260cf27e50919e4,f335a944a27a4504a82ecf70c2d4a5e4,e06d08ff594a4acbac12edf579743fcf,be8953cc364d46cebbcc2c2da2c348ab,051d304b7139431fb3bff19b4e75aff7,d2a03ea4b2d3439ca3dc6fe056ab0f04,ae3f42d57b3046a3821026173286a43e,6bde760ad5d4485db9889b1bdc074005
8dfe042169ed4a25b339fab1a8f0f16d,7584980704ae4617bb27ca162cc9c5db,4e22dc65beb7450b9260cf27e50919e4,5e44915237fc4445b54b037e1c4e29a4,f335a944a27a4504a82ecf70c2d4a5e4,e06d08ff594a4acbac12edf579743fcf,be8953cc364d46cebbcc2c2da2c348ab,051d304b7139431fb3bff19b4e75aff7,d2a03ea4b2d3439ca3dc6fe056ab0f04,ae3f42d57b3046a3821026173286a43e,0cdb0f32850f4585a16de4886462bbe0
724bf6d6ea0d432996a6179d83a8742f,be8953cc364d46cebbcc2c2da2c348ab,e06d08ff594a4acbac12edf579743fcf,5e44915237fc4445b54b037e1c4e29a4,4e22dc65beb7450b9260cf27e50919e4,7584980704ae4617bb27ca162cc9c5db,f335a944a27a4504a82ecf70c2d4a5e4,403835bbf2f1447188bcc78e062b0028,b85d652ba8d244f8ab9e941966094f28,051d304b7139431fb3bff19b4e75aff7,ae3f42d57b3046a3821026173286a43e
5110e733136c4f9e9e3e0388147c41d3,bfd1d441da734aad88cfacdab3ee4059,1ade4365590a4ac7865100d8c791e340,b675be39e8ff421aa59811f146da945b,2f0401170d104b47b0a8f087f69dee88,a5d5fb459a1844088e93ae557ab34afe,f92d16d3a970487094292439c3e00923,4e4495962a9b4864882397042f1a2b3e,a35d7304347a4f81b1ccfb086956921c,fc430b7683934be2aba12468b2409bb8,40a95697730046dcbb0d7ba1fe2109a6
d627c1b3e1d84eaf95b43f0b19887946,bfd1d441da734aad88cfacdab3ee4059,1ade4365590a4ac7865100d8c791e340,b675be39e8ff421aa59811f146da945b,2f0401170d104b47b0a8f087f69dee88,a5d5fb459a1844088e93ae557ab34afe,6400e3f6a14c492ba399bd414faca075,f92d16d3a970487094292439c3e00923,4e4495962a9b4864882397042f1a2b3e,fc430b7683934be2aba12468b2409bb8,dbb3fe11ad004895b302a84e7c066fcc
62f80659cc834d849c6c533c0376e039,1ade4365590a4ac7865100d8c791e340,bfd1d441da734aad88cfacdab3ee4059,b4dadb3ea3a04cc3932094471debce13,7f23e27e5652406784fdc2dea3918125,14f4db886cca4104877ac7d1d7a64133,40a95697730046dcbb0d7ba1fe2109a6,3e59b61eb70146308db2308b988b54cf,8b038cd0dafd45d8b1ce75177ca3a76b,cdd73e0289aa4e2b87cd14e6ff5bd75e,19098957d8c24cab95daa30c2baefd8f
ed92bb218d234e48ac3d86b2aa76aab3,1ade4365590a4ac7865100d8c791e340,bfd1d441da734aad88cfacdab3ee4059,b4dadb3ea3a04cc3932094471debce13,3e59b61eb70146308db2308b988b54cf,7f23e27e5652406784fdc2dea3918125,7bbe3c76bcc04d73969f920d43fcc67d,b69c17a10a55494d8caa56c33e8f4a56,c78547bdc2e64ac8935559f7de2efd41,4a7fa5a1bafe4b6995e2920444ac07c4,dbb3fe11ad004895b302a84e7c066fcc
ff83f47b54ea45f188b7e4f0e1004b41,910827a15eac4e4b9005d8e46ad71f6e,a865b8d581b44104afe7c8508e3486f5,b44645c11ece4326a45f50fdc5d45dcf,ee7c00877ae64dac87123a3d75251530,cb550e5ff4694fe9a19eaa6588cef250,e4ee90d625d44a6d9adc138390eef0f8,03df72bcf3504272a27f4bbaea89118a,1393dac7d34b4c34b1a8091a5bea3663,71c1a8479b194efca65b44fb7f327afb,52f20bd7eb50430c95f0916727880a1b
994020e88b914429981fbfe2cfa5e565,910827a15eac4e4b9005d8e46ad71f6e,a865b8d581b44104afe7c8508e3486f5,ee7c00877ae64dac87123a3d75251530,cb550e5ff4694fe9a19eaa6588cef250,1393dac7d34b4c34b1a8091a5bea3663,b44645c11ece4326a45f50fdc5d45dcf,c24e3823376b436c8eb46eaeebbc7718,da9cfbdf124143b78bec89393dd5287a,211ef3181e524685866fb8574d9bf456,7d6122daabe442ffb5e57ece1882e714
be1d69a178cf4f6eb0dd17f1c8ddaeec,a865b8d581b44104afe7c8508e3486f5,910827a15eac4e4b9005d8e46ad71f6e,ee7c00877ae64dac87123a3d75251530,c24e3823376b436c8eb46eaeebbc7718,b44645c11ece4326a45f50fdc5d45dcf,878e5c41be5c477e9f660ca361fdd727,6252aa87531748e5bac5f6c65fc87e14,7960902edf4b47d686f704441aa56b0e,34b736136487439389c10cc6bd4e9f4e,e4ee90d625d44a6d9adc138390eef0f8
95430a01e9424f2fb85d7c054d48b095,a865b8d581b44104afe7c8508e3486f5,910827a15eac4e4b9005d8e46ad71f6e,ee7c00877ae64dac87123a3d75251530,6252aa87531748e5bac5f6c65fc87e14,6732de8994744decbb3306c74aaa7882,b44645c11ece4326a45f50fdc5d45dcf,f5a9583711fc4ff4a46e85c24886b234,e4ee90d625d44a6d9adc138390eef0f8,b0d2e6c4b2384950b3696c4414870282,878e5c41be5c477e9f660ca361fdd727
2a4d82a3bc464739aa7001ddadab5941,82d68ea370f8451aa16ea08f4601245c,199647bd1328406c83c5a875154f97d9,5455e62f52ae4e03b2a5d0e8b9899506,039a871609044cb1b69f70c082fe61d8,9500823cb050427696343b1ea5cf8881,39e2b00e1cbd471488cf56f31d2cec7f,5f65785004054c67a618fe43b6a30f56,521004289ebc4e6da6623381d40a5e73,225818abe99e45a0bf5b0b3ec30db76b,2acbd3ec289a47f7b4108896ec632585
7edf2ee95e36433ab46c330e885c1d39,199647bd1328406c83c5a875154f97d9,82d68ea370f8451aa16ea08f4601245c,5455e62f52ae4e03b2a5d0e8b9899506,039a871609044cb1b69f70c082fe61d8,9500823cb050427696343b1ea5cf8881,44f41e6e6faa4facb0bb9a72205229f8,ef60b54aa4b5490890da32d0bb8c9cbf,c3a741d302d94ee294bb6e4090fd2da9,cc243eebbb2b44a581745865a60c423a,da88fa5efc674368b593444ca950dff9
c471650b1b634a97a2a0fa5c4c193821,82d68ea370f8451aa16ea08f4601245c,199647bd1328406c83c5a875154f97d9,5455e62f52ae4e03b2a5d0e8b9899506,39e2b00e1cbd471488cf56f31d2cec7f,5f65785004054c67a618fe43b6a30f56,039a871609044cb1b69f70c082fe61d8,9500823cb050427696343b1ea5cf8881,2acbd3ec289a47f7b4108896ec632585,521004289ebc4e6da6623381d40a5e73,d43b0f94627d45918e18a80be127aa2c
ea67a7776ad641bb96024eb085c8da08,0cc5015848a044b59fa4b290813f859c,8b4e9e3d234e4eec99a7651e246bbfa3,ffe2740eee8c49b39b2ce41f9983bcb4,b2992fe473124dd0b895cf81f59f6db6,9bf3b77eb9874f5f9e006a9cff111ea9,ac5a760b45c146ec840193371cfb2d30,64fc9fe3c8d5424ebc005e5cf4a608db,5e0a2bc284cf4002914ae4e6aaef41e8,3e6a4b65a1004c08a6f3f570cf986c2f,e834bfbd30b247e899f0dc029ab9f072
86595c214b4d48e6bf56a1b3d810b7b4,64fc9fe3c8d5424ebc005e5cf4a608db,8b4e9e3d234e4eec99a7651e246bbfa3,f5b766ea6abe4b5fb27d49cc3bc06020,0cc5015848a044b59fa4b290813f859c,e8c8742459dc48a49080bf0e5b3fdee0,43ee0103cba54b4e9d165717735ca0f6,e8f18e4bdf054390a1768978dca8e430,c74557a980e2428a9ffcc245278df692,baf841bad27c456c9de7227555ea3ef8,ffe2740eee8c49b39b2ce41f9983bcb4
7e0717d2a2af4dd4ba5e3dd3d3f400a0,64fc9fe3c8d5424ebc005e5cf4a608db,8b4e9e3d234e4eec99a7651e246bbfa3,b2992fe473124dd0b895cf81f59f6db6,f5b766ea6abe4b5fb27d49cc3bc06020,0cc5015848a044b59fa4b290813f859c,43ee0103cba54b4e9d165717735ca0f6,e8c8742459dc48a49080bf0e5b3fdee0,c74557a980e2428a9ffcc245278df692,baf841bad27c456c9de7227555ea3ef8,e8f18e4bdf054390a1768978dca8e430
5192a81fd8094f908c353ed7b3066200,fb8c2b83e46441c2aaa7c81d3642e2da,c14e45f5201b4038bdddddb238d888a3,02e1d712f37e428c998f72e7a7eeb1e6,db0c3a952e454b90aa4a68feb6a50e87,22d9d5ad33e947fd857c5c4a8b7dfae1,0d0973762130427eaa2ce9a7a34517db,b69c17a10a55494d8caa56c33e8f4a56,c78547bdc2e64ac8935559f7de2efd41,7f23e27e5652406784fdc2dea3918125,99830b8da7c24f909914f7bb167f3ea6
19526db7bf344d92961055ab7ef1879f,c14e45f5201b4038bdddddb238d888a3,02e1d712f37e428c998f72e7a7eeb1e6,fb8c2b83e46441c2aaa7c81d3642e2da,db0c3a952e454b90aa4a68feb6a50e87,22d9d5ad33e947fd857c5c4a8b7dfae1,250d411ae270441085be3501b7b55d86,0d0973762130427eaa2ce9a7a34517db,99830b8da7c24f909914f7bb167f3ea6,291130c42a884be2800e026bab5ddf53,1aef014473b84ef9a0f799114fe516c9
85d7d994d8a648c5a59c2973bb1bc507,75efe5ddef364f49865d9bb283492b48,32aaca2a732f4272b237374d3cdeec90,cc243eebbb2b44a581745865a60c423a,ef60b54aa4b5490890da32d0bb8c9cbf,225818abe99e45a0bf5b0b3ec30db76b,039a871609044cb1b69f70c082fe61d8,5455e62f52ae4e03b2a5d0e8b9899506,8dfbb6a204a0441492c35baca6190969,57430214baf045cb92fa3b3b70a4ca3f,f439b5616ba24b7f82eccfa095a0eff8
2103b437c3c1452a96d8e7e1e5e20cc9,32aaca2a732f4272b237374d3cdeec90,75efe5ddef364f49865d9bb283492b48,ef60b54aa4b5490890da32d0bb8c9cbf,cc243eebbb2b44a581745865a60c423a,c3a741d302d94ee294bb6e4090fd2da9,225818abe99e45a0bf5b0b3ec30db76b,fb8c2b83e46441c2aaa7c81d3642e2da,039a871609044cb1b69f70c082fe61d8,9500823cb050427696343b1ea5cf8881,5455e62f52ae4e03b2a5d0e8b9899506
21b1c7bbd46b4c41a0df6625bd007760,32aaca2a732f4272b237374d3cdeec90,75efe5ddef364f49865d9bb283492b48,cc243eebbb2b44a581745865a60c423a,5a6f4a2f7f6a4b1fa146493472e6d721,93dc50abd35349f7923100dca2f41002,225818abe99e45a0bf5b0b3ec30db76b,ef60b54aa4b5490890da32d0bb8c9cbf,b77d8b7bb0114c379139d280a9210e83,f439b5616ba24b7f82eccfa095a0eff8,fb8c2b83e46441c2aaa7c81d3642e2da
16176b85fa7d4eea8ca712599e1d734c,84ff5144597241bba5cbd3d0b21d220d,3c72832689d8406996e80893b719b974,3aa003c1e31b476e999c3a808a1d5dc6,249c2d8d8d2345c6990b3c4d94385b5a,65e30dd62cfa4dccb9ea4d908a9d6fab,2d43cf91509846e29ab4febd7781919f,94ed54abfdc74b04b0dcb19c278e66f4,85d4175b563d48e5bc6a991b23662f24,3766b26b53874893ae48693880e1942c,b585a2970e9f421da236241f603883f2
44a899ade12146e4b8343990c9980025,3c72832689d8406996e80893b719b974,84ff5144597241bba5cbd3d0b21d220d,3aa003c1e31b476e999c3a808a1d5dc6,3766b26b53874893ae48693880e1942c,8fdee0611965465eb45387b8c39f4136,94ed54abfdc74b04b0dcb19c278e66f4,86179aff3df24ff59b11e9a34974a3f4,d658e3a743af41899183fecff6b2628d,dd77b570036f40de9fdf49011bb9e2d8,059a284910e849efbbc7073b8681409f
bf6b8d38a56c4b30b5e752bb54b78f62,84ff5144597241bba5cbd3d0b21d220d,3c72832689d8406996e80893b719b974,3aa003c1e31b476e999c3a808a1d5dc6,b585a2970e9f421da236241f603883f2,65e30dd62cfa4dccb9ea4d908a9d6fab,85d4175b563d48e5bc6a991b23662f24,94ed54abfdc74b04b0dcb19c278e66f4,2d43cf91509846e29ab4febd7781919f,3766b26b53874893ae48693880e1942c,d7c9dafddaf547159d366dacf7b68a7e
b18687f1960d4a13bbb6477d2e14af49,63ba014f9cc747ac87013da6be0ceab9,0592b57e490d4206a3f12eb004a0afe0,9daaefe080b34656a0c7a54d2d6a1713,01930613ce7d4a5f90ccf78d1e92a55d,cd764fbfae774d068af7549c648a02c9,f37d285ad0de42f0b1546d0d1acfb221,52ee59901f3b4de884d7a6720538aed6,ab57f83304bc4005998bbd6bc063fb4f,e343a998f4df4ac195c84e0fb571a393,ec07b4e88bea4086a5eafed96d81edb5
d40db3ad6f6e4cb6ade7fff2ae8e6902,01930613ce7d4a5f90ccf78d1e92a55d,e343a998f4df4ac195c84e0fb571a393,f2ef424352f14dda92691047ee9f15fa,b52468fc0af2435f9ba91939f72bbf6a,1ad0cf33e96243888d5f970195a75586,7ec1584e9a5b49eab9ef249143d9bb86,b40d3c588ad647ff85e397a6bc5f9d8b,191b01e1728e4583a8ead5a86db27370,7326afe68eb64b63993b3dae022c645d,0bd1cce9370a461089e25393086800a8
14ed0bcfd70f4e29b824ae027aa62fd7,01930613ce7d4a5f90ccf78d1e92a55d,e343a998f4df4ac195c84e0fb571a393,f2ef424352f14dda92691047ee9f15fa,b52468fc0af2435f9ba91939f72bbf6a,7ec1584e9a5b49eab9ef249143d9bb86,1ad0cf33e96243888d5f970195a75586,191b01e1728e4583a8ead5a86db27370,0bd1cce9370a461089e25393086800a8,7326afe68eb64b63993b3dae022c645d,ca0fe2dd97434e2ca7aecc38d4f1fcd9
67d233f58d224956a6992019e5ee4e52,8987ceafff324f9599b842542e37eddd,d695b7afdc3841a28a56df578e56afce,17b5eb6fab65476f827dd355b4a20a55,7e190e3c05d74e6b9f103e39142c1684,8dfd98bb97584157b207e1f4be471a8e,ae3f42d57b3046a3821026173286a43e,5d5baf5ce88b4b529e28ab9c7c114148,e06d08ff594a4acbac12edf579743fcf,f532294d68604bc2aa9ad8804a8c6d5f,75bf181ea5dc490e95d364a5f5c7af1d
a3afbfc200e74247b56879592dfebb6b,8987ceafff324f9599b842542e37eddd,17b5eb6fab65476f827dd355b4a20a55,7e190e3c05d74e6b9f103e39142c1684,d695b7afdc3841a28a56df578e56afce,f532294d68604bc2aa9ad8804a8c6d5f,ae3f42d57b3046a3821026173286a43e,5537ddec608a4ec586ea068fa27547ca,5d5baf5ce88b4b529e28ab9c7c114148,75bf181ea5dc490e95d364a5f5c7af1d,8dfd98bb97584157b207e1f4be471a8e
8d7604f278b740d4aeacdb8878c4346c,7e190e3c05d74e6b9f103e39142c1684,17b5eb6fab65476f827dd355b4a20a55,ff171f0b29974f78b0e81fee30abdd38,8987ceafff324f9599b842542e37eddd,b277101390e1465685ef79bf3519f8d7,aedd476072b345e9be46ebd7260e93a6,0f52f676197e4d4e92dec0a7bc4c4f7d,f6207eb593394ff78e2cb35057477422,ca5add3cbf044a95a5bec88a5841ce98,636c21e19a5845e1b8d69a5fca928030
8ec2127576a4485793b9d92153318d43,7e190e3c05d74e6b9f103e39142c1684,ff171f0b29974f78b0e81fee30abdd38,17b5eb6fab65476f827dd355b4a20a55,8987ceafff324f9599b842542e37eddd,0f52f676197e4d4e92dec0a7bc4c4f7d,aedd476072b345e9be46ebd7260e93a6,b277101390e1465685ef79bf3519f8d7,75bf181ea5dc490e95d364a5f5c7af1d,636c21e19a5845e1b8d69a5fca928030,b702b2b61ce048c6bf5af3c4dca18b1a
626cb3b50e974ad681234aa162f908dc,097c30a7f39a4a3abf6da2ca80cad3a5,6af17cec494c4373a95865d270a29171,acbf8eae7e064c11bab7adf66f216990,bb5c7d03a54647d08b8c62deeb803271,597aab8bb15240f89fd1b24a8e38258d,47eb17da319d440aa52da8008c26327a,0f785440b29548e1a1968868262fd42e,36ee1613abf245cdbe93fef69b5f981f,236c362d8b664c93b41882c119df9706,e9428816b054499298745b742f128f65
94f452ef32d5484fb3f57a09817b9f1d,009be1c3430743ff9b054bdfcd6228d6,18ab15fbf00f42f7a410ec75f7592bea,1c2b01416e3943e3b3c575e53c3f1d16,d60986f4025d443ea58adba0e3d224a1,236c362d8b664c93b41882c119df9706,36ee1613abf245cdbe93fef69b5f981f,aaab880f032a4e00904cf50566164044,6af17cec494c4373a95865d270a29171,597aab8bb15240f89fd1b24a8e38258d,acbf8eae7e064c11bab7adf66f216990
535a28e902f348a580ea213312ceb00c,097c30a7f39a4a3abf6da2ca80cad3a5,6af17cec494c4373a95865d270a29171,acbf8eae7e064c11bab7adf66f216990,597aab8bb15240f89fd1b24a8e38258d,bb5c7d03a54647d08b8c62deeb803271,47eb17da319d440aa52da8008c26327a,0f785440b29548e1a1968868262fd42e,36ee1613abf245cdbe93fef69b5f981f,d60986f4025d443ea58adba0e3d224a1,e9428816b054499298745b742f128f65
e15e47a180cc428db81815b4d543f5b2,009be1c3430743ff9b054bdfcd6228d6,18ab15fbf00f42f7a410ec75f7592bea,1c2b01416e3943e3b3c575e53c3f1d16,d60986f4025d443ea58adba0e3d224a1,236c362d8b664c93b41882c119df9706,aaab880f032a4e00904cf50566164044,36ee1613abf245cdbe93fef69b5f981f,6af17cec494c4373a95865d270a29171,597aab8bb15240f89fd1b24a8e38258d,acbf8eae7e064c11bab7adf66f216990
da51bfb867844c51948b40b82c100086,da61e0de396149208c9ebd0fd6d7415d,f5bcc6f48ed2447581b401d453039866,530b37164090408dbab4e6da51111b8a,7c1126d46a934db6b951d1e98feae327,095ac293b64a4a58b1b3d3f71453a267,c2a665cec90e46db8d2a74389beb4649,27a67d3e76814297aebf64e03d14c336,ac5a760b45c146ec840193371cfb2d30,c3502ff31ce6459a96164c934f297562,99dbf0cd0c6343ffbcf97f04efc4143c
ac80730acb08455c893a3d869cfc6da4,da61e0de396149208c9ebd0fd6d7415d,f5bcc6f48ed2447581b401d453039866,530b37164090408dbab4e6da51111b8a,095ac293b64a4a58b1b3d3f71453a267,7c1126d46a934db6b951d1e98feae327,27a67d3e76814297aebf64e03d14c336,c2a665cec90e46db8d2a74389beb4649,c3502ff31ce6459a96164c934f297562,d87e5facd03b45f9829e8a1cd0fe0190,e4e12f4711fd41e39075e26cc274df45
f9840dbad6f34d8dafdf0b5c3bf04cb8,530b37164090408dbab4e6da51111b8a,f5bcc6f48ed2447581b401d453039866,095ac293b64a4a58b1b3d3f71453a267,da61e0de396149208c9ebd0fd6d7415d,5cfb876eeb4f410aa1282cc279f0e546,f69855cdf66d4f6887ecfd0ddb9014b5,c2a665cec90e46db8d2a74389beb4649,44f41e6e6faa4facb0bb9a72205229f8,c3502ff31ce6459a96164c934f297562,8dfd98bb97584157b207e1f4be471a8e
b5a9253e400f4be2a770d5cc396a168d,291130c42a884be2800e026bab5ddf53,c4e79c8992e54866b0c6f26c55b1a774,69ac8397e9624bfd8aee237b9f9ea3b5,6f8d80f8673144dfa7a4e09190442ab3,4926607aafe749538c930e108275547e,c14e45f5201b4038bdddddb238d888a3,664da77d25e74df693eaad44a5e7617f,3356a8a8c6ee4f30bc2b028e360d4471,15b7b988bba143989cfd98d5c6c4d203,31f80e4c87164e2893375ec7e73b372e
7225852aa975430d8fdd288151e7f0b1,291130c42a884be2800e026bab5ddf53,c4e79c8992e54866b0c6f26c55b1a774,69ac8397e9624bfd8aee237b9f9ea3b5,6f8d80f8673144dfa7a4e09190442ab3,31f80e4c87164e2893375ec7e73b372e,c14e45f5201b4038bdddddb238d888a3,4926607aafe749538c930e108275547e,db0c3a952e454b90aa4a68feb6a50e87,e343a998f4df4ac195c84e0fb571a393,86f59bd78b424260b0cf356f2f9ae734
a96d696a72654ee6b6dc50fd558310c7,c4e79c8992e54866b0c6f26c55b1a774,291130c42a884be2800e026bab5ddf53,f9fe93fae6084350b81964d354e2130f,6f8d80f8673144dfa7a4e09190442ab3,c2a665cec90e46db8d2a74389beb4649,e5a3c8867e44498d9182e8be934e0fce,db620271348d404a9a0b978d96c63f29,36ee1613abf245cdbe93fef69b5f981f,b85d652ba8d244f8ab9e941966094f28,31f80e4c87164e2893375ec7e73b372e
37b367fa65f74351b74612f813c76536,c4e79c8992e54866b0c6f26c55b1a774,291130c42a884be2800e026bab5ddf53,59e4dcf2794943b18fb902a6eb475ff8,b85d652ba8d244f8ab9e941966094f28,632cc2bc04034dd4848855fe6497262d,6f8d80f8673144dfa7a4e09190442ab3,c2a665cec90e46db8d2a74389beb4649,52f20bd7eb50430c95f0916727880a1b,36ee1613abf245cdbe93fef69b5f981f,cf7476d6c96b4dcdb6f025b9291eb62b
08f68074e69745d0a65e386ce21fddc8,1d93c07de74c482ebf0a76ec564c3252,50aa0f56e00d4c23ac78b3e63bc0f0e1,bb6ecabbce1b43d997d00d7acdc95193,716a15d66b63424a8068da89e75733b4,f92d16d3a970487094292439c3e00923,8c5f38853679436ba434b6a696e43168,a8904adcdd21495f890bc614bfdbf86f,2acbd3ec289a47f7b4108896ec632585,13aca0959cc948cabeee0d7255f55a65,93bf0b86be094f68a9d308ca5ecfb4e3
68465053fe3d4c0bb46ce2dd5bd8a32b,50aa0f56e00d4c23ac78b3e63bc0f0e1,1d93c07de74c482ebf0a76ec564c3252,b01fd4d037a84a7aa777e1fc345c73c5,716a15d66b63424a8068da89e75733b4,13aca0959cc948cabeee0d7255f55a65,8c5f38853679436ba434b6a696e43168,bb6ecabbce1b43d997d00d7acdc95193,d37bf09399d848df9a4d880fb097239c,a8904adcdd21495f890bc614bfdbf86f,93bf0b86be094f68a9d308ca5ecfb4e3
893596ad13e54f2daf6287092d79d6ae,50aa0f56e00d4c23ac78b3e63bc0f0e1,1d93c07de74c482ebf0a76ec564c3252,716a15d66b63424a8068da89e75733b4,b01fd4d037a84a7aa777e1fc345c73c5,13aca0959cc948cabeee0d7255f55a65,bb6ecabbce1b43d997d00d7acdc95193,8c5f38853679436ba434b6a696e43168,a8904adcdd21495f890bc614bfdbf86f,93bf0b86be094f68a9d308ca5ecfb4e3,afac6ae28fac41dabae96696990c5555
603dd3df1374474d9bb550bfa01147e6,1d93c07de74c482ebf0a76ec564c3252,50aa0f56e00d4c23ac78b3e63bc0f0e1,af648fa7ac6c4c50a246de470329cd83,b01fd4d037a84a7aa777e1fc345c73c5,887e323cc38f4cf8adc5970617f1c286,afac6ae28fac41dabae96696990c5555,bb6ecabbce1b43d997d00d7acdc95193,a8904adcdd21495f890bc614bfdbf86f,716a15d66b63424a8068da89e75733b4,8c5f38853679436ba434b6a696e43168
02de17a638f94e98ac7dce22ddde14ee,5c644b51b1394a7b8fa0a9a6275c422d,a2612682d9854a30a7684c91c8619ec9,67984873125e4a0f9562179c906d1b0f,8fca2e4873e946f7a788af2b846cebd7,4c293487c809486585d65ed10b2cb1e4,25afb6f7e9314af09008644bca5955b9,5c8a8b7a59c54b9aa7b7136fd91b5869,7879fa4d4db046a2a8d195311b6e5789,66cba49431224a3788f914d6a80165e1,eeb3b60f34af40de850e065b475d8180
902d22a8d96c4f0ab484d880bfc2e287,5c644b51b1394a7b8fa0a9a6275c422d,a2612682d9854a30a7684c91c8619ec9,67984873125e4a0f9562179c906d1b0f,8fca2e4873e946f7a788af2b846cebd7,4c293487c809486585d65ed10b2cb1e4,5c8a8b7a59c54b9aa7b7136fd91b5869,25afb6f7e9314af09008644bca5955b9,66cba49431224a3788f914d6a80165e1,e88ce4cd350f43398a5c0ab8629cee72,bb84a4cf60c84a8d8e23276b1863d293
ae7ab0c6a5a14d8e8586a9699557a7fd,a2612682d9854a30a7684c91c8619ec9,5c644b51b1394a7b8fa0a9a6275c422d,25afb6f7e9314af09008644bca5955b9,67984873125e4a0f9562179c906d1b0f,e2769c67dadd4c988f7ccf249a998a56,8fca2e4873e946f7a788af2b846cebd7,5c8a8b7a59c54b9aa7b7136fd91b5869,4c293487c809486585d65ed10b2cb1e4,66cba49431224a3788f914d6a80165e1,7879fa4d4db046a2a8d195311b6e5789
b0bed57573cb454590995348d9c3451b,25afb6f7e9314af09008644bca5955b9,e88ce4cd350f43398a5c0ab8629cee72,a2612682d9854a30a7684c91c8619ec9,7bbe3c76bcc04d73969f920d43fcc67d,4a7fa5a1bafe4b6995e2920444ac07c4,6732de8994744decbb3306c74aaa7882,8c7c9eaae41a44a3a4ebe39ce167d300,bb84a4cf60c84a8d8e23276b1863d293,5c644b51b1394a7b8fa0a9a6275c422d,19098957d8c24cab95daa30c2baefd8f
7599a56ef38f493d9ee1b47c9ae8fb02,25afb6f7e9314af09008644bca5955b9,e88ce4cd350f43398a5c0ab8629cee72,a2612682d9854a30a7684c91c8619ec9,7bbe3c76bcc04d73969f920d43fcc67d,bb84a4cf60c84a8d8e23276b1863d293,6732de8994744decbb3306c74aaa7882,4a7fa5a1bafe4b6995e2920444ac07c4,8c7c9eaae41a44a3a4ebe39ce167d300,b4dadb3ea3a04cc3932094471debce13,f464960d2dbc43c0970c60600bd7f1cd
165c7dbc2b894793b9fb4752c3092399,d476be2399b7424a88d242b771c32041,9948a890ef25479e834f70944cb42eae,33e2a95109e647cbb4ba2687631b169a,2acbd3ec289a47f7b4108896ec632585,25109e3a7df549e5b380aae716d71366,0971af4212484a958eb0f60f93d1dfe0,eff24b01b2f5428baa4c3fef6cb40d41,0592b57e490d4206a3f12eb004a0afe0,8dfbb6a204a0441492c35baca6190969,82d68ea370f8451aa16ea08f4601245c
5d809a0446e94ce08823b0be4c6e85f3,d476be2399b7424a88d242b771c32041,9948a890ef25479e834f70944cb42eae,25109e3a7df549e5b380aae716d71366,52ee59901f3b4de884d7a6720538aed6,0971af4212484a958eb0f60f93d1dfe0,70558882c04e46bd99d15e9786468418,e343a998f4df4ac195c84e0fb571a393,b52468fc0af2435f9ba91939f72bbf6a,8dfbb6a204a0441492c35baca6190969,eff24b01b2f5428baa4c3fef6cb40d41
92568b35bd5b40c6860861e28db2deb2,9948a890ef25479e834f70944cb42eae,d476be2399b7424a88d242b771c32041,2acbd3ec289a47f7b4108896ec632585,33e2a95109e647cbb4ba2687631b169a,0971af4212484a958eb0f60f93d1dfe0,5f65785004054c67a618fe43b6a30f56,5a6f4a2f7f6a4b1fa146493472e6d721,baf841bad27c456c9de7227555ea3ef8,ca0fe2dd97434e2ca7aecc38d4f1fcd9,4a3d4daed4b24a1898551f0fd1ba44f1
158d18f87a6b42b483a70835afe005fe,9948a890ef25479e834f70944cb42eae,d476be2399b7424a88d242b771c32041,2acbd3ec289a47f7b4108896ec632585,ca0fe2dd97434e2ca7aecc38d4f1fcd9,3f1c2bb09c4e4400b6ba19542fafce18,33e2a95109e647cbb4ba2687631b169a,0971af4212484a958eb0f60f93d1dfe0,7d0190486da540718e4dc4ca4bd1f573,baf841bad27c456c9de7227555ea3ef8,e343a998f4df4ac195c84e0fb571a393
0c0e949f7e9b48398fe5eff0d7dd803e,26e55eb4d910464497d700bfdf5a36ca,092cb872c8724c7681c50da9c6cfa252,a94cb58f1ca8456b96e39b5b1ebfb7ea,a5d5fb459a1844088e93ae557ab34afe,4c36aafaf38f4e9e9e09991737196fe1,2fcf4a04d3654ffb9a5c1dfa3799e4f0,4e4495962a9b4864882397042f1a2b3e,0eb119aabc884795a4768c6d3e677ea1,7c1126d46a934db6b951d1e98feae327,2d43cf91509846e29ab4febd7781919f
4ea8b345742042fd848e678d308fa183,092cb872c8724c7681c50da9c6cfa252,26e55eb4d910464497d700bfdf5a36ca,a5d5fb459a1844088e93ae557ab34afe,07958f43551e459eb30638b632e3cd64,984058b7165d4c6385bec3c94afa9fb2,f65c7f50929f431dbf31b441d87616d0,636c21e19a5845e1b8d69a5fca928030,a94cb58f1ca8456b96e39b5b1ebfb7ea,dbb3fe11ad004895b302a84e7c066fcc,b277101390e1465685ef79bf3519f8d7
37bffb22be1b4b25a409e630b58bb3a7,a5d5fb459a1844088e93ae557ab34afe,092cb872c8724c7681c50da9c6cfa252,556743bab70d4b75bafcf192fef95b16,02641488de414b72b63f62b40200b101,2f0401170d104b47b0a8f087f69dee88,aedd476072b345e9be46ebd7260e93a6,8683a3ad55d84a78834fabe20cde5269,4e4495962a9b4864882397042f1a2b3e,6bedb2d6ace34e18811b7f1206b2d1b0,636c21e19a5845e1b8d69a5fca928030
fdff932278894d1885bfbc905009ea46,a5d5fb459a1844088e93ae557ab34afe,092cb872c8724c7681c50da9c6cfa252,2b3ecf8be2b242f3b8a1e714390749fb,02641488de414b72b63f62b40200b101,8683a3ad55d84a78834fabe20cde5269,4e4495962a9b4864882397042f1a2b3e,b277101390e1465685ef79bf3519f8d7,6bedb2d6ace34e18811b7f1206b2d1b0,910827a15eac4e4b9005d8e46ad71f6e,4d0a737f396d4a95808085bd1306746c
55c258651d4f46ba879ad04a408ca3f8,092cb872c8724c7681c50da9c6cfa252,26e55eb4d910464497d700bfdf5a36ca,a5d5fb459a1844088e93ae557ab34afe,c84deec0ecf843c39f52d4cb8e7300f8,07958f43551e459eb30638b632e3cd64,8683a3ad55d84a78834fabe20cde5269,984058b7165d4c6385bec3c94afa9fb2,a94cb58f1ca8456b96e39b5b1ebfb7ea,b277101390e1465685ef79bf3519f8d7,f65c7f50929f431dbf31b441d87616d0
173024800a4148a59d834a44d0998dbe,de1102228a324428989533278cd482f6,06b7dd1b701544ac80dd7ca54ed707cf,7070715ef90743da8691dd4ad134eb0c,27a0d24dc1e14b28a1f18456b29c93f1,64d9091426f9461c97c98a5428856bcf,c1def54262224e23acf67a9870725ce5,999a2b52a5004ee984e587d5a1327b23,e8927e14983a43da900edd926dd35adb,bcfa4a4177d44d8b8cda17b7a23196b0,d75a52d716984f318f976bbfc7bee787
04f607a8dfdb4e6f8c795634b207e615,06b7dd1b701544ac80dd7ca54ed707cf,7070715ef90743da8691dd4ad134eb0c,de1102228a324428989533278cd482f6,d75a52d716984f318f976bbfc7bee787,b3a022950e444682a113cec5a0537f6a,570f08ce2a1a47978eab16bf7ad16a68,bcfa4a4177d44d8b8cda17b7a23196b0,fc430b7683934be2aba12468b2409bb8,64d9091426f9461c97c98a5428856bcf,d445ccdb4cda497e9f0343a3298022d2
29b78bc662074f5abb91b5e7ee16deb6,7070715ef90743da8691dd4ad134eb0c,06b7dd1b701544ac80dd7ca54ed707cf,de1102228a324428989533278cd482f6,d445ccdb4cda497e9f0343a3298022d2,d75a52d716984f318f976bbfc7bee787,898eabaaa1a047e18aecbb1c5a8decbf,200f7fc78e4c403982f61b2894e50bad,64d9091426f9461c97c98a5428856bcf,570f08ce2a1a47978eab16bf7ad16a68,08ecf89bc10942a4bd894482f6fcdfa7
bf6af233a7fb4678bde3bcd210972057,06b7dd1b701544ac80dd7ca54ed707cf,7070715ef90743da8691dd4ad134eb0c,de1102228a324428989533278cd482f6,d75a52d716984f318f976bbfc7bee787,b3a022950e444682a113cec5a0537f6a,bcfa4a4177d44d8b8cda17b7a23196b0,570f08ce2a1a47978eab16bf7ad16a68,fc430b7683934be2aba12468b2409bb8,64d9091426f9461c97c98a5428856bcf,d445ccdb4cda497e9f0343a3298022d2
3444cb452c4d4832b75091f5da7012db,7070715ef90743da8691dd4ad134eb0c,06b7dd1b701544ac80dd7ca54ed707cf,de1102228a324428989533278cd482f6,d75a52d716984f318f976bbfc7bee787,d445ccdb4cda497e9f0343a3298022d2,570f08ce2a1a47978eab16bf7ad16a68,08ecf89bc10942a4bd894482f6fcdfa7,898eabaaa1a047e18aecbb1c5a8decbf,200f7fc78e4c403982f61b2894e50bad,64d9091426f9461c97c98a5428856bcf
8f00737911424dcdbc5360702808b86e,d7c9dafddaf547159d366dacf7b68a7e,f676e16c6a134bd5a7bbeee4590adcfe,11e1e3cdfe214385a2c24d0f957dde9b,cb32ec9a538a4c0f8462771946ced93b,a70909d3ce0d4235913b5ce6a138dcce,f59a3ee5387440d981754b6595e8664c,b425f33c33ad4be89a12da266d131a86,73f684f538ea452cbb4fbecc2e8126a4,2939ef012c5c4a1b94b49df9469dfb3c,2c65a898314b42e6b2e93dca66fd15c2
084019a95c9f43539a52748e0ee608d3,11e1e3cdfe214385a2c24d0f957dde9b,f676e16c6a134bd5a7bbeee4590adcfe,d7c9dafddaf547159d366dacf7b68a7e,cb32ec9a538a4c0f8462771946ced93b,b425f33c33ad4be89a12da266d131a86,e22e1ad3c1fc4493bcb7c9b923566ff7,8a464aa9e2ee45d0abc7ae6181cd1bda,a865b8d581b44104afe7c8508e3486f5,b00b2395b49949508fade89bb3eac98b,b44645c11ece4326a45f50fdc5d45dcf
d7fcb70c976c46d3a977d1bd3acaa7b4,d7c9dafddaf547159d366dacf7b68a7e,11e1e3cdfe214385a2c24d0f957dde9b,b626eb67c2e14afeae2846bb150976f3,174581fc299840e18e827432c0cce4dc,f676e16c6a134bd5a7bbeee4590adcfe,b00b2395b49949508fade89bb3eac98b,2939ef012c5c4a1b94b49df9469dfb3c,2c65a898314b42e6b2e93dca66fd15c2,cb32ec9a538a4c0f8462771946ced93b,79721c9bb6a54ecdb3d0a0f4011762c1
a44ce941098b4f6b948eb8588bd09fa7,11e1e3cdfe214385a2c24d0f957dde9b,d7c9dafddaf547159d366dacf7b68a7e,f676e16c6a134bd5a7bbeee4590adcfe,2939ef012c5c4a1b94b49df9469dfb3c,db69f22fe72246ea85d33991961a649a,7070715ef90743da8691dd4ad134eb0c,2c65a898314b42e6b2e93dca66fd15c2,f59a3ee5387440d981754b6595e8664c,fa190e42ce5a47c99bcaa76138dbc615,43464ed6733f4642a0b90e7d995a5e40
1778aabe52c7435187be3eb1461b918a,d7c9dafddaf547159d366dacf7b68a7e,11e1e3cdfe214385a2c24d0f957dde9b,b626eb67c2e14afeae2846bb150976f3,174581fc299840e18e827432c0cce4dc,2939ef012c5c4a1b94b49df9469dfb3c,f676e16c6a134bd5a7bbeee4590adcfe,b00b2395b49949508fade89bb3eac98b,cb32ec9a538a4c0f8462771946ced93b,1a0ac2d40cb04ca993e1db68d787728a,2c65a898314b42e6b2e93dca66fd15c2
172e27e7700f4ca399b42d88a4f1c140,1c2b01416e3943e3b3c575e53c3f1d16,18ab15fbf00f42f7a410ec75f7592bea,be42a43f5186434db4f2815f768a9991,d60986f4025d443ea58adba0e3d224a1,009be1c3430743ff9b054bdfcd6228d6,e9428816b054499298745b742f128f65,8fca2e4873e946f7a788af2b846cebd7,5c8a8b7a59c54b9aa7b7136fd91b5869,bce599075dfd4fac8dd78626106e3071,40f040fd5c824c8e8e710af1fdf70b5f
7790838dcafa4412a5fc14b1cf3e7e95,1c2b01416e3943e3b3c575e53c3f1d16,18ab15fbf00f42f7a410ec75f7592bea,be42a43f5186434db4f2815f768a9991,009be1c3430743ff9b054bdfcd6228d6,d60986f4025d443ea58adba0e3d224a1,e9428816b054499298745b742f128f65,8fca2e4873e946f7a788af2b846cebd7,bce599075dfd4fac8dd78626106e3071,47eb17da319d440aa52da8008c26327a,5c8a8b7a59c54b9aa7b7136fd91b5869
3106ad6941604756bf3bd61f1cd9709b,18ab15fbf00f42f7a410ec75f7592bea,1c2b01416e3943e3b3c575e53c3f1d16,009be1c3430743ff9b054bdfcd6228d6,d60986f4025d443ea58adba0e3d224a1,e9428816b054499298745b742f128f65,be42a43f5186434db4f2815f768a9991,5c8a8b7a59c54b9aa7b7136fd91b5869,8fca2e4873e946f7a788af2b846cebd7,bce599075dfd4fac8dd78626106e3071,ca1a2a6308834baba3140b5ce8f81320
a2efa66a925344b8b896a8a0cfbb2661,f464960d2dbc43c0970c60600bd7f1cd,25afb6f7e9314af09008644bca5955b9,bb5c7d03a54647d08b8c62deeb803271,097c30a7f39a4a3abf6da2ca80cad3a5,18ab15fbf00f42f7a410ec75f7592bea,d716ea165223433a8d49b93e96989482,0f785440b29548e1a1968868262fd42e,7daa434073604cb98a04fefb55468dda,361f2b7f3f044907b3a331872fb18755,04d24d1cf42b4f7787d8d300cbad6d50
e4c0fba56e824b5cb4b6aeb4700f2d76,8f0e477fc779414e9b47995c0b25a87d,5537ddec608a4ec586ea068fa27547ca,938147b72e9540da8513910871e0830a,b90d74e80c37486eaee89b6fbab13671,39a08a87897f47d3bdbbdc5ed8c9cd7f,3cb231e1167e45f9bf5771a4e0074092,cf290994a83e4909aec30077477b9d04,fc70a4c2c4834e0eba1a14470f563b03,db620271348d404a9a0b978d96c63f29,1d70bc69b2f84bef9aa5fb0d9917e38d
6242d18df5cd4f5cb63a1105ffbd971e,8f0e477fc779414e9b47995c0b25a87d,5537ddec608a4ec586ea068fa27547ca,938147b72e9540da8513910871e0830a,b90d74e80c37486eaee89b6fbab13671,cf290994a83e4909aec30077477b9d04,3cb231e1167e45f9bf5771a4e0074092,fc70a4c2c4834e0eba1a14470f563b03,b5f237fefb38465bb6a068c9cf75ba31,00fb3a55134242769182c520d55681a2,8d595c7da42545c88052e7b213b6c97c
dc46278e6e01447e8c262d2884fdd9bb,6c79712e67b54dd0a11d426a91207939,5363ae1c905d4879a63259de4954702e,295d0d40791245ff838c73a2aa27d065,33b5e2ae5ebe4f548bac3a00ab0a59eb,8889c114b071429cbe2418f5b0f2024b,2471f23cb9b64d35a72deed09c9c8975,5537ddec608a4ec586ea068fa27547ca,e735729c80d84f76a6133c065d5380f8,d9096650c434432c871effeca9acd5c6,f532294d68604bc2aa9ad8804a8c6d5f
8ba5ddc596414a9695e18a68ace669d5,6c79712e67b54dd0a11d426a91207939,5363ae1c905d4879a63259de4954702e,295d0d40791245ff838c73a2aa27d065,33b5e2ae5ebe4f548bac3a00ab0a59eb,8889c114b071429cbe2418f5b0f2024b,2471f23cb9b64d35a72deed09c9c8975,f532294d68604bc2aa9ad8804a8c6d5f,5537ddec608a4ec586ea068fa27547ca,d9096650c434432c871effeca9acd5c6,30578712823948b086e3781343982938
bc709d8a81a346b5aca36d4ffb49d234,13cda6e8f2d948eeb5508288a172e76f,20297482a5014732a843c9fdafba548e,1aaf8edc37ea412b85e3d1b5c5317051,c3f66637872c4141ab3898296739457d,98b2022b2cb84af09ee8b789db928b13,67dd23cfd20f46dc82acc82c108a1dc6,da61d9bc8f024a4aba18d5c3072b7838,ce4fdd5499f8498793c11e586f7da70c,5f481b07f9734f518a14853831233b78,6f57d1175ad243edada61643d01fcd54
93bbe46e371c44f284f4487aa854a903,20297482a5014732a843c9fdafba548e,13cda6e8f2d948eeb5508288a172e76f,7d6122daabe442ffb5e57ece1882e714,1f9cd7f2b7a14e2f8d490a104a56edcd,7ab9086baf99475d8c93862a7dd36344,6f57d1175ad243edada61643d01fcd54,19b81e71e7f04ebcbfade9daa899ed3d,7ec1584e9a5b49eab9ef249143d9bb86,01bbbf1caa554d94b5decb69cc1add41,5e2f1a45f7174f1aa39a194179985876
cd3c7eb34f6f4d45bcd3a71dd304f187,20297482a5014732a843c9fdafba548e,13cda6e8f2d948eeb5508288a172e76f,4a6eba10a02a4ecdbb6b25e8651c3789,01bbbf1caa554d94b5decb69cc1add41,26b18153216b48d793b75598ddb54d77,434551fdf9e443ed91679a9557ae6fd5,64fc9fe3c8d5424ebc005e5cf4a608db,4385ac4645b34f3c8a44c4676ebcd8be,6f57d1175ad243edada61643d01fcd54,15b7b988bba143989cfd98d5c6c4d203
c900c56e641f49749087f609b8ab6f4b,13cda6e8f2d948eeb5508288a172e76f,20297482a5014732a843c9fdafba548e,1aaf8edc37ea412b85e3d1b5c5317051,93dc50abd35349f7923100dca2f41002,da61d9bc8f024a4aba18d5c3072b7838,c3f66637872c4141ab3898296739457d,d65e3a3657ae455e954b6d7221afc84c,98b2022b2cb84af09ee8b789db928b13,ce4fdd5499f8498793c11e586f7da70c,0c9c05f86aa042abbdd66d2b2d05d374
f747d567755a4d7a83b918fcff6e4b5c,db69f22fe72246ea85d33991961a649a,eeb3b60f34af40de850e065b475d8180,f92d16d3a970487094292439c3e00923,1d70bc69b2f84bef9aa5fb0d9917e38d,b675be39e8ff421aa59811f146da945b,2f0401170d104b47b0a8f087f69dee88,67984873125e4a0f9562179c906d1b0f,5d5baf5ce88b4b529e28ab9c7c114148,7f0b453cc8c14156802497f5cbae9d62,673aee19895b4d339ada93213d8874ac
b52c282983934e3699bf0c6b64dc8d7c,db69f22fe72246ea85d33991961a649a,eeb3b60f34af40de850e065b475d8180,f92d16d3a970487094292439c3e00923,b675be39e8ff421aa59811f146da945b,1d70bc69b2f84bef9aa5fb0d9917e38d,2f0401170d104b47b0a8f087f69dee88,673aee19895b4d339ada93213d8874ac,7f0b453cc8c14156802497f5cbae9d62,5d5baf5ce88b4b529e28ab9c7c114148,67984873125e4a0f9562179c906d1b0f
cb43fab6f1b147acbb71f39df054f667,0a2c24dead204be9ae36be358e1223f9,3b37a4c34b6e4ca89a04da864e141422,9452a2f21f7d4feeb2605d9b6647fc13,f6507bae2aaa4785842167f8320428b3,bce599075dfd4fac8dd78626106e3071,7f0a68d19d2e4850846ffc08c47ed87d,ff276acede2f4c14876ef47257758ae8,08ecf89bc10942a4bd894482f6fcdfa7,4c293487c809486585d65ed10b2cb1e4,d445ccdb4cda497e9f0343a3298022d2
c0ca3c37cd574f37a90afbcab9554fb9,3b37a4c34b6e4ca89a04da864e141422,0a2c24dead204be9ae36be358e1223f9,08ecf89bc10942a4bd894482f6fcdfa7,67984873125e4a0f9562179c906d1b0f,9452a2f21f7d4feeb2605d9b6647fc13,1b827db6f6cf4ecb850928c2f9e41de2,d445ccdb4cda497e9f0343a3298022d2,7f0a68d19d2e4850846ffc08c47ed87d,d5ecdd142b544edca1b16ee83a9cf908,d0b6e9c1cc5341faba9e03c17767bc2e
0520b04de7b946fb84e99b6ae1269a1f,3b37a4c34b6e4ca89a04da864e141422,0a2c24dead204be9ae36be358e1223f9,08ecf89bc10942a4bd894482f6fcdfa7,67984873125e4a0f9562179c906d1b0f,d445ccdb4cda497e9f0343a3298022d2,8fca2e4873e946f7a788af2b846cebd7,7070715ef90743da8691dd4ad134eb0c,86f59bd78b424260b0cf356f2f9ae734,bce599075dfd4fac8dd78626106e3071,5c8a8b7a59c54b9aa7b7136fd91b5869
c7dcc094c48b40fd94db148562b6f0e9,0a2c24dead204be9ae36be358e1223f9,3b37a4c34b6e4ca89a04da864e141422,9452a2f21f7d4feeb2605d9b6647fc13,bce599075dfd4fac8dd78626106e3071,f6507bae2aaa4785842167f8320428b3,08ecf89bc10942a4bd894482f6fcdfa7,7070715ef90743da8691dd4ad134eb0c,d445ccdb4cda497e9f0343a3298022d2,31a2675a2e944a1ab3b810cfb92ebd34,1b827db6f6cf4ecb850928c2f9e41de2
ddd81e0cf0bf473caeae21db037c05f3,476ce3ffff564a5aa985808e7d2cab17,243dbbcdc67c42bfa6f32c47477adf6d,434551fdf9e443ed91679a9557ae6fd5,4254f6eaaed746bea797c3522036fc12,cae139b6e4914ce7b0ef1e68b8b857eb,f65b6fb5b40a49d1896de7a115469d40,52ee59901f3b4de884d7a6720538aed6,e53dd6188816429ab915de6f9649a026,8683a3ad55d84a78834fabe20cde5269,b6c493a3666c4db193e86c79faf099ab
c7a7fb2ef38346cab2c63eb4b30f835b,243dbbcdc67c42bfa6f32c47477adf6d,476ce3ffff564a5aa985808e7d2cab17,4254f6eaaed746bea797c3522036fc12,434551fdf9e443ed91679a9557ae6fd5,f65b6fb5b40a49d1896de7a115469d40,cf293392122347a180cf2126f4589acb,b6c493a3666c4db193e86c79faf099ab,f6207eb593394ff78e2cb35057477422,cae139b6e4914ce7b0ef1e68b8b857eb,cb75c6ef71cb4991805920f2894e0e96
53bb342b2fbb403cbc5546f80ef1cf70,476ce3ffff564a5aa985808e7d2cab17,243dbbcdc67c42bfa6f32c47477adf6d,434551fdf9e443ed91679a9557ae6fd5,4254f6eaaed746bea797c3522036fc12,cae139b6e4914ce7b0ef1e68b8b857eb,52ee59901f3b4de884d7a6720538aed6,b6c493a3666c4db193e86c79faf099ab,f65b6fb5b40a49d1896de7a115469d40,db620271348d404a9a0b978d96c63f29,e3854d75221c4e38879a6106bb5c1941
320e73d1bf40458380ad0ac60af40a94,243dbbcdc67c42bfa6f32c47477adf6d,476ce3ffff564a5aa985808e7d2cab17,4254f6eaaed746bea797c3522036fc12,434551fdf9e443ed91679a9557ae6fd5,f65b6fb5b40a49d1896de7a115469d40,b6c493a3666c4db193e86c79faf099ab,cf293392122347a180cf2126f4589acb,13e659415ac84c7a81fc769111d43417,cae139b6e4914ce7b0ef1e68b8b857eb,8d595c7da42545c88052e7b213b6c97c
4a790fe3c73f4c1f9565d50067722fbf,eabdd2813a954f9aa01f0eb8212ee387,076e2669c305401fb3afcfafdd6c79c7,6bde760ad5d4485db9889b1bdc074005,5fc200cab89346658c9c91cce27e85fe,d0e41bf891254ba0872f1641139f84f6,0c889c151e094b948c13b0275e660a9c,2c8eafa0ff26437a862dc2224ab57073,cd6ce920d00e4d17a6cf04f9f7e550b7,4e22dc65beb7450b9260cf27e50919e4,6b7b5d28293d4a5a8075f7f7dd231ddb
b374c835abb74519904d89a6f4367ea2,d0e41bf891254ba0872f1641139f84f6,076e2669c305401fb3afcfafdd6c79c7,0c889c151e094b948c13b0275e660a9c,5fc200cab89346658c9c91cce27e85fe,6b7b5d28293d4a5a8075f7f7dd231ddb,eabdd2813a954f9aa01f0eb8212ee387,cd6ce920d00e4d17a6cf04f9f7e550b7,6bde760ad5d4485db9889b1bdc074005,0cdb0f32850f4585a16de4886462bbe0,2c8eafa0ff26437a862dc2224ab57073
358dc33d74d3427697ddadedc1d2a83e,5fc200cab89346658c9c91cce27e85fe,076e2669c305401fb3afcfafdd6c79c7,d0e41bf891254ba0872f1641139f84f6,2c8eafa0ff26437a862dc2224ab57073,eabdd2813a954f9aa01f0eb8212ee387,0c889c151e094b948c13b0275e660a9c,0cdb0f32850f4585a16de4886462bbe0,1f9cd7f2b7a14e2f8d490a104a56edcd,e06d08ff594a4acbac12edf579743fcf,cd6ce920d00e4d17a6cf04f9f7e550b7
1840d3d379eb48cc97d68a3c7ece76a0,ef511457ee7c490c8e10eccf6e18fef6,04d24d1cf42b4f7787d8d300cbad6d50,74de04f31db94a99b757685c91779412,dd36cc0867b94d55a43b82c1c9a0e95c,b4dadb3ea3a04cc3932094471debce13,3e59b61eb70146308db2308b988b54cf,b0236c76ae244fd8aacbea7da10e55ca,8fca2e4873e946f7a788af2b846cebd7,bb84a4cf60c84a8d8e23276b1863d293,e88ce4cd350f43398a5c0ab8629cee72
11c35b811aae4a88b9417172320999bb,74de04f31db94a99b757685c91779412,dd36cc0867b94d55a43b82c1c9a0e95c,ef511457ee7c490c8e10eccf6e18fef6,04d24d1cf42b4f7787d8d300cbad6d50,8fca2e4873e946f7a788af2b846cebd7,b626eb67c2e14afeae2846bb150976f3,b4dadb3ea3a04cc3932094471debce13,898eabaaa1a047e18aecbb1c5a8decbf,1d70bc69b2f84bef9aa5fb0d9917e38d,5c8a8b7a59c54b9aa7b7136fd91b5869
6dbd11275bf1493ca16a6492ba2f511c,ef511457ee7c490c8e10eccf6e18fef6,04d24d1cf42b4f7787d8d300cbad6d50,74de04f31db94a99b757685c91779412,dd36cc0867b94d55a43b82c1c9a0e95c,3e59b61eb70146308db2308b988b54cf,b4dadb3ea3a04cc3932094471debce13,b0236c76ae244fd8aacbea7da10e55ca,bb84a4cf60c84a8d8e23276b1863d293,8fca2e4873e946f7a788af2b846cebd7,7f5b658239034d35b7f4cf1c63cb388c
26f693acd01d492bae2384f853a7924a,74de04f31db94a99b757685c91779412,dd36cc0867b94d55a43b82c1c9a0e95c,ef511457ee7c490c8e10eccf6e18fef6,04d24d1cf42b4f7787d8d300cbad6d50,8fca2e4873e946f7a788af2b846cebd7,b626eb67c2e14afeae2846bb150976f3,b4dadb3ea3a04cc3932094471debce13,898eabaaa1a047e18aecbb1c5a8decbf,5c8a8b7a59c54b9aa7b7136fd91b5869,1d70bc69b2f84bef9aa5fb0d9917e38d
9ec6567a98fa4b3bb0c40f6580f8688e,7199f2fe77824236a392e1f00a5bdfc3,3aaea7fa41fd43cdb88f8ef59062c5df,ff276acede2f4c14876ef47257758ae8,f6507bae2aaa4785842167f8320428b3,6c874292dbcc49ff8bb8bbe5643593a5,0a2c24dead204be9ae36be358e1223f9,e79ae27b52fa4d54aa37735fd275c66e,9677dd2a3aae457a8079087ce4177e14,99a52c93a3304ec18dab9206f98f2a8b,3b37a4c34b6e4ca89a04da864e141422
d16732c065604317b9457f0f53b9e356,3aaea7fa41fd43cdb88f8ef59062c5df,ff276acede2f4c14876ef47257758ae8,7199f2fe77824236a392e1f00a5bdfc3,f6507bae2aaa4785842167f8320428b3,e79ae27b52fa4d54aa37735fd275c66e,0a2c24dead204be9ae36be358e1223f9,e511c40ca6324803b5021e47b4e777f8,df7ea50171af48df81584ab7e8107d15,191b01e1728e4583a8ead5a86db27370,01930613ce7d4a5f90ccf78d1e92a55d
805041534e3944d4bf48b927f4e971e1,ff276acede2f4c14876ef47257758ae8,3aaea7fa41fd43cdb88f8ef59062c5df,7199f2fe77824236a392e1f00a5bdfc3,f6507bae2aaa4785842167f8320428b3,df7ea50171af48df81584ab7e8107d15,e79ae27b52fa4d54aa37735fd275c66e,01930613ce7d4a5f90ccf78d1e92a55d,c66c6f1449d44728a2ef72de53dd6d5e,6c874292dbcc49ff8bb8bbe5643593a5,b40d3c588ad647ff85e397a6bc5f9d8b
f25d93d4fff845dbba58d34a9ba4da56,7199f2fe77824236a392e1f00a5bdfc3,3aaea7fa41fd43cdb88f8ef59062c5df,ff276acede2f4c14876ef47257758ae8,f6507bae2aaa4785842167f8320428b3,0a2c24dead204be9ae36be358e1223f9,6c874292dbcc49ff8bb8bbe5643593a5,e79ae27b52fa4d54aa37735fd275c66e,3b37a4c34b6e4ca89a04da864e141422,df0c94234d9d4890b5b4b95c441b3e9a,df7ea50171af48df81584ab7e8107d15
ae2ef12666344157a4a58eb1012bea10,7ef653f7e5f64e1b8bba73b9518b87b7,878e5c41be5c477e9f660ca361fdd727,f3fddb55448a46778b5d807642cceb71,cb550e5ff4694fe9a19eaa6588cef250,3bd43a42811048e3b7a7d9740bdb1971,54e9bbd0093947a3bda5fef48ef7493d,4c36aafaf38f4e9e9e09991737196fe1,21eb9f06dd834a108d816efdf3aca8dc,71d4b4036e594d7399506e6fd9b88063,1d70bc69b2f84bef9aa5fb0d9917e38d
c007e0935fe7472a9ef764a15c2bae1a,7ef653f7e5f64e1b8bba73b9518b87b7,878e5c41be5c477e9f660ca361fdd727,f3fddb55448a46778b5d807642cceb71,cb550e5ff4694fe9a19eaa6588cef250,3bd43a42811048e3b7a7d9740bdb1971,21eb9f06dd834a108d816efdf3aca8dc,dd77b570036f40de9fdf49011bb9e2d8,5d5baf5ce88b4b529e28ab9c7c114148,24c55bb5cd694770ba895c7401da2ba5,e2e0c8c96aff4c00896ac6986bbb20c2
ca758fdcdecf418c8193105975e32b5a,7ef653f7e5f64e1b8bba73b9518b87b7,878e5c41be5c477e9f660ca361fdd727,f3fddb55448a46778b5d807642cceb71,cb550e5ff4694fe9a19eaa6588cef250,3bd43a42811048e3b7a7d9740bdb1971,eeb3b60f34af40de850e065b475d8180,2fcf4a04d3654ffb9a5c1dfa3799e4f0,b702b2b61ce048c6bf5af3c4dca18b1a,0accd1d0138b49049d437c0d9b1c23c3,a35d7304347a4f81b1ccfb086956921c
62d4e090de42404b884cdf0aeea36d2d,cf290994a83e4909aec30077477b9d04,8c674a7b65e24114a45dd3c861a7ccfc,1f3cf50fe1f947d8a56e02ebca441c4c,fc70a4c2c4834e0eba1a14470f563b03,14ca42308d3141fba50b774042144343,43464ed6733f4642a0b90e7d995a5e40,f65b6fb5b40a49d1896de7a115469d40,00fb3a55134242769182c520d55681a2,8c5f38853679436ba434b6a696e43168,b6c493a3666c4db193e86c79faf099ab
4a90414f82f14268928f92849227e3e4,8c674a7b65e24114a45dd3c861a7ccfc,cf290994a83e4909aec30077477b9d04,2939ef012c5c4a1b94b49df9469dfb3c,415641aa43724ed9bc4710302b77edc3,8a464aa9e2ee45d0abc7ae6181cd1bda,f4b7e6e902e344859cb041126b69ce3c,b6c493a3666c4db193e86c79faf099ab,4230775a9d51448396cacb9061f0e5f9,be9e713988ba4bbba869885cad419259,14ca42308d3141fba50b774042144343
8b1b59a271e64b7d92225d1479ab0fa0,8c674a7b65e24114a45dd3c861a7ccfc,cf290994a83e4909aec30077477b9d04,415641aa43724ed9bc4710302b77edc3,2939ef012c5c4a1b94b49df9469dfb3c,8a464aa9e2ee45d0abc7ae6181cd1bda,f4b7e6e902e344859cb041126b69ce3c,4230775a9d51448396cacb9061f0e5f9,b6c493a3666c4db193e86c79faf099ab,be9e713988ba4bbba869885cad419259,14ca42308d3141fba50b774042144343
31555c3dbb51459eb52da0ce111a5382,cf290994a83e4909aec30077477b9d04,8c674a7b65e24114a45dd3c861a7ccfc,1f3cf50fe1f947d8a56e02ebca441c4c,fc70a4c2c4834e0eba1a14470f563b03,f65b6fb5b40a49d1896de7a115469d40,14ca42308d3141fba50b774042144343,00fb3a55134242769182c520d55681a2,cb32ec9a538a4c0f8462771946ced93b,b6c493a3666c4db193e86c79faf099ab,8a464aa9e2ee45d0abc7ae6181cd1bda
bb7eb4ba9b5943b6a61ff124ef6239b4,77d8e01a914d4f4a8b87d407e0d741aa,08ecf89bc10942a4bd894482f6fcdfa7,384b14b18c3c43b1a4dc1aa2f661e076,d445ccdb4cda497e9f0343a3298022d2,64d9091426f9461c97c98a5428856bcf,384f94503bcd4f4c863056ad69f45b43,0e28ed072d6c444aa6f02e64955b44c6,27fe100af7884932a33bf30f10dacc55,77c8b175ca9d411b8d28d1ed0dc40304,06b7dd1b701544ac80dd7ca54ed707cf
e1d35002bf604e59a1a055673b110d7b,64d9091426f9461c97c98a5428856bcf,77d8e01a914d4f4a8b87d407e0d741aa,de1102228a324428989533278cd482f6,08ecf89bc10942a4bd894482f6fcdfa7,06b7dd1b701544ac80dd7ca54ed707cf,d445ccdb4cda497e9f0343a3298022d2,10b152bdafe94db8a93f7c374226a071,40f040fd5c824c8e8e710af1fdf70b5f,0e28ed072d6c444aa6f02e64955b44c6,aaab880f032a4e00904cf50566164044
409ee169523c45b0935d17521c001655,77d8e01a914d4f4a8b87d407e0d741aa,384b14b18c3c43b1a4dc1aa2f661e076,08ecf89bc10942a4bd894482f6fcdfa7,d445ccdb4cda497e9f0343a3298022d2,64d9091426f9461c97c98a5428856bcf,384f94503bcd4f4c863056ad69f45b43,6400e3f6a14c492ba399bd414faca075,898eabaaa1a047e18aecbb1c5a8decbf,0e28ed072d6c444aa6f02e64955b44c6,de1102228a324428989533278cd482f6
3c0da2e0535d4efab77b6201db1866d3,5760084aabef4d8095b2d21902151f64,f2ef424352f14dda92691047ee9f15fa,19b81e71e7f04ebcbfade9daa899ed3d,7d6122daabe442ffb5e57ece1882e714,7ab9086baf99475d8c93862a7dd36344,2b039224b54142d185a406b31fe01de2,7bbe3c76bcc04d73969f920d43fcc67d,57bcda73abab44ee930b20cdaee9d24b,99830b8da7c24f909914f7bb167f3ea6,e834bfbd30b247e899f0dc029ab9f072
1693abbd511b40648b18f87e485be585,19b81e71e7f04ebcbfade9daa899ed3d,5760084aabef4d8095b2d21902151f64,ff276acede2f4c14876ef47257758ae8,191b01e1728e4583a8ead5a86db27370,b425f33c33ad4be89a12da266d131a86,796eade2ee4f466781d9f6669db43e48,f2ef424352f14dda92691047ee9f15fa,ab57f83304bc4005998bbd6bc063fb4f,5e2f1a45f7174f1aa39a194179985876,14ca42308d3141fba50b774042144343
220c7fef1fe54586b4f4c4ac80924512,7326afe68eb64b63993b3dae022c645d,f2ef424352f14dda92691047ee9f15fa,5760084aabef4d8095b2d21902151f64,ad42c467d0fe43dbb328073f9a16bc4d,9d09e3cd382c4d0ea0f6f50261e3e4c8,eb21a4e2b7bd43efbdf0c365415e7fef,3c0f3b44c0844df49b5898406fe9195a,01930613ce7d4a5f90ccf78d1e92a55d,c78547bdc2e64ac8935559f7de2efd41,b40d3c588ad647ff85e397a6bc5f9d8b
995e4d102a3b41e3b4c81d2e30253554,f2ef424352f14dda92691047ee9f15fa,5760084aabef4d8095b2d21902151f64,7326afe68eb64b63993b3dae022c645d,2b039224b54142d185a406b31fe01de2,7ab9086baf99475d8c93862a7dd36344,3c1b91a23b694da1973dbc5f75f2f3ed,57bcda73abab44ee930b20cdaee9d24b,19b81e71e7f04ebcbfade9daa899ed3d,9d09e3cd382c4d0ea0f6f50261e3e4c8,5abf57d57d84440e94d0d2e2ffb37575
32b2409ee0304c6f8c633cf2838fc107,d9b70c4ed8bb4fc5957ecebf102528ee,0a61f52258f643b6a6436a1ec234e197,4e7ee74be72a461fa02fa61bee62bdcc,d9b97376c5e44d8786f861a5788af644,df7ea50171af48df81584ab7e8107d15,2939ef012c5c4a1b94b49df9469dfb3c,d7c9dafddaf547159d366dacf7b68a7e,00fb3a55134242769182c520d55681a2,43464ed6733f4642a0b90e7d995a5e40,dd36cc0867b94d55a43b82c1c9a0e95c
38393c2659214de8b744a8747b3060da,0a61f52258f643b6a6436a1ec234e197,d9b70c4ed8bb4fc5957ecebf102528ee,df7ea50171af48df81584ab7e8107d15,0d0973762130427eaa2ce9a7a34517db,5b588e34588940788a22036b775ecc2f,4e7ee74be72a461fa02fa61bee62bdcc,fa190e42ce5a47c99bcaa76138dbc615,e903085a3f944ad2a41c37306b4e6ab4,d9b97376c5e44d8786f861a5788af644,ca544e6629b14e8fab5f7cb40d1ac88e
b1fb22cca72c471fbf933b076b3ba471,0a61f52258f643b6a6436a1ec234e197,d9b70c4ed8bb4fc5957ecebf102528ee,df7ea50171af48df81584ab7e8107d15,fa190e42ce5a47c99bcaa76138dbc615,2ece45504eff42469c104dc2a2d03caf,b626eb67c2e14afeae2846bb150976f3,4e7ee74be72a461fa02fa61bee62bdcc,f59a3ee5387440d981754b6595e8664c,bc607fd6000b43108e49b3d05688fe90,d9b97376c5e44d8786f861a5788af644
c425735cc2d645f89ae700274561ff76,fadf133e0e684a24ac79b5fa9515bac2,0bd1cce9370a461089e25393086800a8,6f57d1175ad243edada61643d01fcd54,56272326c7e94e419ea8c69fb634f610,225818abe99e45a0bf5b0b3ec30db76b,f439b5616ba24b7f82eccfa095a0eff8,c756409435634fc48c643a64e73c93ce,7ec1584e9a5b49eab9ef249143d9bb86,cc243eebbb2b44a581745865a60c423a,df5ca61304074da1bec8f536ab50baf3
d37fad90466d41fb99cc1281af258b44,56272326c7e94e419ea8c69fb634f610,d9ac372330a4446886fa19bac0d19877,fadf133e0e684a24ac79b5fa9515bac2,0bd1cce9370a461089e25393086800a8,3675c688960a4f3b9f82c4ccf4049e93,6f57d1175ad243edada61643d01fcd54,f439b5616ba24b7f82eccfa095a0eff8,0f785440b29548e1a1968868262fd42e,cc243eebbb2b44a581745865a60c423a,521004289ebc4e6da6623381d40a5e73
8f59b2636caf43f29362aad398734e84,fadf133e0e684a24ac79b5fa9515bac2,0bd1cce9370a461089e25393086800a8,6f57d1175ad243edada61643d01fcd54,56272326c7e94e419ea8c69fb634f610,225818abe99e45a0bf5b0b3ec30db76b,c756409435634fc48c643a64e73c93ce,f439b5616ba24b7f82eccfa095a0eff8,cc243eebbb2b44a581745865a60c423a,7ec1584e9a5b49eab9ef249143d9bb86,df5ca61304074da1bec8f536ab50baf3
92e239ee1c9942eda10a987e5a192aad,d9ac372330a4446886fa19bac0d19877,56272326c7e94e419ea8c69fb634f610,cc243eebbb2b44a581745865a60c423a,cf293392122347a180cf2126f4589acb,3c1b91a23b694da1973dbc5f75f2f3ed,f439b5616ba24b7f82eccfa095a0eff8,fadf133e0e684a24ac79b5fa9515bac2,5abf57d57d84440e94d0d2e2ffb37575,225818abe99e45a0bf5b0b3ec30db76b,df5ca61304074da1bec8f536ab50baf3
6ca76ef7aa7d4121a75374b29ba7d263,56272326c7e94e419ea8c69fb634f610,d9ac372330a4446886fa19bac0d19877,fadf133e0e684a24ac79b5fa9515bac2,0bd1cce9370a461089e25393086800a8,f439b5616ba24b7f82eccfa095a0eff8,3675c688960a4f3b9f82c4ccf4049e93,6f57d1175ad243edada61643d01fcd54,0f785440b29548e1a1968868262fd42e,cc243eebbb2b44a581745865a60c423a,521004289ebc4e6da6623381d40a5e73
2cdba5196ffe4c8797018ef98b7a52c4,3d3e8565d2f84e0cad5ae622f2909765,2471f23cb9b64d35a72deed09c9c8975,e2e0c8c96aff4c00896ac6986bbb20c2,57bcda73abab44ee930b20cdaee9d24b,7daa434073604cb98a04fefb55468dda,b702b2b61ce048c6bf5af3c4dca18b1a,0accd1d0138b49049d437c0d9b1c23c3,bfd1d441da734aad88cfacdab3ee4059,361f2b7f3f044907b3a331872fb18755,6d3b4c95066e4dd8a6ad1c66b1c1ea4f
8e69932dfcf247039202e839e2e4ad92,2471f23cb9b64d35a72deed09c9c8975,3d3e8565d2f84e0cad5ae622f2909765,7daa434073604cb98a04fefb55468dda,39e2b00e1cbd471488cf56f31d2cec7f,1aef014473b84ef9a0f799114fe516c9,0accd1d0138b49049d437c0d9b1c23c3,cf293392122347a180cf2126f4589acb,30578712823948b086e3781343982938,8889c114b071429cbe2418f5b0f2024b,361f2b7f3f044907b3a331872fb18755
c876e09aeff84624b8a01d61b99fed1f,3d3e8565d2f84e0cad5ae622f2909765,2471f23cb9b64d35a72deed09c9c8975,7daa434073604cb98a04fefb55468dda,e2e0c8c96aff4c00896ac6986bbb20c2,57bcda73abab44ee930b20cdaee9d24b,b702b2b61ce048c6bf5af3c4dca18b1a,6d3b4c95066e4dd8a6ad1c66b1c1ea4f,0accd1d0138b49049d437c0d9b1c23c3,27a0d24dc1e14b28a1f18456b29c93f1,e7ee85dd47ca43eeb2fdcd70b802f0ec
660e576505194cfbb8e673b09a078b98,2471f23cb9b64d35a72deed09c9c8975,3d3e8565d2f84e0cad5ae622f2909765,cf293392122347a180cf2126f4589acb,7daa434073604cb98a04fefb55468dda,39e2b00e1cbd471488cf56f31d2cec7f,1aef014473b84ef9a0f799114fe516c9,30578712823948b086e3781343982938,5d5baf5ce88b4b529e28ab9c7c114148,0accd1d0138b49049d437c0d9b1c23c3,5c09482fc8dc45bdbf7919f00dd540e0
795efbe9c2fe4b3dbc173c89167f9163,3c0f3b44c0844df49b5898406fe9195a,211ef3181e524685866fb8574d9bf456,7d0190486da540718e4dc4ca4bd1f573,36ac84a73ad34261ad45cf569edb60af,5cf392f15360460bae6a6b0182bb99b9,1393dac7d34b4c34b1a8091a5bea3663,67dd23cfd20f46dc82acc82c108a1dc6,812a1568c77d46e695f8eb7357e24a0e,6c6de17135be4f8c9423be633eaefcd4,59e4dcf2794943b18fb902a6eb475ff8
2be3682989f94c34b19ee0da04571f91,3c0f3b44c0844df49b5898406fe9195a,211ef3181e524685866fb8574d9bf456,7d0190486da540718e4dc4ca4bd1f573,36ac84a73ad34261ad45cf569edb60af,5cf392f15360460bae6a6b0182bb99b9,6c6de17135be4f8c9423be633eaefcd4,812a1568c77d46e695f8eb7357e24a0e,1393dac7d34b4c34b1a8091a5bea3663,67dd23cfd20f46dc82acc82c108a1dc6,2b3ecf8be2b242f3b8a1e714390749fb
68215d17cd25495b93f219bc1621c8aa,7d0190486da540718e4dc4ca4bd1f573,3c0f3b44c0844df49b5898406fe9195a,34b736136487439389c10cc6bd4e9f4e,6c51b4f57ba0415f994756e944b11cee,f37d285ad0de42f0b1546d0d1acfb221,ab57f83304bc4005998bbd6bc063fb4f,42b6af4853fc465f83ec054f8f8289a4,211ef3181e524685866fb8574d9bf456,6c6de17135be4f8c9423be633eaefcd4,c1d504dfeded4b8bb3c07777b7c7abde
701794a02e204afbbbd3a8689e7eb5f0,7d0190486da540718e4dc4ca4bd1f573,34b736136487439389c10cc6bd4e9f4e,3c0f3b44c0844df49b5898406fe9195a,6c51b4f57ba0415f994756e944b11cee,f37d285ad0de42f0b1546d0d1acfb221,ab57f83304bc4005998bbd6bc063fb4f,211ef3181e524685866fb8574d9bf456,42b6af4853fc465f83ec054f8f8289a4,6c6de17135be4f8c9423be633eaefcd4,c1d504dfeded4b8bb3c07777b7c7abde
fc791f8358f54a66be0e95f809bc8e2d,84581d81d46d44bc99ffb8f871646a7a,db13ed5446be46269dff3de3c1bf2660,7aceed0dbea645b091207f4a53d879f2,1099cb6f4fac4eb8a1fb6db50e18296b,f5bcc6f48ed2447581b401d453039866,eff24b01b2f5428baa4c3fef6cb40d41,eeca68825e2a4bbdaa5ae962998fc33b,bf789f42ccfc42c5a330a3f6e30ddb83,37ae696e40dd42ebb4738722daa3c523,5f65785004054c67a618fe43b6a30f56
24729e6784174289859f89243ee3228c,db13ed5446be46269dff3de3c1bf2660,84581d81d46d44bc99ffb8f871646a7a,1099cb6f4fac4eb8a1fb6db50e18296b,7aceed0dbea645b091207f4a53d879f2,bf789f42ccfc42c5a330a3f6e30ddb83,a94cb58f1ca8456b96e39b5b1ebfb7ea,b77d8b7bb0114c379139d280a9210e83,37ae696e40dd42ebb4738722daa3c523,bbdf9065122d499d9d8f80ad3e0ef6f3,db0c3a952e454b90aa4a68feb6a50e87
ca6805db708f46198fe4e47abb975231,8987ceafff324f9599b842542e37eddd,17b5eb6fab65476f827dd355b4a20a55,ff171f0b29974f78b0e81fee30abdd38,7e190e3c05d74e6b9f103e39142c1684,aedd476072b345e9be46ebd7260e93a6,d87e5facd03b45f9829e8a1cd0fe0190,6ea31a945d494834a3d243f1f90af02a,3ec67e948e15423fac23fdd38a7d4cca,7627d5e28ba74cbeaf9225e88a7a44cc,7879fa4d4db046a2a8d195311b6e5789
98ab5e0cc5f8413e993869c9729b464d,8987ceafff324f9599b842542e37eddd,17b5eb6fab65476f827dd355b4a20a55,ff171f0b29974f78b0e81fee30abdd38,7e190e3c05d74e6b9f103e39142c1684,a94cb58f1ca8456b96e39b5b1ebfb7ea,7aceed0dbea645b091207f4a53d879f2,4c67cc7a1ccc496db132636e3f4853a2,e12ad1ce8e7940a999b9a4f91a95fab7,dbb3fe11ad004895b302a84e7c066fcc,e735729c80d84f76a6133c065d5380f8
6cd0e8707bc64b2a808ed3479ee223ab,acbf8eae7e064c11bab7adf66f216990,6af17cec494c4373a95865d270a29171,597aab8bb15240f89fd1b24a8e38258d,097c30a7f39a4a3abf6da2ca80cad3a5,36ee1613abf245cdbe93fef69b5f981f,47eb17da319d440aa52da8008c26327a,88f796c14d184ecfaa5b0109161db259,236c362d8b664c93b41882c119df9706,10b152bdafe94db8a93f7c374226a071,009be1c3430743ff9b054bdfcd6228d6
dbec5198890f4c209fd8ef08d73c40ce,597aab8bb15240f89fd1b24a8e38258d,acbf8eae7e064c11bab7adf66f216990,6af17cec494c4373a95865d270a29171,097c30a7f39a4a3abf6da2ca80cad3a5,36ee1613abf245cdbe93fef69b5f981f,47eb17da319d440aa52da8008c26327a,1a842f077119475794cc2de48e154374,b85d652ba8d244f8ab9e941966094f28,88f796c14d184ecfaa5b0109161db259,236c362d8b664c93b41882c119df9706
ee7c4fd5b21848a380cf4e90f9f5cdca,acbf8eae7e064c11bab7adf66f216990,6af17cec494c4373a95865d270a29171,597aab8bb15240f89fd1b24a8e38258d,097c30a7f39a4a3abf6da2ca80cad3a5,47eb17da319d440aa52da8008c26327a,36ee1613abf245cdbe93fef69b5f981f,aaab880f032a4e00904cf50566164044,10b152bdafe94db8a93f7c374226a071,beccee3a988f48c1ad207e2380766fa4,88f796c14d184ecfaa5b0109161db259
b0a8fa5a4b474306b97fd69abcdc245f,6af17cec494c4373a95865d270a29171,acbf8eae7e064c11bab7adf66f216990,597aab8bb15240f89fd1b24a8e38258d,097c30a7f39a4a3abf6da2ca80cad3a5,47eb17da319d440aa52da8008c26327a,36ee1613abf245cdbe93fef69b5f981f,aaab880f032a4e00904cf50566164044,1a842f077119475794cc2de48e154374,236c362d8b664c93b41882c119df9706,009be1c3430743ff9b054bdfcd6228d6
2c22ed57d17c4aa097b37805a50b9294,2c82919b038847fabbf5d13ca5ac55a7,0842a796c09b4089933a4f27e4e5e3bc,31a2675a2e944a1ab3b810cfb92ebd34,86f59bd78b424260b0cf356f2f9ae734,d0b6e9c1cc5341faba9e03c17767bc2e,09f4970dfe684b809bc0959fb62f41bf,e2769c67dadd4c988f7ccf249a998a56,3574ab91c29940b3afc62354ae06b73b,1b827db6f6cf4ecb850928c2f9e41de2,f31e9fdffaa642ed98e91b07a30f3a8c
ee0bdf8b7e3142509f97816c8fae19bd,09f4970dfe684b809bc0959fb62f41bf,86f59bd78b424260b0cf356f2f9ae734,d0b6e9c1cc5341faba9e03c17767bc2e,31a2675a2e944a1ab3b810cfb92ebd34,0842a796c09b4089933a4f27e4e5e3bc,1b827db6f6cf4ecb850928c2f9e41de2,2c82919b038847fabbf5d13ca5ac55a7,3574ab91c29940b3afc62354ae06b73b,bce599075dfd4fac8dd78626106e3071,bb5c7d03a54647d08b8c62deeb803271
a0b880f475f147f08f11e0a27dc48fde,2b039224b54142d185a406b31fe01de2,7ab9086baf99475d8c93862a7dd36344,342aaa81ed004635bbf9cbc2592cd7b6,701ac1447f5a414e81156a56c3593a31,cd764fbfae774d068af7549c648a02c9,3e6a4b65a1004c08a6f3f570cf986c2f,f879b316413f45d2b64bb25e3f45a667,8a9dc60359ba49cd8ac170cfb4ac3913,5760084aabef4d8095b2d21902151f64,f5d09519cf7647f8a107cd8fadd322e5
fad484e776d145428e5c2ae92aec4908,342aaa81ed004635bbf9cbc2592cd7b6,7ab9086baf99475d8c93862a7dd36344,2b039224b54142d185a406b31fe01de2,cd764fbfae774d068af7549c648a02c9,f879b316413f45d2b64bb25e3f45a667,f5d09519cf7647f8a107cd8fadd322e5,701ac1447f5a414e81156a56c3593a31,f2ef424352f14dda92691047ee9f15fa,74644c8cc17449cf89379868e7b21398,d5ecdd142b544edca1b16ee83a9cf908
f2b99340a8304f42a058a44fd793927c,2b039224b54142d185a406b31fe01de2,7ab9086baf99475d8c93862a7dd36344,342aaa81ed004635bbf9cbc2592cd7b6,701ac1447f5a414e81156a56c3593a31,3e6a4b65a1004c08a6f3f570cf986c2f,cd764fbfae774d068af7549c648a02c9,f879b316413f45d2b64bb25e3f45a667,f5d09519cf7647f8a107cd8fadd322e5,5760084aabef4d8095b2d21902151f64,8a9dc60359ba49cd8ac170cfb4ac3913
9ad1273ff93d4e9fb7ade33dd8e0ed98,342aaa81ed004635bbf9cbc2592cd7b6,7ab9086baf99475d8c93862a7dd36344,2b039224b54142d185a406b31fe01de2,cd764fbfae774d068af7549c648a02c9,701ac1447f5a414e81156a56c3593a31,f879b316413f45d2b64bb25e3f45a667,f5d09519cf7647f8a107cd8fadd322e5,3c0f3b44c0844df49b5898406fe9195a,d5ecdd142b544edca1b16ee83a9cf908,f2ef424352f14dda92691047ee9f15fa
50cb33eef1b94f6c82103b39c1b98881,36ee1613abf245cdbe93fef69b5f981f,47eb17da319d440aa52da8008c26327a,236c362d8b664c93b41882c119df9706,acbf8eae7e064c11bab7adf66f216990,597aab8bb15240f89fd1b24a8e38258d,6af17cec494c4373a95865d270a29171,097c30a7f39a4a3abf6da2ca80cad3a5,009be1c3430743ff9b054bdfcd6228d6,1ad0cf33e96243888d5f970195a75586,c4e79c8992e54866b0c6f26c55b1a774
7990224cfabd448689a4ce3026d9fe41,47eb17da319d440aa52da8008c26327a,36ee1613abf245cdbe93fef69b5f981f,236c362d8b664c93b41882c119df9706,597aab8bb15240f89fd1b24a8e38258d,1a842f077119475794cc2de48e154374,9db7d32d79024ba6a73c55fde6f55968,00e9d4081c2f45d1a818bfeab099863a,88f796c14d184ecfaa5b0109161db259,6af17cec494c4373a95865d270a29171,a0b4d283f12a407286dbeaa3a4d128a5
fde89e1ecf8840fdbb45c55139eec70f,47eb17da319d440aa52da8008c26327a,36ee1613abf245cdbe93fef69b5f981f,236c362d8b664c93b41882c119df9706,1a842f077119475794cc2de48e154374,597aab8bb15240f89fd1b24a8e38258d,88f796c14d184ecfaa5b0109161db259,00e9d4081c2f45d1a818bfeab099863a,9db7d32d79024ba6a73c55fde6f55968,6af17cec494c4373a95865d270a29171,acbf8eae7e064c11bab7adf66f216990
7141972968b840058e50af9c047f1975,36ee1613abf245cdbe93fef69b5f981f,47eb17da319d440aa52da8008c26327a,236c362d8b664c93b41882c119df9706,acbf8eae7e064c11bab7adf66f216990,597aab8bb15240f89fd1b24a8e38258d,6af17cec494c4373a95865d270a29171,009be1c3430743ff9b054bdfcd6228d6,097c30a7f39a4a3abf6da2ca80cad3a5,1b827db6f6cf4ecb850928c2f9e41de2,b85d652ba8d244f8ab9e941966094f28
978ff949184e4cfcaa6168bf5ec8b635,ca5add3cbf044a95a5bec88a5841ce98,c36ef11228124c438ed3256c9822b03d,7627d5e28ba74cbeaf9225e88a7a44cc,8dfd98bb97584157b207e1f4be471a8e,d695b7afdc3841a28a56df578e56afce,530b37164090408dbab4e6da51111b8a,7c1126d46a934db6b951d1e98feae327,403835bbf2f1447188bcc78e062b0028,e8c8742459dc48a49080bf0e5b3fdee0,d9096650c434432c871effeca9acd5c6
e8d5f4039a4c41ca879ab577cb031ff6,8dfd98bb97584157b207e1f4be471a8e,f5bcc6f48ed2447581b401d453039866,c3502ff31ce6459a96164c934f297562,da61e0de396149208c9ebd0fd6d7415d,ca5add3cbf044a95a5bec88a5841ce98,530b37164090408dbab4e6da51111b8a,d695b7afdc3841a28a56df578e56afce,e12ad1ce8e7940a999b9a4f91a95fab7,0c889c151e094b948c13b0275e660a9c,b83013f4c5524232814efa0f8651867f
652ddece31c14123bb00ca0f797d5627,c3502ff31ce6459a96164c934f297562,0c889c151e094b948c13b0275e660a9c,13e659415ac84c7a81fc769111d43417,65e30dd62cfa4dccb9ea4d908a9d6fab,8dfd98bb97584157b207e1f4be471a8e,7e17bbd109dc486c8f0a76f913782180,c36ef11228124c438ed3256c9822b03d,f3fddb55448a46778b5d807642cceb71,9452a2f21f7d4feeb2605d9b6647fc13,cf290994a83e4909aec30077477b9d04
35b575c8f0a94d4691d7fa9a39e399be,ca5add3cbf044a95a5bec88a5841ce98,c36ef11228124c438ed3256c9822b03d,7627d5e28ba74cbeaf9225e88a7a44cc,403835bbf2f1447188bcc78e062b0028,7c1126d46a934db6b951d1e98feae327,d695b7afdc3841a28a56df578e56afce,530b37164090408dbab4e6da51111b8a,8dfd98bb97584157b207e1f4be471a8e,e8c8742459dc48a49080bf0e5b3fdee0,0c889c151e094b948c13b0275e660a9c
9137d9f3709b476a856868040dd81177,2c8eafa0ff26437a862dc2224ab57073,5fc200cab89346658c9c91cce27e85fe,dbf0926f9f344f1d88b114660db4d2eb,3fce01bbc56d49d39f61cba3d17648f2,6bde760ad5d4485db9889b1bdc074005,d0e41bf891254ba0872f1641139f84f6,eabdd2813a954f9aa01f0eb8212ee387,6b7b5d28293d4a5a8075f7f7dd231ddb,076e2669c305401fb3afcfafdd6c79c7,86179aff3df24ff59b11e9a34974a3f4
19e0f2444bd641bb81c4b9604f3c5b79,2c8eafa0ff26437a862dc2224ab57073,6bde760ad5d4485db9889b1bdc074005,dbf0926f9f344f1d88b114660db4d2eb,5e44915237fc4445b54b037e1c4e29a4,eabdd2813a954f9aa01f0eb8212ee387,6f8d80f8673144dfa7a4e09190442ab3,3fce01bbc56d49d39f61cba3d17648f2,86179aff3df24ff59b11e9a34974a3f4,5fc200cab89346658c9c91cce27e85fe,d0e41bf891254ba0872f1641139f84f6
f8922388774b4a008a6c8d856099d30f,6bde760ad5d4485db9889b1bdc074005,5fc200cab89346658c9c91cce27e85fe,2c8eafa0ff26437a862dc2224ab57073,6b7b5d28293d4a5a8075f7f7dd231ddb,076e2669c305401fb3afcfafdd6c79c7,eabdd2813a954f9aa01f0eb8212ee387,0c889c151e094b948c13b0275e660a9c,5e44915237fc4445b54b037e1c4e29a4,cd6ce920d00e4d17a6cf04f9f7e550b7,d0e41bf891254ba0872f1641139f84f6
d6305586e401475b931a4998caeab35e,6bde760ad5d4485db9889b1bdc074005,5fc200cab89346658c9c91cce27e85fe,2c8eafa0ff26437a862dc2224ab57073,076e2669c305401fb3afcfafdd6c79c7,6b7b5d28293d4a5a8075f7f7dd231ddb,d0e41bf891254ba0872f1641139f84f6,eabdd2813a954f9aa01f0eb8212ee387,cd6ce920d00e4d17a6cf04f9f7e550b7,5e44915237fc4445b54b037e1c4e29a4,0c889c151e094b948c13b0275e660a9c
b1b3c914d57442e687d0d798f678582d,3f28365e18244eb28cc7d23de8895956,0e8487b2e6a2439b9e6623a1e2e5e19d,c235728f290a44d6a5fc2e14111ae02e,415641aa43724ed9bc4710302b77edc3,afaf2edba0ee4d58860a5a04e4aabc5c,4385ac4645b34f3c8a44c4676ebcd8be,59e4dcf2794943b18fb902a6eb475ff8,03df72bcf3504272a27f4bbaea89118a,664da77d25e74df693eaad44a5e7617f,cf7476d6c96b4dcdb6f025b9291eb62b
1e71c6d2af1b4a24867e8235df8f68be,0e8487b2e6a2439b9e6623a1e2e5e19d,3f28365e18244eb28cc7d23de8895956,f4b7e6e902e344859cb041126b69ce3c,716a15d66b63424a8068da89e75733b4,415641aa43724ed9bc4710302b77edc3,9677dd2a3aae457a8079087ce4177e14,48c31b1e2ce94de8968fab433813fa91,c235728f290a44d6a5fc2e14111ae02e,4385ac4645b34f3c8a44c4676ebcd8be,a7077a82d2c74518b96fb45e35f6e150
10a5c96cf3974eb4a43ee1190f555041,0e8487b2e6a2439b9e6623a1e2e5e19d,3f28365e18244eb28cc7d23de8895956,9677dd2a3aae457a8079087ce4177e14,48c31b1e2ce94de8968fab433813fa91,c235728f290a44d6a5fc2e14111ae02e,4385ac4645b34f3c8a44c4676ebcd8be,f4b7e6e902e344859cb041126b69ce3c,716a15d66b63424a8068da89e75733b4,415641aa43724ed9bc4710302b77edc3,a7077a82d2c74518b96fb45e35f6e150
e06807ddbe0f47fbb2131d40df566c5d,3f28365e18244eb28cc7d23de8895956,0e8487b2e6a2439b9e6623a1e2e5e19d,c235728f290a44d6a5fc2e14111ae02e,59e4dcf2794943b18fb902a6eb475ff8,415641aa43724ed9bc4710302b77edc3,4385ac4645b34f3c8a44c4676ebcd8be,03df72bcf3504272a27f4bbaea89118a,664da77d25e74df693eaad44a5e7617f,afaf2edba0ee4d58860a5a04e4aabc5c,cf7476d6c96b4dcdb6f025b9291eb62b
f191bbfff07e4252b111e35c94ed290e,40a95697730046dcbb0d7ba1fe2109a6,e88ce4cd350f43398a5c0ab8629cee72,8b038cd0dafd45d8b1ce75177ca3a76b,384f94503bcd4f4c863056ad69f45b43,1ade4365590a4ac7865100d8c791e340,b4dadb3ea3a04cc3932094471debce13,a4af9472683c4df0a86f9400c99c2b61,14f4db886cca4104877ac7d1d7a64133,e2e0c8c96aff4c00896ac6986bbb20c2,33b5e2ae5ebe4f548bac3a00ab0a59eb
3933d083cd9e45fdb173f91329f16538,40a95697730046dcbb0d7ba1fe2109a6,e88ce4cd350f43398a5c0ab8629cee72,b4dadb3ea3a04cc3932094471debce13,384f94503bcd4f4c863056ad69f45b43,8b038cd0dafd45d8b1ce75177ca3a76b,a4af9472683c4df0a86f9400c99c2b61,1ade4365590a4ac7865100d8c791e340,14f4db886cca4104877ac7d1d7a64133,e2e0c8c96aff4c00896ac6986bbb20c2,04fa591263664fb0a6868552ebd3590b
643c0eec1efd4728b8264ce4fed0d3d8,3ec67e948e15423fac23fdd38a7d4cca,8350ea8cd6514c2c8d7b625abe7e895b,3827ad869b3740278b98db4e65c40e0c,26869cc099c44c4a86f6043476ab4890,07d869789eda4445a1ecfe59c331db0d,5cfb876eeb4f410aa1282cc279f0e546,095ac293b64a4a58b1b3d3f71453a267,bbdf9065122d499d9d8f80ad3e0ef6f3,17b5eb6fab65476f827dd355b4a20a55,39a08a87897f47d3bdbbdc5ed8c9cd7f
effe6696627f429091a6dd53f02eefb5,a35fecee62a9432da0c413f65e895e8c,384f94503bcd4f4c863056ad69f45b43,39a08a87897f47d3bdbbdc5ed8c9cd7f,cc78a6c92dfe4af49c2bd93f15e4f870,68aefc97056440af874039a28497cf98,a5d5fb459a1844088e93ae557ab34afe,444fa28d9ed54c82a522699041eae592,dd77b570036f40de9fdf49011bb9e2d8,9a500a20b1ff4694acc31339a8d1349e,556743bab70d4b75bafcf192fef95b16
8fb15d3cacbd407bb226320c3829b9d1,3827ad869b3740278b98db4e65c40e0c,8350ea8cd6514c2c8d7b625abe7e895b,3ec67e948e15423fac23fdd38a7d4cca,d43b0f94627d45918e18a80be127aa2c,26869cc099c44c4a86f6043476ab4890,8ebbcf8e4e6f400ba1839e9d75806274,00614d60b3544ba790dfd23dd53992e0,85d4175b563d48e5bc6a991b23662f24,3766b26b53874893ae48693880e1942c,93dc50abd35349f7923100dca2f41002
9c535651e4904df1a59b82bd2baf303f,aaab880f032a4e00904cf50566164044,40f040fd5c824c8e8e710af1fdf70b5f,10b152bdafe94db8a93f7c374226a071,beccee3a988f48c1ad207e2380766fa4,27fe100af7884932a33bf30f10dacc55,ec5fe0d3a2a2426ea4e49a5c0ad44e04,b83013f4c5524232814efa0f8651867f,5c8a8b7a59c54b9aa7b7136fd91b5869,898eabaaa1a047e18aecbb1c5a8decbf,7f5b658239034d35b7f4cf1c63cb388c
aa2f3a01706344a289a355c547d3ba1f,aaab880f032a4e00904cf50566164044,40f040fd5c824c8e8e710af1fdf70b5f,10b152bdafe94db8a93f7c374226a071,beccee3a988f48c1ad207e2380766fa4,27fe100af7884932a33bf30f10dacc55,ec5fe0d3a2a2426ea4e49a5c0ad44e04,b83013f4c5524232814efa0f8651867f,5c8a8b7a59c54b9aa7b7136fd91b5869,898eabaaa1a047e18aecbb1c5a8decbf,7f5b658239034d35b7f4cf1c63cb388c
67c8a3a3a76f47dca5dffc57df701923,40f040fd5c824c8e8e710af1fdf70b5f,aaab880f032a4e00904cf50566164044,10b152bdafe94db8a93f7c374226a071,beccee3a988f48c1ad207e2380766fa4,27fe100af7884932a33bf30f10dacc55,ec5fe0d3a2a2426ea4e49a5c0ad44e04,b83013f4c5524232814efa0f8651867f,5c8a8b7a59c54b9aa7b7136fd91b5869,898eabaaa1a047e18aecbb1c5a8decbf,7f5b658239034d35b7f4cf1c63cb388c
517a4c8e0e5e4627b780d2ab38493bcc,d9b97376c5e44d8786f861a5788af644,d65e3a3657ae455e954b6d7221afc84c,48c31b1e2ce94de8968fab433813fa91,772cb9726861451d9972604da6f65c55,189a3b686ad14c24b5e1a495f76dd239,d9b70c4ed8bb4fc5957ecebf102528ee,14f4db886cca4104877ac7d1d7a64133,fa190e42ce5a47c99bcaa76138dbc615,8a9dc60359ba49cd8ac170cfb4ac3913,ad054da7e1704a53931a341173f0605f
80e36297d12e404b9094dc65f4ffd3d4,5b588e34588940788a22036b775ecc2f,5a9a716f53364389864a4018d9e9c6c0,d9b97376c5e44d8786f861a5788af644,df7ea50171af48df81584ab7e8107d15,0d0973762130427eaa2ce9a7a34517db,0a61f52258f643b6a6436a1ec234e197,fa190e42ce5a47c99bcaa76138dbc615,d9b70c4ed8bb4fc5957ecebf102528ee,5605fa1188974644937bbf92fec50e21,d65e3a3657ae455e954b6d7221afc84c
b5f4062f90b440998365198d9656fe97,5b588e34588940788a22036b775ecc2f,df7ea50171af48df81584ab7e8107d15,5a9a716f53364389864a4018d9e9c6c0,0d0973762130427eaa2ce9a7a34517db,0a61f52258f643b6a6436a1ec234e197,d9b97376c5e44d8786f861a5788af644,fa190e42ce5a47c99bcaa76138dbc615,d9b70c4ed8bb4fc5957ecebf102528ee,e8f18e4bdf054390a1768978dca8e430,11e1e3cdfe214385a2c24d0f957dde9b
0471ac805c4b456db243f0805797f2dc,595e438d2b394bb3a3259f47efd37ae8,e0d8aee46b1d4d998858cd05027251b6,7ee65b33f8f44852ada468b1fed83433,2d812431f07c44f1a56a71c72766e0b0,655a618282cd4fa39a26f0967c033f4b,af532d6e5090478ba520505d5f9107f2,06a5f0cec6ce4170a02dad0ad4c55b1c,097f2ce3b88c4d008488b9908076497e,452d645d5bf4485185e996dcec9523e5,60e87368fe334a92b57088b03cccbfc1
72d5e8cd4b71425f86534cb71655d3a0,595e438d2b394bb3a3259f47efd37ae8,e0d8aee46b1d4d998858cd05027251b6,7ee65b33f8f44852ada468b1fed83433,2d812431f07c44f1a56a71c72766e0b0,af532d6e5090478ba520505d5f9107f2,655a618282cd4fa39a26f0967c033f4b,06a5f0cec6ce4170a02dad0ad4c55b1c,097f2ce3b88c4d008488b9908076497e,452d645d5bf4485185e996dcec9523e5,60e87368fe334a92b57088b03cccbfc1
7c6759369d574b4cadfde359fe6eb481,e0d8aee46b1d4d998858cd05027251b6,595e438d2b394bb3a3259f47efd37ae8,2d812431f07c44f1a56a71c72766e0b0,7ee65b33f8f44852ada468b1fed83433,06a5f0cec6ce4170a02dad0ad4c55b1c,af532d6e5090478ba520505d5f9107f2,655a618282cd4fa39a26f0967c033f4b,452d645d5bf4485185e996dcec9523e5,60e87368fe334a92b57088b03cccbfc1,24c55bb5cd694770ba895c7401da2ba5
bba1dbc4ebc4401eb489ace7cdfe3d62,e0d8aee46b1d4d998858cd05027251b6,595e438d2b394bb3a3259f47efd37ae8,2d812431f07c44f1a56a71c72766e0b0,7ee65b33f8f44852ada468b1fed83433,af532d6e5090478ba520505d5f9107f2,06a5f0cec6ce4170a02dad0ad4c55b1c,655a618282cd4fa39a26f0967c033f4b,60e87368fe334a92b57088b03cccbfc1,452d645d5bf4485185e996dcec9523e5,24c55bb5cd694770ba895c7401da2ba5
fb8a64be87ed4691b554bac222e157ab,6ae72ad649c54129b992d321f8f29122,503d2f067a8a4f5798b1c64b07ab0bc5,6bedb2d6ace34e18811b7f1206b2d1b0,f7f600880b064920ab59b907d26aedc6,30c71719aed84c07ae21d0eff0deed72,02641488de414b72b63f62b40200b101,f3fddb55448a46778b5d807642cceb71,f2cfa68a47ce4a43a0fe1cc7dc860418,baad022010b44fad8d8410869d909fd1,a5d5fb459a1844088e93ae557ab34afe
af9351fd1bff4f5bb9e89603c818f703,503d2f067a8a4f5798b1c64b07ab0bc5,6ae72ad649c54129b992d321f8f29122,6bedb2d6ace34e18811b7f1206b2d1b0,02641488de414b72b63f62b40200b101,d9096650c434432c871effeca9acd5c6,f3fddb55448a46778b5d807642cceb71,0c889c151e094b948c13b0275e660a9c,13e659415ac84c7a81fc769111d43417,b5f237fefb38465bb6a068c9cf75ba31,ca5add3cbf044a95a5bec88a5841ce98
9a2ba0ba753c40439a29734968bde279,503d2f067a8a4f5798b1c64b07ab0bc5,6ae72ad649c54129b992d321f8f29122,6bedb2d6ace34e18811b7f1206b2d1b0,02641488de414b72b63f62b40200b101,d9096650c434432c871effeca9acd5c6,13e659415ac84c7a81fc769111d43417,f3fddb55448a46778b5d807642cceb71,c3502ff31ce6459a96164c934f297562,0c889c151e094b948c13b0275e660a9c,ca5add3cbf044a95a5bec88a5841ce98
b92407443bc54ed2805842ca07219659,6ae72ad649c54129b992d321f8f29122,503d2f067a8a4f5798b1c64b07ab0bc5,6bedb2d6ace34e18811b7f1206b2d1b0,02641488de414b72b63f62b40200b101,f7f600880b064920ab59b907d26aedc6,30c71719aed84c07ae21d0eff0deed72,f8e7f9688fd546829da579434180ffee,ff171f0b29974f78b0e81fee30abdd38,f2cfa68a47ce4a43a0fe1cc7dc860418,8889c114b071429cbe2418f5b0f2024b
79f37cf5db664eceb1acbe56e59fdba2,c756409435634fc48c643a64e73c93ce,b9228fdb5f0c413d81cffb51829d95c6,df5ca61304074da1bec8f536ab50baf3,225818abe99e45a0bf5b0b3ec30db76b,ec07b4e88bea4086a5eafed96d81edb5,f439b5616ba24b7f82eccfa095a0eff8,fadf133e0e684a24ac79b5fa9515bac2,cc243eebbb2b44a581745865a60c423a,174581fc299840e18e827432c0cce4dc,f532294d68604bc2aa9ad8804a8c6d5f
8d3b90a569d64372a82d9a26b511d43b,b9228fdb5f0c413d81cffb51829d95c6,df5ca61304074da1bec8f536ab50baf3,c756409435634fc48c643a64e73c93ce,225818abe99e45a0bf5b0b3ec30db76b,ec07b4e88bea4086a5eafed96d81edb5,cc243eebbb2b44a581745865a60c423a,fadf133e0e684a24ac79b5fa9515bac2,f439b5616ba24b7f82eccfa095a0eff8,9677dd2a3aae457a8079087ce4177e14,590df34aa41f46e9ad13ffc6a98da3b7
9203f26b661c4f00976012cebd86ad3e,b9228fdb5f0c413d81cffb51829d95c6,df5ca61304074da1bec8f536ab50baf3,c756409435634fc48c643a64e73c93ce,225818abe99e45a0bf5b0b3ec30db76b,ec07b4e88bea4086a5eafed96d81edb5,fadf133e0e684a24ac79b5fa9515bac2,cc243eebbb2b44a581745865a60c423a,9677dd2a3aae457a8079087ce4177e14,590df34aa41f46e9ad13ffc6a98da3b7,f439b5616ba24b7f82eccfa095a0eff8
bbfbeffe205f44cd8c5bd867f70dc0cf,c756409435634fc48c643a64e73c93ce,b9228fdb5f0c413d81cffb51829d95c6,df5ca61304074da1bec8f536ab50baf3,225818abe99e45a0bf5b0b3ec30db76b,f439b5616ba24b7f82eccfa095a0eff8,cc243eebbb2b44a581745865a60c423a,fadf133e0e684a24ac79b5fa9515bac2,ec07b4e88bea4086a5eafed96d81edb5,9677dd2a3aae457a8079087ce4177e14,174581fc299840e18e827432c0cce4dc
24b76ac90a84462d903374be9d0b2c6f,7d6cdff8c9ac434196df803628fe9f62,dcfb738ebbc24f09bb680fe3a52b702e,4c36aafaf38f4e9e9e09991737196fe1,796eade2ee4f466781d9f6669db43e48,54e9bbd0093947a3bda5fef48ef7493d,44b3bc5953364d72a53edcf9fc4f1fed,a4af9472683c4df0a86f9400c99c2b61,21019944fc2c4838a682a6dcdc62c4ef,772cb9726861451d9972604da6f65c55,4152360a4bea4cbbbfbe45ff3bf7f62b
eeabc5200c23495e9decc640bc81697b,7d6cdff8c9ac434196df803628fe9f62,dcfb738ebbc24f09bb680fe3a52b702e,4c36aafaf38f4e9e9e09991737196fe1,54e9bbd0093947a3bda5fef48ef7493d,44b3bc5953364d72a53edcf9fc4f1fed,a4af9472683c4df0a86f9400c99c2b61,21019944fc2c4838a682a6dcdc62c4ef,772cb9726861451d9972604da6f65c55,4152360a4bea4cbbbfbe45ff3bf7f62b,35d06fce2df446569702778e2250bd82
f7df9ff1967f4b5aad8cb6deb163fa95,dcfb738ebbc24f09bb680fe3a52b702e,e4ee90d625d44a6d9adc138390eef0f8,e22e1ad3c1fc4493bcb7c9b923566ff7,200f7fc78e4c403982f61b2894e50bad,b3a022950e444682a113cec5a0537f6a,7d6cdff8c9ac434196df803628fe9f62,74644c8cc17449cf89379868e7b21398,570f08ce2a1a47978eab16bf7ad16a68,d75a52d716984f318f976bbfc7bee787,f31e9fdffaa642ed98e91b07a30f3a8c
aa188e907acd4beab124f5f8ad0694d1,dcfb738ebbc24f09bb680fe3a52b702e,200f7fc78e4c403982f61b2894e50bad,e4ee90d625d44a6d9adc138390eef0f8,e22e1ad3c1fc4493bcb7c9b923566ff7,74644c8cc17449cf89379868e7b21398,570f08ce2a1a47978eab16bf7ad16a68,f31e9fdffaa642ed98e91b07a30f3a8c,b3a022950e444682a113cec5a0537f6a,9bf3b77eb9874f5f9e006a9cff111ea9,7d6cdff8c9ac434196df803628fe9f62
dcab7d1f66534e95aab82c2040294de9,ac5a760b45c146ec840193371cfb2d30,9bf3b77eb9874f5f9e006a9cff111ea9,36ac84a73ad34261ad45cf569edb60af,c66c6f1449d44728a2ef72de53dd6d5e,0cc5015848a044b59fa4b290813f859c,da61e0de396149208c9ebd0fd6d7415d,7f23e27e5652406784fdc2dea3918125,03df72bcf3504272a27f4bbaea89118a,b8995466f0eb4e7ba141e23216e8b974,c750a2994555414790abb3281572bb42
432081bba65f4c408b3f3783b0d361dc,ac5a760b45c146ec840193371cfb2d30,9bf3b77eb9874f5f9e006a9cff111ea9,c66c6f1449d44728a2ef72de53dd6d5e,36ac84a73ad34261ad45cf569edb60af,0cc5015848a044b59fa4b290813f859c,07958f43551e459eb30638b632e3cd64,b8995466f0eb4e7ba141e23216e8b974,c2a665cec90e46db8d2a74389beb4649,da61e0de396149208c9ebd0fd6d7415d,7f23e27e5652406784fdc2dea3918125
c385a042fa734b73b1bcbec2e14a9dd0,9bf3b77eb9874f5f9e006a9cff111ea9,ac5a760b45c146ec840193371cfb2d30,27a67d3e76814297aebf64e03d14c336,e8c8742459dc48a49080bf0e5b3fdee0,c66c6f1449d44728a2ef72de53dd6d5e,da61e0de396149208c9ebd0fd6d7415d,36ac84a73ad34261ad45cf569edb60af,0cc5015848a044b59fa4b290813f859c,ad054da7e1704a53931a341173f0605f,c2a665cec90e46db8d2a74389beb4649
0b33aed54f7445caadc031f47ad62603,9bf3b77eb9874f5f9e006a9cff111ea9,ac5a760b45c146ec840193371cfb2d30,c66c6f1449d44728a2ef72de53dd6d5e,27a67d3e76814297aebf64e03d14c336,0cc5015848a044b59fa4b290813f859c,e8c8742459dc48a49080bf0e5b3fdee0,da61e0de396149208c9ebd0fd6d7415d,f69bf682935e47e1b4c72d237becd13a,36ac84a73ad34261ad45cf569edb60af,ffe2740eee8c49b39b2ce41f9983bcb4
8954e57cd5544eba8d9fec1e8cc5ea3c,1578afd6ce694d46ab6e24f965f51fd6,9dd98c9126c44642a20711729f2e731e,d2bcc978e7aa49908919d9fc40138b27,9fd4c00672d84215b3e21812aef3d6ac,2c3599a1611644f4908562f8fb8870d3,b3209c60460a437294e2b30a9e9d3f53,f6061b71031b4ddb9384f86c103690a4,2ea3b46262e649f79900258cd90cce31,632cc2bc04034dd4848855fe6497262d,0092d1d820c64646b8bee9fd14f77acf
285ed58a8d154d748bba60ef4ef0123d,9dd98c9126c44642a20711729f2e731e,1578afd6ce694d46ab6e24f965f51fd6,d2bcc978e7aa49908919d9fc40138b27,5f481b07f9734f518a14853831233b78,b52468fc0af2435f9ba91939f72bbf6a,632cc2bc04034dd4848855fe6497262d,d33407004b9e433a9d4147cfe6584d36,48c31b1e2ce94de8968fab433813fa91,c235728f290a44d6a5fc2e14111ae02e,1aef014473b84ef9a0f799114fe516c9
9a11a8c9bd5f451c8babd3c4dde3d9ba,c78547bdc2e64ac8935559f7de2efd41,6dc5832f0ac04df2bd99c6415b3ecf09,bc13c2b0221744a29a8ddf56aa015df9,ad42c467d0fe43dbb328073f9a16bc4d,fb8c2b83e46441c2aaa7c81d3642e2da,99a52c93a3304ec18dab9206f98f2a8b,ca0fe2dd97434e2ca7aecc38d4f1fcd9,b40d3c588ad647ff85e397a6bc5f9d8b,89e983dca0a34b768e17b3871b9cea1e,e511c40ca6324803b5021e47b4e777f8
68931fb463ea43e2b4aaebfa95817d2c,c78547bdc2e64ac8935559f7de2efd41,6dc5832f0ac04df2bd99c6415b3ecf09,bc13c2b0221744a29a8ddf56aa015df9,fb8c2b83e46441c2aaa7c81d3642e2da,ad42c467d0fe43dbb328073f9a16bc4d,99a52c93a3304ec18dab9206f98f2a8b,ca0fe2dd97434e2ca7aecc38d4f1fcd9,89e983dca0a34b768e17b3871b9cea1e,b40d3c588ad647ff85e397a6bc5f9d8b,e511c40ca6324803b5021e47b4e777f8
ee38dd3bcc4543afa6668b1cb7f04db9,191b01e1728e4583a8ead5a86db27370,b40d3c588ad647ff85e397a6bc5f9d8b,7326afe68eb64b63993b3dae022c645d,f2ef424352f14dda92691047ee9f15fa,eee7f32249c5452ea36c8ed3a3540010,c78547bdc2e64ac8935559f7de2efd41,0592b57e490d4206a3f12eb004a0afe0,ad42c467d0fe43dbb328073f9a16bc4d,ab57f83304bc4005998bbd6bc063fb4f,6dc5832f0ac04df2bd99c6415b3ecf09
0c11c50aaac54a2c8cc725ff6073ce3c,e903085a3f944ad2a41c37306b4e6ab4,7e17bbd109dc486c8f0a76f913782180,6b4676aba2a746b3ab778315afc8ee82,7879fa4d4db046a2a8d195311b6e5789,3e4a54908dde405294869e30a92a7623,5c09482fc8dc45bdbf7919f00dd540e0,b64cef9df31c4e92a7b7ecd42f74f396,04d24d1cf42b4f7787d8d300cbad6d50,76e41369a6794714a9fab6968839bfe6,e43d8e7bc32f406b9a692e2604f5b45a
b092fbf434e14ff3911418a406a68bd4,e903085a3f944ad2a41c37306b4e6ab4,7e17bbd109dc486c8f0a76f913782180,6b4676aba2a746b3ab778315afc8ee82,3e4a54908dde405294869e30a92a7623,5c09482fc8dc45bdbf7919f00dd540e0,df7ea50171af48df81584ab7e8107d15,31a2675a2e944a1ab3b810cfb92ebd34,7879fa4d4db046a2a8d195311b6e5789,04d24d1cf42b4f7787d8d300cbad6d50,bb84a4cf60c84a8d8e23276b1863d293
76d9f443399e491c9b01f4bb0f487d6c,7e17bbd109dc486c8f0a76f913782180,c3502ff31ce6459a96164c934f297562,e903085a3f944ad2a41c37306b4e6ab4,5c09482fc8dc45bdbf7919f00dd540e0,7ef653f7e5f64e1b8bba73b9518b87b7,66cba49431224a3788f914d6a80165e1,6b4676aba2a746b3ab778315afc8ee82,9094e936e13641cc9bfcc7dc1408d86e,ca544e6629b14e8fab5f7cb40d1ac88e,7879fa4d4db046a2a8d195311b6e5789
1479ab485d6f4065a6b3679d81d7e6a8,7e17bbd109dc486c8f0a76f913782180,c3502ff31ce6459a96164c934f297562,e903085a3f944ad2a41c37306b4e6ab4,5c09482fc8dc45bdbf7919f00dd540e0,66cba49431224a3788f914d6a80165e1,6b4676aba2a746b3ab778315afc8ee82,7ef653f7e5f64e1b8bba73b9518b87b7,ca544e6629b14e8fab5f7cb40d1ac88e,7879fa4d4db046a2a8d195311b6e5789,9094e936e13641cc9bfcc7dc1408d86e
ff9cb85ab2634f23a327ccaa9cf1e87f,ad054da7e1704a53931a341173f0605f,f1eecad10a61421eb16b1be7435d9c19,033f1514c78b49dd82148b94f6bcbeba,250d411ae270441085be3501b7b55d86,99830b8da7c24f909914f7bb167f3ea6,1aef014473b84ef9a0f799114fe516c9,61d2391e8bc548b6bfa08f1ef2a0c47a,eb21a4e2b7bd43efbdf0c365415e7fef,d33407004b9e433a9d4147cfe6584d36,999a2b52a5004ee984e587d5a1327b23
041fe9a0e0e3466eaee94e0c5058d4dd,ad054da7e1704a53931a341173f0605f,f1eecad10a61421eb16b1be7435d9c19,033f1514c78b49dd82148b94f6bcbeba,250d411ae270441085be3501b7b55d86,99830b8da7c24f909914f7bb167f3ea6,48c31b1e2ce94de8968fab433813fa91,1aef014473b84ef9a0f799114fe516c9,1232f20e710b448e8c0538b9e84dab1c,61d2391e8bc548b6bfa08f1ef2a0c47a,90b560de76b149c09c7cd6efb3f12cfd
63ce6205810547c2adaa5dc2398e9bf7,f1eecad10a61421eb16b1be7435d9c19,ad054da7e1704a53931a341173f0605f,033f1514c78b49dd82148b94f6bcbeba,250d411ae270441085be3501b7b55d86,99830b8da7c24f909914f7bb167f3ea6,1aef014473b84ef9a0f799114fe516c9,b23a9c50eada4286a4f7ce8668b92db1,511fe9c8b20b4fda94969745238c9474,61d2391e8bc548b6bfa08f1ef2a0c47a,64fc9fe3c8d5424ebc005e5cf4a608db
701bc8401f56437f823f5613549de41d,0971af4212484a958eb0f60f93d1dfe0,25109e3a7df549e5b380aae716d71366,8dfbb6a204a0441492c35baca6190969,1aef014473b84ef9a0f799114fe516c9,9948a890ef25479e834f70944cb42eae,64fc9fe3c8d5424ebc005e5cf4a608db,de6ac628a786435f9925c8cc1d707d6b,30578712823948b086e3781343982938,5a6f4a2f7f6a4b1fa146493472e6d721,4a3d4daed4b24a1898551f0fd1ba44f1
f9d2d9f3c3fb4720ba92d227f72aeef0,25109e3a7df549e5b380aae716d71366,0971af4212484a958eb0f60f93d1dfe0,d476be2399b7424a88d242b771c32041,cae139b6e4914ce7b0ef1e68b8b857eb,eafb3480db704d7baa8216ce857d1610,4a3d4daed4b24a1898551f0fd1ba44f1,8dfbb6a204a0441492c35baca6190969,5a6f4a2f7f6a4b1fa146493472e6d721,b585a2970e9f421da236241f603883f2,3356a8a8c6ee4f30bc2b028e360d4471
127069977daa41d78cd4642f658c4171,0971af4212484a958eb0f60f93d1dfe0,25109e3a7df549e5b380aae716d71366,41e657daa20545a588584578bdb4101c,4a3d4daed4b24a1898551f0fd1ba44f1,d476be2399b7424a88d242b771c32041,5a6f4a2f7f6a4b1fa146493472e6d721,1aef014473b84ef9a0f799114fe516c9,cae139b6e4914ce7b0ef1e68b8b857eb,70558882c04e46bd99d15e9786468418,ffc5805e29a74be0a55b40318aa321d7
11d8ba0cbe2c48568a2d0196a1573e16,25109e3a7df549e5b380aae716d71366,0971af4212484a958eb0f60f93d1dfe0,d476be2399b7424a88d242b771c32041,cae139b6e4914ce7b0ef1e68b8b857eb,eafb3480db704d7baa8216ce857d1610,4a6eba10a02a4ecdbb6b25e8651c3789,4a3d4daed4b24a1898551f0fd1ba44f1,8dfbb6a204a0441492c35baca6190969,1232f20e710b448e8c0538b9e84dab1c,b585a2970e9f421da236241f603883f2
e1b3f03ec240460c895264f738a709ec,6fc7a2cf0684475a82f6ff9be2c8e850,a0b4d283f12a407286dbeaa3a4d128a5,e4fcd30261804b089efa940359057ba2,93dc50abd35349f7923100dca2f41002,eee7f32249c5452ea36c8ed3a3540010,1aaf8edc37ea412b85e3d1b5c5317051,511fe9c8b20b4fda94969745238c9474,c3f66637872c4141ab3898296739457d,3356a8a8c6ee4f30bc2b028e360d4471,ce4fdd5499f8498793c11e586f7da70c
e8ef2c2c7af746118efa2021eab8a25a,eee7f32249c5452ea36c8ed3a3540010,93dc50abd35349f7923100dca2f41002,da61d9bc8f024a4aba18d5c3072b7838,1aaf8edc37ea412b85e3d1b5c5317051,6fc7a2cf0684475a82f6ff9be2c8e850,ce4fdd5499f8498793c11e586f7da70c,6dc5832f0ac04df2bd99c6415b3ecf09,a0b4d283f12a407286dbeaa3a4d128a5,191b01e1728e4583a8ead5a86db27370,b8995466f0eb4e7ba141e23216e8b974
eeb2317fd71541c38fd867e246a9ff44,eee7f32249c5452ea36c8ed3a3540010,93dc50abd35349f7923100dca2f41002,da61d9bc8f024a4aba18d5c3072b7838,1aaf8edc37ea412b85e3d1b5c5317051,6fc7a2cf0684475a82f6ff9be2c8e850,ce4fdd5499f8498793c11e586f7da70c,6dc5832f0ac04df2bd99c6415b3ecf09,a0b4d283f12a407286dbeaa3a4d128a5,191b01e1728e4583a8ead5a86db27370,cd764fbfae774d068af7549c648a02c9
842dd9ced22a40a896de94a19a1d2d4c,6fc7a2cf0684475a82f6ff9be2c8e850,a0b4d283f12a407286dbeaa3a4d128a5,eee7f32249c5452ea36c8ed3a3540010,93dc50abd35349f7923100dca2f41002,511fe9c8b20b4fda94969745238c9474,1aaf8edc37ea412b85e3d1b5c5317051,e4fcd30261804b089efa940359057ba2,ce4fdd5499f8498793c11e586f7da70c,da61d9bc8f024a4aba18d5c3072b7838,3356a8a8c6ee4f30bc2b028e360d4471
eb6b0705f8744b46a462efa41f20a89a,fe363cef357840fcb35f320fe7c27e4e,8ad1f345ca194b29bde0a924f27b2de5,13aca0959cc948cabeee0d7255f55a65,a8904adcdd21495f890bc614bfdbf86f,9a500a20b1ff4694acc31339a8d1349e,116f6c1f0cb54312986a0a729508a33e,4285b02dc9164cb9bae36b0566bb42f0,d7618b61a65a4bc1a0d0f2cc1bddc448,887e323cc38f4cf8adc5970617f1c286,716a15d66b63424a8068da89e75733b4
482dd5c933c94587b3946517c235aea3,13aca0959cc948cabeee0d7255f55a65,8ad1f345ca194b29bde0a924f27b2de5,fe363cef357840fcb35f320fe7c27e4e,b01fd4d037a84a7aa777e1fc345c73c5,af648fa7ac6c4c50a246de470329cd83,a8904adcdd21495f890bc614bfdbf86f,d7618b61a65a4bc1a0d0f2cc1bddc448,8c5f38853679436ba434b6a696e43168,36472797459c462e910846109fa624fc,716a15d66b63424a8068da89e75733b4
714cfd813314481cb74ce1598ae2d695,13aca0959cc948cabeee0d7255f55a65,8ad1f345ca194b29bde0a924f27b2de5,fe363cef357840fcb35f320fe7c27e4e,b01fd4d037a84a7aa777e1fc345c73c5,a8904adcdd21495f890bc614bfdbf86f,8c5f38853679436ba434b6a696e43168,af648fa7ac6c4c50a246de470329cd83,d7618b61a65a4bc1a0d0f2cc1bddc448,36472797459c462e910846109fa624fc,887e323cc38f4cf8adc5970617f1c286
1905289530434d1ea5a686725d2aa4a7,200f7fc78e4c403982f61b2894e50bad,44b3bc5953364d72a53edcf9fc4f1fed,7070715ef90743da8691dd4ad134eb0c,d75a52d716984f318f976bbfc7bee787,b3a022950e444682a113cec5a0537f6a,570f08ce2a1a47978eab16bf7ad16a68,77c8b175ca9d411b8d28d1ed0dc40304,06b7dd1b701544ac80dd7ca54ed707cf,d445ccdb4cda497e9f0343a3298022d2,f6507bae2aaa4785842167f8320428b3
c939d86a19284f6485029452c1dd5906,200f7fc78e4c403982f61b2894e50bad,44b3bc5953364d72a53edcf9fc4f1fed,7070715ef90743da8691dd4ad134eb0c,d75a52d716984f318f976bbfc7bee787,570f08ce2a1a47978eab16bf7ad16a68,f6507bae2aaa4785842167f8320428b3,d445ccdb4cda497e9f0343a3298022d2,b3a022950e444682a113cec5a0537f6a,77c8b175ca9d411b8d28d1ed0dc40304,f4474150010f4021a4620372062f3797
14683a06fc90460097ce4e4db0e55f16,44b3bc5953364d72a53edcf9fc4f1fed,200f7fc78e4c403982f61b2894e50bad,dcfb738ebbc24f09bb680fe3a52b702e,7d6cdff8c9ac434196df803628fe9f62,afaf2edba0ee4d58860a5a04e4aabc5c,44156e6482884acaaee1938e04d8b6ff,04537eabb0434eb2804d1220770b85a0,d445ccdb4cda497e9f0343a3298022d2,77c8b175ca9d411b8d28d1ed0dc40304,0e28ed072d6c444aa6f02e64955b44c6
ba76e2fc0cc240a293e65f918ef3f29b,44b3bc5953364d72a53edcf9fc4f1fed,7d6cdff8c9ac434196df803628fe9f62,dcfb738ebbc24f09bb680fe3a52b702e,200f7fc78e4c403982f61b2894e50bad,04537eabb0434eb2804d1220770b85a0,afaf2edba0ee4d58860a5a04e4aabc5c,44156e6482884acaaee1938e04d8b6ff,d445ccdb4cda497e9f0343a3298022d2,21019944fc2c4838a682a6dcdc62c4ef,796eade2ee4f466781d9f6669db43e48
56178bece80e4c44a6a45d630a70742c,1b827db6f6cf4ecb850928c2f9e41de2,bce599075dfd4fac8dd78626106e3071,09f4970dfe684b809bc0959fb62f41bf,7f0a68d19d2e4850846ffc08c47ed87d,d0b6e9c1cc5341faba9e03c17767bc2e,31a2675a2e944a1ab3b810cfb92ebd34,86f59bd78b424260b0cf356f2f9ae734,3b37a4c34b6e4ca89a04da864e141422,acbf8eae7e064c11bab7adf66f216990,0842a796c09b4089933a4f27e4e5e3bc
60ae797aa8bb4341829f83d0b771ab36,1b827db6f6cf4ecb850928c2f9e41de2,bce599075dfd4fac8dd78626106e3071,09f4970dfe684b809bc0959fb62f41bf,d0b6e9c1cc5341faba9e03c17767bc2e,31a2675a2e944a1ab3b810cfb92ebd34,7f0a68d19d2e4850846ffc08c47ed87d,86f59bd78b424260b0cf356f2f9ae734,0842a796c09b4089933a4f27e4e5e3bc,3b37a4c34b6e4ca89a04da864e141422,acbf8eae7e064c11bab7adf66f216990
539bac7dd76e434db2fec777565e0d2e,41047823f2cb4194ba1e0709443c719a,e43d8e7bc32f406b9a692e2604f5b45a,fa190e42ce5a47c99bcaa76138dbc615,af532d6e5090478ba520505d5f9107f2,9dd98c9126c44642a20711729f2e731e,6732de8994744decbb3306c74aaa7882,595e438d2b394bb3a3259f47efd37ae8,2939ef012c5c4a1b94b49df9469dfb3c,d9b70c4ed8bb4fc5957ecebf102528ee,43464ed6733f4642a0b90e7d995a5e40
5305b4e53d154b1890d851d40a749099,41047823f2cb4194ba1e0709443c719a,e43d8e7bc32f406b9a692e2604f5b45a,fa190e42ce5a47c99bcaa76138dbc615,6732de8994744decbb3306c74aaa7882,af532d6e5090478ba520505d5f9107f2,2939ef012c5c4a1b94b49df9469dfb3c,452d645d5bf4485185e996dcec9523e5,d2bcc978e7aa49908919d9fc40138b27,60e87368fe334a92b57088b03cccbfc1,cc78a6c92dfe4af49c2bd93f15e4f870
a7570f9b55c24fb0bac3c9e4edf6d60e,41047823f2cb4194ba1e0709443c719a,e43d8e7bc32f406b9a692e2604f5b45a,6732de8994744decbb3306c74aaa7882,452d645d5bf4485185e996dcec9523e5,ee7c00877ae64dac87123a3d75251530,fa190e42ce5a47c99bcaa76138dbc615,9dd98c9126c44642a20711729f2e731e,60e87368fe334a92b57088b03cccbfc1,66f4c650b7ca48f1bc27f9daff8d312a,c235728f290a44d6a5fc2e14111ae02e
5ad1f88ed9ed488dafbdf8181733f084,41047823f2cb4194ba1e0709443c719a,e43d8e7bc32f406b9a692e2604f5b45a,452d645d5bf4485185e996dcec9523e5,ee7c00877ae64dac87123a3d75251530,fa190e42ce5a47c99bcaa76138dbc615,6732de8994744decbb3306c74aaa7882,60e87368fe334a92b57088b03cccbfc1,7ee65b33f8f44852ada468b1fed83433,66f4c650b7ca48f1bc27f9daff8d312a,189a3b686ad14c24b5e1a495f76dd239
0e302f85dcbe44f1bc67317ce56268d8,f4474150010f4021a4620372062f3797,7960902edf4b47d686f704441aa56b0e,35d06fce2df446569702778e2250bd82,d75a52d716984f318f976bbfc7bee787,04537eabb0434eb2804d1220770b85a0,b3a022950e444682a113cec5a0537f6a,bcfa4a4177d44d8b8cda17b7a23196b0,570f08ce2a1a47978eab16bf7ad16a68,c1def54262224e23acf67a9870725ce5,97959d02a64f4a3fbbebe7cbece6c012
392705089c6b4b8cbcde900d0fff9622,f4474150010f4021a4620372062f3797,7960902edf4b47d686f704441aa56b0e,d75a52d716984f318f976bbfc7bee787,35d06fce2df446569702778e2250bd82,04537eabb0434eb2804d1220770b85a0,b3a022950e444682a113cec5a0537f6a,570f08ce2a1a47978eab16bf7ad16a68,bcfa4a4177d44d8b8cda17b7a23196b0,97959d02a64f4a3fbbebe7cbece6c012,c1def54262224e23acf67a9870725ce5
3d450234080f488aa71b15f195d1b4f1,d75a52d716984f318f976bbfc7bee787,b3a022950e444682a113cec5a0537f6a,570f08ce2a1a47978eab16bf7ad16a68,215f3d275db14601a0383885cbaad86e,f4474150010f4021a4620372062f3797,bcfa4a4177d44d8b8cda17b7a23196b0,06b7dd1b701544ac80dd7ca54ed707cf,7070715ef90743da8691dd4ad134eb0c,c1def54262224e23acf67a9870725ce5,b702b2b61ce048c6bf5af3c4dca18b1a
7adb641772574f79bca7f5c97071108e,00614d60b3544ba790dfd23dd53992e0,07d869789eda4445a1ecfe59c331db0d,8ebbcf8e4e6f400ba1839e9d75806274,e59dba65749140f4a1bdaf2695de2fc6,673aee19895b4d339ada93213d8874ac,7f0b453cc8c14156802497f5cbae9d62,b6da55bea1244cf0a753b258420946b2,68aefc97056440af874039a28497cf98,b7f5c165ea2242709a2fb71f3a3f1bcb,3827ad869b3740278b98db4e65c40e0c
470a0e2305e5411f992154553c12bfcd,00614d60b3544ba790dfd23dd53992e0,07d869789eda4445a1ecfe59c331db0d,8ebbcf8e4e6f400ba1839e9d75806274,d37bf09399d848df9a4d880fb097239c,86179aff3df24ff59b11e9a34974a3f4,68aefc97056440af874039a28497cf98,761a3a01495143f0a86beac4234cae3a,7f0b453cc8c14156802497f5cbae9d62,e59dba65749140f4a1bdaf2695de2fc6,673aee19895b4d339ada93213d8874ac
f82f3fa0a3af48208d53dbf813b19b11,00614d60b3544ba790dfd23dd53992e0,07d869789eda4445a1ecfe59c331db0d,8ebbcf8e4e6f400ba1839e9d75806274,e59dba65749140f4a1bdaf2695de2fc6,673aee19895b4d339ada93213d8874ac,b6da55bea1244cf0a753b258420946b2,68aefc97056440af874039a28497cf98,7f0b453cc8c14156802497f5cbae9d62,b7f5c165ea2242709a2fb71f3a3f1bcb,3827ad869b3740278b98db4e65c40e0c
cbd2d2ff355d4f0399b9fc51697c9fd7,8ebbcf8e4e6f400ba1839e9d75806274,00614d60b3544ba790dfd23dd53992e0,07d869789eda4445a1ecfe59c331db0d,b6da55bea1244cf0a753b258420946b2,3827ad869b3740278b98db4e65c40e0c,b7f5c165ea2242709a2fb71f3a3f1bcb,8350ea8cd6514c2c8d7b625abe7e895b,d716ea165223433a8d49b93e96989482,86179aff3df24ff59b11e9a34974a3f4,d37bf09399d848df9a4d880fb097239c
355a18bf4bbe449086bfbd70b9b66961,00614d60b3544ba790dfd23dd53992e0,07d869789eda4445a1ecfe59c331db0d,8ebbcf8e4e6f400ba1839e9d75806274,d37bf09399d848df9a4d880fb097239c,86179aff3df24ff59b11e9a34974a3f4,68aefc97056440af874039a28497cf98,761a3a01495143f0a86beac4234cae3a,7f0b453cc8c14156802497f5cbae9d62,e59dba65749140f4a1bdaf2695de2fc6,673aee19895b4d339ada93213d8874ac
8801a0c028fe4b9b9621b539d7950e08,4c8476482736459881e2a3b0509ee103,133bfbe9a7c741fcb638ecf1b0088213,1a842f077119475794cc2de48e154374,88f796c14d184ecfaa5b0109161db259,6af17cec494c4373a95865d270a29171,64d9091426f9461c97c98a5428856bcf,00e9d4081c2f45d1a818bfeab099863a,7070715ef90743da8691dd4ad134eb0c,3b7d56c26da14b3a9b1cd52b5b35891b,9aca522158f443fd8a9caaec38ae5e2c
ce2ca433804e44b4be720751273b782a,4c8476482736459881e2a3b0509ee103,133bfbe9a7c741fcb638ecf1b0088213,1a842f077119475794cc2de48e154374,88f796c14d184ecfaa5b0109161db259,64d9091426f9461c97c98a5428856bcf,9db7d32d79024ba6a73c55fde6f55968,6af17cec494c4373a95865d270a29171,47eb17da319d440aa52da8008c26327a,00e9d4081c2f45d1a818bfeab099863a,3b7d56c26da14b3a9b1cd52b5b35891b
4ea609e9602a4aaa8629b2aa624b0175,133bfbe9a7c741fcb638ecf1b0088213,4c8476482736459881e2a3b0509ee103,7c061d36393540b49e20d98086bdb5bd,1a842f077119475794cc2de48e154374,9aca522158f443fd8a9caaec38ae5e2c,7070715ef90743da8691dd4ad134eb0c,88f796c14d184ecfaa5b0109161db259,0228b1e9e3244da3a727930123ba7bda,64d9091426f9461c97c98a5428856bcf,00e9d4081c2f45d1a818bfeab099863a
cfb9a2cee2044f5e9cab9a1ec0394c33,133bfbe9a7c741fcb638ecf1b0088213,4c8476482736459881e2a3b0509ee103,9aca522158f443fd8a9caaec38ae5e2c,7c061d36393540b49e20d98086bdb5bd,1a842f077119475794cc2de48e154374,0228b1e9e3244da3a727930123ba7bda,88f796c14d184ecfaa5b0109161db259,7070715ef90743da8691dd4ad134eb0c,1004b33e3126472faa78e1929ed974e6,3b7d56c26da14b3a9b1cd52b5b35891b
91753f317b7d415d93dfbb79291ce529,b8da01ceddcb45a491a288ddbc658e90,2c3599a1611644f4908562f8fb8870d3,5f481b07f9734f518a14853831233b78,89e983dca0a34b768e17b3871b9cea1e,e511c40ca6324803b5021e47b4e777f8,1e376f9d0945477983c8d851e4b2cf5e,b98519f97e424c1389f5553f0869b15a,19b81e71e7f04ebcbfade9daa899ed3d,75801225047a4c019100660c13f1e0f1,f92d16d3a970487094292439c3e00923
0f94a6fec9304d4991a954ceb031f5ae,d65e3a3657ae455e954b6d7221afc84c,2c3599a1611644f4908562f8fb8870d3,b8da01ceddcb45a491a288ddbc658e90,d9b97376c5e44d8786f861a5788af644,8a9dc60359ba49cd8ac170cfb4ac3913,e4fcd30261804b089efa940359057ba2,a9d82bb43410405ca21b44a5e82e22b6,c3f66637872c4141ab3898296739457d,dd9e8283197b473d8ffd502561bdaaec,c588868fc3fd4e87a7cddf1ceb00b022
15a8c430cba44785961873a3dd5bc77f,d65e3a3657ae455e954b6d7221afc84c,2c3599a1611644f4908562f8fb8870d3,b8da01ceddcb45a491a288ddbc658e90,c3f66637872c4141ab3898296739457d,8a9dc60359ba49cd8ac170cfb4ac3913,a9d82bb43410405ca21b44a5e82e22b6,d9b97376c5e44d8786f861a5788af644,e4fcd30261804b089efa940359057ba2,dd9e8283197b473d8ffd502561bdaaec,c588868fc3fd4e87a7cddf1ceb00b022
fd824af093e04ae187700d37404ce512,b8da01ceddcb45a491a288ddbc658e90,2c3599a1611644f4908562f8fb8870d3,5f481b07f9734f518a14853831233b78,b40d3c588ad647ff85e397a6bc5f9d8b,d65e3a3657ae455e954b6d7221afc84c,1e376f9d0945477983c8d851e4b2cf5e,dd9e8283197b473d8ffd502561bdaaec,772cb9726861451d9972604da6f65c55,c588868fc3fd4e87a7cddf1ceb00b022,ad42c467d0fe43dbb328073f9a16bc4d
c9d75d71736c41ca808c70e38aff6b5a,85d4175b563d48e5bc6a991b23662f24,da88fa5efc674368b593444ca950dff9,3574ab91c29940b3afc62354ae06b73b,3f23eafbd9cc4e209aca631fd6fc9dfd,b33a0f5b564a4942b04046ab7a8e2aae,9500823cb050427696343b1ea5cf8881,93dc50abd35349f7923100dca2f41002,5455e62f52ae4e03b2a5d0e8b9899506,7f0a68d19d2e4850846ffc08c47ed87d,ca1a2a6308834baba3140b5ce8f81320
743f1b2f252548d7910b99d0870f6c67,da88fa5efc674368b593444ca950dff9,85d4175b563d48e5bc6a991b23662f24,8fca2e4873e946f7a788af2b846cebd7,b33a0f5b564a4942b04046ab7a8e2aae,5455e62f52ae4e03b2a5d0e8b9899506,5c8a8b7a59c54b9aa7b7136fd91b5869,9500823cb050427696343b1ea5cf8881,3f23eafbd9cc4e209aca631fd6fc9dfd,039a871609044cb1b69f70c082fe61d8,ca1a2a6308834baba3140b5ce8f81320
27bcdf10465e4c54869c9ceb59013b81,3574ab91c29940b3afc62354ae06b73b,1ad0cf33e96243888d5f970195a75586,85d4175b563d48e5bc6a991b23662f24,09f4970dfe684b809bc0959fb62f41bf,da88fa5efc674368b593444ca950dff9,31a2675a2e944a1ab3b810cfb92ebd34,0842a796c09b4089933a4f27e4e5e3bc,2c82919b038847fabbf5d13ca5ac55a7,93dc50abd35349f7923100dca2f41002,bb5c7d03a54647d08b8c62deeb803271
52cd37fed829421d91356a3fb87f1ae3,da88fa5efc674368b593444ca950dff9,85d4175b563d48e5bc6a991b23662f24,8fca2e4873e946f7a788af2b846cebd7,b33a0f5b564a4942b04046ab7a8e2aae,9500823cb050427696343b1ea5cf8881,5455e62f52ae4e03b2a5d0e8b9899506,3f23eafbd9cc4e209aca631fd6fc9dfd,5c8a8b7a59c54b9aa7b7136fd91b5869,3574ab91c29940b3afc62354ae06b73b,039a871609044cb1b69f70c082fe61d8
f3cba92d050b4d8e9432cb0cc14c3d63,3574ab91c29940b3afc62354ae06b73b,1ad0cf33e96243888d5f970195a75586,85d4175b563d48e5bc6a991b23662f24,09f4970dfe684b809bc0959fb62f41bf,da88fa5efc674368b593444ca950dff9,31a2675a2e944a1ab3b810cfb92ebd34,d0b6e9c1cc5341faba9e03c17767bc2e,0842a796c09b4089933a4f27e4e5e3bc,2c82919b038847fabbf5d13ca5ac55a7,bb5c7d03a54647d08b8c62deeb803271
e0ffc5f5610740569aedc8c74ed17c47,5abf57d57d84440e94d0d2e2ffb37575,cf293392122347a180cf2126f4589acb,3c1b91a23b694da1973dbc5f75f2f3ed,cc243eebbb2b44a581745865a60c423a,d9ac372330a4446886fa19bac0d19877,fadf133e0e684a24ac79b5fa9515bac2,df5ca61304074da1bec8f536ab50baf3,56272326c7e94e419ea8c69fb634f610,225818abe99e45a0bf5b0b3ec30db76b,f439b5616ba24b7f82eccfa095a0eff8
fd29df6e377f40b981cba18434381065,5abf57d57d84440e94d0d2e2ffb37575,cf293392122347a180cf2126f4589acb,3c1b91a23b694da1973dbc5f75f2f3ed,cc243eebbb2b44a581745865a60c423a,225818abe99e45a0bf5b0b3ec30db76b,f439b5616ba24b7f82eccfa095a0eff8,fadf133e0e684a24ac79b5fa9515bac2,75efe5ddef364f49865d9bb283492b48,df5ca61304074da1bec8f536ab50baf3,d9ac372330a4446886fa19bac0d19877
f5ff08722abb413e9e24fa4eee6d5b60,3c1b91a23b694da1973dbc5f75f2f3ed,cf293392122347a180cf2126f4589acb,5abf57d57d84440e94d0d2e2ffb37575,d9ac372330a4446886fa19bac0d19877,225818abe99e45a0bf5b0b3ec30db76b,df5ca61304074da1bec8f536ab50baf3,56272326c7e94e419ea8c69fb634f610,cc243eebbb2b44a581745865a60c423a,fadf133e0e684a24ac79b5fa9515bac2,13e659415ac84c7a81fc769111d43417
574036f38fb84293ae0fbe592c3c6f3a,cf293392122347a180cf2126f4589acb,3c1b91a23b694da1973dbc5f75f2f3ed,5abf57d57d84440e94d0d2e2ffb37575,d9ac372330a4446886fa19bac0d19877,13e659415ac84c7a81fc769111d43417,225818abe99e45a0bf5b0b3ec30db76b,cc243eebbb2b44a581745865a60c423a,2471f23cb9b64d35a72deed09c9c8975,fadf133e0e684a24ac79b5fa9515bac2,df5ca61304074da1bec8f536ab50baf3
35f36e3994484147bfac89ac7f1ef8ef,cf293392122347a180cf2126f4589acb,5abf57d57d84440e94d0d2e2ffb37575,3c1b91a23b694da1973dbc5f75f2f3ed,d9ac372330a4446886fa19bac0d19877,13e659415ac84c7a81fc769111d43417,225818abe99e45a0bf5b0b3ec30db76b,cc243eebbb2b44a581745865a60c423a,df5ca61304074da1bec8f536ab50baf3,fadf133e0e684a24ac79b5fa9515bac2,ff51ca928cd54f4da620c27983e221f8
84ef3ef2feb84347bac472fb9e9d5906,c84deec0ecf843c39f52d4cb8e7300f8,e7aaa514f6f64a258a640ea341aa1a18,77cecb221149474896d9b2eb848bf150,039f8e63b273472d8f1d99d9a5de5cf5,07958f43551e459eb30638b632e3cd64,984058b7165d4c6385bec3c94afa9fb2,48240083d13148bd84ddee8c7f9fcd22,99dbf0cd0c6343ffbcf97f04efc4143c,baf841bad27c456c9de7227555ea3ef8,7862a63720b34104abf5bfa44bc8178d
398defcf45ad43ed8e2633186eaa33ba,de72d25d08da4b03ac6f6411ce30e07c,f69bf682935e47e1b4c72d237becd13a,baf841bad27c456c9de7227555ea3ef8,563043f180e54e238ad4876974e5db4c,43ee0103cba54b4e9d165717735ca0f6,03df72bcf3504272a27f4bbaea89118a,ac5a760b45c146ec840193371cfb2d30,45f4192f485a49d9a75219ae4d0c41ee,016e634d566b49c199d07357aae9bf33,9bf3b77eb9874f5f9e006a9cff111ea9
ea57953406604eb083a4fecc3606c662,baf841bad27c456c9de7227555ea3ef8,2e7836ee5e5144f5b63e6629b969a362,c84deec0ecf843c39f52d4cb8e7300f8,016e634d566b49c199d07357aae9bf33,64fc9fe3c8d5424ebc005e5cf4a608db,d361a9e414fb41c1a605200d9cbba496,7960902edf4b47d686f704441aa56b0e,afaf2edba0ee4d58860a5a04e4aabc5c,e834bfbd30b247e899f0dc029ab9f072,35d06fce2df446569702778e2250bd82
6d7cfa2d06f64b22aeffa8b5f5294bdb,de72d25d08da4b03ac6f6411ce30e07c,f69bf682935e47e1b4c72d237becd13a,baf841bad27c456c9de7227555ea3ef8,2939ef012c5c4a1b94b49df9469dfb3c,3675c688960a4f3b9f82c4ccf4049e93,45e440d874a54bb591862ff441114cd3,563043f180e54e238ad4876974e5db4c,43ee0103cba54b4e9d165717735ca0f6,45f4192f485a49d9a75219ae4d0c41ee,03df72bcf3504272a27f4bbaea89118a
b81d6cfb08b3460182252d604820144b,baf841bad27c456c9de7227555ea3ef8,afaf2edba0ee4d58860a5a04e4aabc5c,e834bfbd30b247e899f0dc029ab9f072,e3854d75221c4e38879a6106bb5c1941,64fc9fe3c8d5424ebc005e5cf4a608db,42b6af4853fc465f83ec054f8f8289a4,f4474150010f4021a4620372062f3797,f5b766ea6abe4b5fb27d49cc3bc06020,b5f237fefb38465bb6a068c9cf75ba31,98b2022b2cb84af09ee8b789db928b13
d9348c713e8144f791dd2fc990a3cbb6,30578712823948b086e3781343982938,1aef014473b84ef9a0f799114fe516c9,19593c97fef0474dbe6051e28338f1e9,6252aa87531748e5bac5f6c65fc87e14,2839430464164d5ba00713b42d4d96e4,99830b8da7c24f909914f7bb167f3ea6,250d411ae270441085be3501b7b55d86,de6ac628a786435f9925c8cc1d707d6b,31cf7db26a3249c5a6205b005662ddcf,4422777ed51142a99aacf05f446cfea1
961885b72b8b4073afa543195a48050c,250d411ae270441085be3501b7b55d86,1aef014473b84ef9a0f799114fe516c9,99830b8da7c24f909914f7bb167f3ea6,033f1514c78b49dd82148b94f6bcbeba,511fe9c8b20b4fda94969745238c9474,f1eecad10a61421eb16b1be7435d9c19,ad054da7e1704a53931a341173f0605f,30578712823948b086e3781343982938,db0c3a952e454b90aa4a68feb6a50e87,90b560de76b149c09c7cd6efb3f12cfd
06e690975e524b9089b8d4f9317a1558,250d411ae270441085be3501b7b55d86,99830b8da7c24f909914f7bb167f3ea6,1aef014473b84ef9a0f799114fe516c9,db0c3a952e454b90aa4a68feb6a50e87,f1eecad10a61421eb16b1be7435d9c19,ad054da7e1704a53931a341173f0605f,c14e45f5201b4038bdddddb238d888a3,90b560de76b149c09c7cd6efb3f12cfd,02e1d712f37e428c998f72e7a7eeb1e6,fb8c2b83e46441c2aaa7c81d3642e2da
a5bc160edec74fb7a50b0debceb4ff1d,1aef014473b84ef9a0f799114fe516c9,250d411ae270441085be3501b7b55d86,30578712823948b086e3781343982938,99830b8da7c24f909914f7bb167f3ea6,ffc5805e29a74be0a55b40318aa321d7,511fe9c8b20b4fda94969745238c9474,de6ac628a786435f9925c8cc1d707d6b,ad054da7e1704a53931a341173f0605f,c14e45f5201b4038bdddddb238d888a3,f1eecad10a61421eb16b1be7435d9c19
77a31fe5e10e44c38270d85e569068f5,30578712823948b086e3781343982938,1aef014473b84ef9a0f799114fe516c9,19593c97fef0474dbe6051e28338f1e9,6252aa87531748e5bac5f6c65fc87e14,2839430464164d5ba00713b42d4d96e4,99830b8da7c24f909914f7bb167f3ea6,31cf7db26a3249c5a6205b005662ddcf,250d411ae270441085be3501b7b55d86,de6ac628a786435f9925c8cc1d707d6b,a5365055a36a4ec1bf5b0ce2ef949a35
a508b4ed8aa64d2c8930b9e0f5588144,9db7d32d79024ba6a73c55fde6f55968,00e9d4081c2f45d1a818bfeab099863a,88f796c14d184ecfaa5b0109161db259,1a842f077119475794cc2de48e154374,47eb17da319d440aa52da8008c26327a,597aab8bb15240f89fd1b24a8e38258d,13cda6e8f2d948eeb5508288a172e76f,1aaf8edc37ea412b85e3d1b5c5317051,acbf8eae7e064c11bab7adf66f216990,4c8476482736459881e2a3b0509ee103
58f407c23b424ad7858fe02688d1f729,00e9d4081c2f45d1a818bfeab099863a,9db7d32d79024ba6a73c55fde6f55968,1a842f077119475794cc2de48e154374,88f796c14d184ecfaa5b0109161db259,597aab8bb15240f89fd1b24a8e38258d,acbf8eae7e064c11bab7adf66f216990,47eb17da319d440aa52da8008c26327a,ce4fdd5499f8498793c11e586f7da70c,1aaf8edc37ea412b85e3d1b5c5317051,93dc50abd35349f7923100dca2f41002
6a195a5109304e06ae0423987650f0e5,9db7d32d79024ba6a73c55fde6f55968,00e9d4081c2f45d1a818bfeab099863a,88f796c14d184ecfaa5b0109161db259,1a842f077119475794cc2de48e154374,47eb17da319d440aa52da8008c26327a,597aab8bb15240f89fd1b24a8e38258d,d43b0f94627d45918e18a80be127aa2c,8af25c7ae8e14435a6e27a5671968f50,acbf8eae7e064c11bab7adf66f216990,13cda6e8f2d948eeb5508288a172e76f
df7a3b9a04ad4297aadb288feabf0c50,3fce01bbc56d49d39f61cba3d17648f2,5363ae1c905d4879a63259de4954702e,e735729c80d84f76a6133c065d5380f8,295d0d40791245ff838c73a2aa27d065,33b5e2ae5ebe4f548bac3a00ab0a59eb,4d0a737f396d4a95808085bd1306746c,6c79712e67b54dd0a11d426a91207939,7c1126d46a934db6b951d1e98feae327,5cf392f15360460bae6a6b0182bb99b9,797cc520b8c94d9bbef187818ab51647
684ba7bd1eae483282be0c8c9c114514,e735729c80d84f76a6133c065d5380f8,3fce01bbc56d49d39f61cba3d17648f2,ba8d0208e32e42969bd4349cf24f6ed1,33b5e2ae5ebe4f548bac3a00ab0a59eb,0b57f893483647c3aed811775a4c4c04,4d5cbe57c3094d01843e4f950a280b50,f2cfa68a47ce4a43a0fe1cc7dc860418,a055f8188384479a8bad418f7dffd9a5,295d0d40791245ff838c73a2aa27d065,f7f600880b064920ab59b907d26aedc6
4eda37aa22e54fa2afd5c4d98019ce29,3fce01bbc56d49d39f61cba3d17648f2,e735729c80d84f76a6133c065d5380f8,2c8eafa0ff26437a862dc2224ab57073,33b5e2ae5ebe4f548bac3a00ab0a59eb,5363ae1c905d4879a63259de4954702e,6c79712e67b54dd0a11d426a91207939,7c1126d46a934db6b951d1e98feae327,2070754bb5dd4a248be9c2a6a1a9d381,0b57f893483647c3aed811775a4c4c04,636c21e19a5845e1b8d69a5fca928030
3fc9d39c9efc4790b7a0864f44c1e28d,e735729c80d84f76a6133c065d5380f8,3fce01bbc56d49d39f61cba3d17648f2,f2cfa68a47ce4a43a0fe1cc7dc860418,f8e7f9688fd546829da579434180ffee,6c79712e67b54dd0a11d426a91207939,33b5e2ae5ebe4f548bac3a00ab0a59eb,a055f8188384479a8bad418f7dffd9a5,0b57f893483647c3aed811775a4c4c04,295d0d40791245ff838c73a2aa27d065,d9096650c434432c871effeca9acd5c6
492e1ce165734c99ae0c8142231d6cd8,570f08ce2a1a47978eab16bf7ad16a68,d75a52d716984f318f976bbfc7bee787,215f3d275db14601a0383885cbaad86e,bcfa4a4177d44d8b8cda17b7a23196b0,b3a022950e444682a113cec5a0537f6a,b702b2b61ce048c6bf5af3c4dca18b1a,04537eabb0434eb2804d1220770b85a0,f4474150010f4021a4620372062f3797,c1def54262224e23acf67a9870725ce5,06b7dd1b701544ac80dd7ca54ed707cf
62d16233117346a88248d0c84e37c7d4,570f08ce2a1a47978eab16bf7ad16a68,d75a52d716984f318f976bbfc7bee787,bcfa4a4177d44d8b8cda17b7a23196b0,e22e1ad3c1fc4493bcb7c9b923566ff7,b3a022950e444682a113cec5a0537f6a,215f3d275db14601a0383885cbaad86e,7960902edf4b47d686f704441aa56b0e,c1def54262224e23acf67a9870725ce5,b702b2b61ce048c6bf5af3c4dca18b1a,f676e16c6a134bd5a7bbeee4590adcfe
fc5f6e0b9c084686b8bcffe1870bb6af,23a16d69ffe848d593a4808907d8aa98,cb75c6ef71cb4991805920f2894e0e96,dee9eddb2eac41bfaf36d3279d43674a,23199e1859544647893a97ea365c5c83,7fe9e665bf41491c9788941aa2894a10,ab57f83304bc4005998bbd6bc063fb4f,34b736136487439389c10cc6bd4e9f4e,595e438d2b394bb3a3259f47efd37ae8,6400e3f6a14c492ba399bd414faca075,984058b7165d4c6385bec3c94afa9fb2
9544710dc3234bb3a65179dae0115a8c,291130c42a884be2800e026bab5ddf53,c4e79c8992e54866b0c6f26c55b1a774,23a16d69ffe848d593a4808907d8aa98,3138244ae91040948d5bd6772e4075ea,70558882c04e46bd99d15e9786468418,41e657daa20545a588584578bdb4101c,03df72bcf3504272a27f4bbaea89118a,34b736136487439389c10cc6bd4e9f4e,6f8d80f8673144dfa7a4e09190442ab3,97959d02a64f4a3fbbebe7cbece6c012
d88623101f5740e3bbbb1be949c2c917,cb75c6ef71cb4991805920f2894e0e96,23a16d69ffe848d593a4808907d8aa98,6400e3f6a14c492ba399bd414faca075,23199e1859544647893a97ea365c5c83,dee9eddb2eac41bfaf36d3279d43674a,9c69642fab6749848e7ea7f5406a6da4,52ee59901f3b4de884d7a6720538aed6,34b736136487439389c10cc6bd4e9f4e,984058b7165d4c6385bec3c94afa9fb2,13e659415ac84c7a81fc769111d43417
3d4bd2285a9441ceb15abaf963002c03,cb75c6ef71cb4991805920f2894e0e96,23a16d69ffe848d593a4808907d8aa98,6400e3f6a14c492ba399bd414faca075,52ee59901f3b4de884d7a6720538aed6,34b736136487439389c10cc6bd4e9f4e,23199e1859544647893a97ea365c5c83,984058b7165d4c6385bec3c94afa9fb2,dee9eddb2eac41bfaf36d3279d43674a,b277101390e1465685ef79bf3519f8d7,9c69642fab6749848e7ea7f5406a6da4
fb083ec69f5f42f2881407d2176b5d39,aa082284f9894b5aa210c179d59999b1,db620271348d404a9a0b978d96c63f29,2ece45504eff42469c104dc2a2d03caf,6f8d80f8673144dfa7a4e09190442ab3,0cdb0f32850f4585a16de4886462bbe0,00fb3a55134242769182c520d55681a2,43464ed6733f4642a0b90e7d995a5e40,daed5458403e49e3aea72f4bcc6dd224,6b7b5d28293d4a5a8075f7f7dd231ddb,243dbbcdc67c42bfa6f32c47477adf6d
94fac016e63749c8a8f0fdf1fc1a90b5,aa082284f9894b5aa210c179d59999b1,db620271348d404a9a0b978d96c63f29,2ece45504eff42469c104dc2a2d03caf,6f8d80f8673144dfa7a4e09190442ab3,0cdb0f32850f4585a16de4886462bbe0,43464ed6733f4642a0b90e7d995a5e40,00fb3a55134242769182c520d55681a2,daed5458403e49e3aea72f4bcc6dd224,6b7b5d28293d4a5a8075f7f7dd231ddb,243dbbcdc67c42bfa6f32c47477adf6d
a4f2a13bd2b54360a921c8ef7366e535,db620271348d404a9a0b978d96c63f29,aa082284f9894b5aa210c179d59999b1,6f8d80f8673144dfa7a4e09190442ab3,2ece45504eff42469c104dc2a2d03caf,243dbbcdc67c42bfa6f32c47477adf6d,8f0e477fc779414e9b47995c0b25a87d,00fb3a55134242769182c520d55681a2,d0e41bf891254ba0872f1641139f84f6,6af17cec494c4373a95865d270a29171,c4e79c8992e54866b0c6f26c55b1a774
89206a8894c247c8bd87fad37967ca98,db620271348d404a9a0b978d96c63f29,aa082284f9894b5aa210c179d59999b1,6f8d80f8673144dfa7a4e09190442ab3,2ece45504eff42469c104dc2a2d03caf,243dbbcdc67c42bfa6f32c47477adf6d,8f0e477fc779414e9b47995c0b25a87d,00fb3a55134242769182c520d55681a2,476ce3ffff564a5aa985808e7d2cab17,d0e41bf891254ba0872f1641139f84f6,c4e79c8992e54866b0c6f26c55b1a774
4d36c5e5c20443bbab4b51e580bafc21,b44645c11ece4326a45f50fdc5d45dcf,52f20bd7eb50430c95f0916727880a1b,b85d652ba8d244f8ab9e941966094f28,511fe9c8b20b4fda94969745238c9474,c2a665cec90e46db8d2a74389beb4649,c36ef11228124c438ed3256c9822b03d,e8c8742459dc48a49080bf0e5b3fdee0,563043f180e54e238ad4876974e5db4c,a865b8d581b44104afe7c8508e3486f5,530b37164090408dbab4e6da51111b8a
517675a3a64847439ecd5791a240af4c,52f20bd7eb50430c95f0916727880a1b,c2a665cec90e46db8d2a74389beb4649,27a67d3e76814297aebf64e03d14c336,b3f8b4bec0164d0e81997b4f5a277e8f,b44645c11ece4326a45f50fdc5d45dcf,e8c8742459dc48a49080bf0e5b3fdee0,5be48a6bc26044f2a2e4e9b6a223c319,b85d652ba8d244f8ab9e941966094f28,31f80e4c87164e2893375ec7e73b372e,632cc2bc04034dd4848855fe6497262d
b4a18167b9e44a69bbb49ee2a8709fbe,52f20bd7eb50430c95f0916727880a1b,c2a665cec90e46db8d2a74389beb4649,b3f8b4bec0164d0e81997b4f5a277e8f,27a67d3e76814297aebf64e03d14c336,b44645c11ece4326a45f50fdc5d45dcf,e8c8742459dc48a49080bf0e5b3fdee0,5be48a6bc26044f2a2e4e9b6a223c319,b85d652ba8d244f8ab9e941966094f28,7c1126d46a934db6b951d1e98feae327,31f80e4c87164e2893375ec7e73b372e
173054bdb88d476dbd153c55b7fabd01,b44645c11ece4326a45f50fdc5d45dcf,b85d652ba8d244f8ab9e941966094f28,52f20bd7eb50430c95f0916727880a1b,511fe9c8b20b4fda94969745238c9474,a865b8d581b44104afe7c8508e3486f5,31f80e4c87164e2893375ec7e73b372e,c2a665cec90e46db8d2a74389beb4649,61d2391e8bc548b6bfa08f1ef2a0c47a,211ef3181e524685866fb8574d9bf456,99dbf0cd0c6343ffbcf97f04efc4143c
6676c08920d74d74b3b5e31d76d402b2,249c2d8d8d2345c6990b3c4d94385b5a,f32f4607b4714e378831f924c5e6084d,35c5a560ecdc4d6a9d20f057ed1fa0e6,5cfb876eeb4f410aa1282cc279f0e546,f69855cdf66d4f6887ecfd0ddb9014b5,3356a8a8c6ee4f30bc2b028e360d4471,8fdee0611965465eb45387b8c39f4136,2639b6540bda414f8a9baa3b5cdb612a,fb8c2b83e46441c2aaa7c81d3642e2da,eeca68825e2a4bbdaa5ae962998fc33b
0df5d9aef12b4019955ea3f2f0b2adab,f32f4607b4714e378831f924c5e6084d,249c2d8d8d2345c6990b3c4d94385b5a,d87e5facd03b45f9829e8a1cd0fe0190,db0c3a952e454b90aa4a68feb6a50e87,42805d29975b400ea7c570fc45ec4938,b585a2970e9f421da236241f603883f2,2639b6540bda414f8a9baa3b5cdb612a,63eab812f3254cccb9631b09725aec3d,fb8c2b83e46441c2aaa7c81d3642e2da,0568345606fa4a2c84ed4ea6c74639ee
9e0acd98c27a49b196d2c555deba2f0e,f32f4607b4714e378831f924c5e6084d,249c2d8d8d2345c6990b3c4d94385b5a,d87e5facd03b45f9829e8a1cd0fe0190,42805d29975b400ea7c570fc45ec4938,b585a2970e9f421da236241f603883f2,0f785440b29548e1a1968868262fd42e,db0c3a952e454b90aa4a68feb6a50e87,fb8c2b83e46441c2aaa7c81d3642e2da,2639b6540bda414f8a9baa3b5cdb612a,39e2b00e1cbd471488cf56f31d2cec7f
54c5b5744a704151830ff16cf8883786,249c2d8d8d2345c6990b3c4d94385b5a,f32f4607b4714e378831f924c5e6084d,0f785440b29548e1a1968868262fd42e,61d2391e8bc548b6bfa08f1ef2a0c47a,3356a8a8c6ee4f30bc2b028e360d4471,6f57d1175ad243edada61643d01fcd54,b0236c76ae244fd8aacbea7da10e55ca,243dbbcdc67c42bfa6f32c47477adf6d,2471f23cb9b64d35a72deed09c9c8975,3c1b91a23b694da1973dbc5f75f2f3ed
b9de30f0928f4adbbd9e64f944ab0805,f335a944a27a4504a82ecf70c2d4a5e4,e06d08ff594a4acbac12edf579743fcf,cd6ce920d00e4d17a6cf04f9f7e550b7,4e22dc65beb7450b9260cf27e50919e4,be8953cc364d46cebbcc2c2da2c348ab,7584980704ae4617bb27ca162cc9c5db,0cdb0f32850f4585a16de4886462bbe0,403835bbf2f1447188bcc78e062b0028,6b7b5d28293d4a5a8075f7f7dd231ddb,051d304b7139431fb3bff19b4e75aff7
1700d60558f04c2581e0c6ecac9ca03f,e06d08ff594a4acbac12edf579743fcf,be8953cc364d46cebbcc2c2da2c348ab,f335a944a27a4504a82ecf70c2d4a5e4,403835bbf2f1447188bcc78e062b0028,7584980704ae4617bb27ca162cc9c5db,0cdb0f32850f4585a16de4886462bbe0,6b7b5d28293d4a5a8075f7f7dd231ddb,4e22dc65beb7450b9260cf27e50919e4,5e44915237fc4445b54b037e1c4e29a4,cd6ce920d00e4d17a6cf04f9f7e550b7
f8ebc027345b4689839fa22c303c1bbc,e06d08ff594a4acbac12edf579743fcf,be8953cc364d46cebbcc2c2da2c348ab,f335a944a27a4504a82ecf70c2d4a5e4,0cdb0f32850f4585a16de4886462bbe0,403835bbf2f1447188bcc78e062b0028,6b7b5d28293d4a5a8075f7f7dd231ddb,7584980704ae4617bb27ca162cc9c5db,4e22dc65beb7450b9260cf27e50919e4,cd6ce920d00e4d17a6cf04f9f7e550b7,5e44915237fc4445b54b037e1c4e29a4
a815375295944d72bbd877ca7675981a,f335a944a27a4504a82ecf70c2d4a5e4,e06d08ff594a4acbac12edf579743fcf,cd6ce920d00e4d17a6cf04f9f7e550b7,4e22dc65beb7450b9260cf27e50919e4,0cdb0f32850f4585a16de4886462bbe0,7584980704ae4617bb27ca162cc9c5db,be8953cc364d46cebbcc2c2da2c348ab,403835bbf2f1447188bcc78e062b0028,6b7b5d28293d4a5a8075f7f7dd231ddb,051d304b7139431fb3bff19b4e75aff7
a5eb956f41154b2fa05333dc5f91564d,e5a3c8867e44498d9182e8be934e0fce,cf7476d6c96b4dcdb6f025b9291eb62b,636c21e19a5845e1b8d69a5fca928030,514537782f6549c488a1b932939b4128,7226603f024c45c6a6e44b00e52e8aad,31f80e4c87164e2893375ec7e73b372e,c65af18670ea437c8986884645b3afe9,19a124c6dad14a4fa7864463b081009c,0f52f676197e4d4e92dec0a7bc4c4f7d,f12e9e5805534d719f829332d1ea5d29
32ca729048eb46ea82cfabc322b2f07f,cf7476d6c96b4dcdb6f025b9291eb62b,e5a3c8867e44498d9182e8be934e0fce,636c21e19a5845e1b8d69a5fca928030,0f52f676197e4d4e92dec0a7bc4c4f7d,514537782f6549c488a1b932939b4128,3f28365e18244eb28cc7d23de8895956,f1c9c5051bdd4a11a064260bbb9d6d7b,2639b6540bda414f8a9baa3b5cdb612a,0e8487b2e6a2439b9e6623a1e2e5e19d,7226603f024c45c6a6e44b00e52e8aad
4b03b491a7324ddea5bf28db91e66254,cf7476d6c96b4dcdb6f025b9291eb62b,e5a3c8867e44498d9182e8be934e0fce,636c21e19a5845e1b8d69a5fca928030,514537782f6549c488a1b932939b4128,0f52f676197e4d4e92dec0a7bc4c4f7d,3f28365e18244eb28cc7d23de8895956,2639b6540bda414f8a9baa3b5cdb612a,f1c9c5051bdd4a11a064260bbb9d6d7b,0e8487b2e6a2439b9e6623a1e2e5e19d,ae3f42d57b3046a3821026173286a43e
6ee636f0481140ed9b0077791aba92b0,e5a3c8867e44498d9182e8be934e0fce,cf7476d6c96b4dcdb6f025b9291eb62b,514537782f6549c488a1b932939b4128,636c21e19a5845e1b8d69a5fca928030,7226603f024c45c6a6e44b00e52e8aad,31f80e4c87164e2893375ec7e73b372e,f12e9e5805534d719f829332d1ea5d29,f1c9c5051bdd4a11a064260bbb9d6d7b,0f52f676197e4d4e92dec0a7bc4c4f7d,3f28365e18244eb28cc7d23de8895956
9e69ec4a3364489c92dd79eb57e83d54,d33407004b9e433a9d4147cfe6584d36,b52468fc0af2435f9ba91939f72bbf6a,5f481b07f9734f518a14853831233b78,4e7ee74be72a461fa02fa61bee62bdcc,9daaefe080b34656a0c7a54d2d6a1713,a0b4d283f12a407286dbeaa3a4d128a5,c588868fc3fd4e87a7cddf1ceb00b022,e4fcd30261804b089efa940359057ba2,9094e936e13641cc9bfcc7dc1408d86e,ca0fe2dd97434e2ca7aecc38d4f1fcd9
e3d8f037fbe5491eba85d08b7dc5cab4,d33407004b9e433a9d4147cfe6584d36,5f481b07f9734f518a14853831233b78,b52468fc0af2435f9ba91939f72bbf6a,a0b4d283f12a407286dbeaa3a4d128a5,ca0fe2dd97434e2ca7aecc38d4f1fcd9,b8da01ceddcb45a491a288ddbc658e90,9daaefe080b34656a0c7a54d2d6a1713,4e7ee74be72a461fa02fa61bee62bdcc,9094e936e13641cc9bfcc7dc1408d86e,c588868fc3fd4e87a7cddf1ceb00b022
2e92d21d8386472cb7ae95c21ba476ec,5f481b07f9734f518a14853831233b78,d33407004b9e433a9d4147cfe6584d36,b8da01ceddcb45a491a288ddbc658e90,1e376f9d0945477983c8d851e4b2cf5e,c14e45f5201b4038bdddddb238d888a3,ad42c467d0fe43dbb328073f9a16bc4d,b3209c60460a437294e2b30a9e9d3f53,8a9dc60359ba49cd8ac170cfb4ac3913,b52468fc0af2435f9ba91939f72bbf6a,77c8b175ca9d411b8d28d1ed0dc40304
d0e2f6816e1d46c4896a92a770a52d13,5f481b07f9734f518a14853831233b78,b8da01ceddcb45a491a288ddbc658e90,d33407004b9e433a9d4147cfe6584d36,1e376f9d0945477983c8d851e4b2cf5e,ca0fe2dd97434e2ca7aecc38d4f1fcd9,ad42c467d0fe43dbb328073f9a16bc4d,8a9dc60359ba49cd8ac170cfb4ac3913,b52468fc0af2435f9ba91939f72bbf6a,1578afd6ce694d46ab6e24f965f51fd6,191b01e1728e4583a8ead5a86db27370
9db1e0ae9d1e4b078283f3e4fce188a9,4c36aafaf38f4e9e9e09991737196fe1,54e9bbd0093947a3bda5fef48ef7493d,408ae6a767874fc782467ec2f054ad15,a0408a6462b24cf18e50a8616359d5ad,8746ae2ca7514699b629b4d9b5fe95a7,cb550e5ff4694fe9a19eaa6588cef250,70aa10580bfe4069bdaa5721ae2d29db,8af25c7ae8e14435a6e27a5671968f50,878e5c41be5c477e9f660ca361fdd727,98fbdf945d0c4206a48a4f7260e56017
b3e9c337e43d4153aebe5720e9cd3974,4c36aafaf38f4e9e9e09991737196fe1,54e9bbd0093947a3bda5fef48ef7493d,408ae6a767874fc782467ec2f054ad15,8746ae2ca7514699b629b4d9b5fe95a7,cb550e5ff4694fe9a19eaa6588cef250,8af25c7ae8e14435a6e27a5671968f50,7d6cdff8c9ac434196df803628fe9f62,a0408a6462b24cf18e50a8616359d5ad,70aa10580bfe4069bdaa5721ae2d29db,3bd43a42811048e3b7a7d9740bdb1971
6826037354894b81a24d3dc9a4983acb,54e9bbd0093947a3bda5fef48ef7493d,4c36aafaf38f4e9e9e09991737196fe1,cb550e5ff4694fe9a19eaa6588cef250,8af25c7ae8e14435a6e27a5671968f50,408ae6a767874fc782467ec2f054ad15,8746ae2ca7514699b629b4d9b5fe95a7,a0408a6462b24cf18e50a8616359d5ad,3bd43a42811048e3b7a7d9740bdb1971,7ef653f7e5f64e1b8bba73b9518b87b7,e4ee90d625d44a6d9adc138390eef0f8
dc99c006397e40808ab1f016fa44006f,b626eb67c2e14afeae2846bb150976f3,7d6122daabe442ffb5e57ece1882e714,1f9cd7f2b7a14e2f8d490a104a56edcd,3e4a54908dde405294869e30a92a7623,7bbe3c76bcc04d73969f920d43fcc67d,74de04f31db94a99b757685c91779412,6732de8994744decbb3306c74aaa7882,26b18153216b48d793b75598ddb54d77,e88ce4cd350f43398a5c0ab8629cee72,4a7fa5a1bafe4b6995e2920444ac07c4
4993ef4ea7ef4074bc9bfda10fc761b9,7d6122daabe442ffb5e57ece1882e714,1f9cd7f2b7a14e2f8d490a104a56edcd,b626eb67c2e14afeae2846bb150976f3,26b18153216b48d793b75598ddb54d77,6732de8994744decbb3306c74aaa7882,7bbe3c76bcc04d73969f920d43fcc67d,5760084aabef4d8095b2d21902151f64,88353d1136d24836816b073de62e5f50,b4dadb3ea3a04cc3932094471debce13,e88ce4cd350f43398a5c0ab8629cee72
c7eab26c996245a3ab077b730a658580,1f9cd7f2b7a14e2f8d490a104a56edcd,7d6122daabe442ffb5e57ece1882e714,b626eb67c2e14afeae2846bb150976f3,26b18153216b48d793b75598ddb54d77,3e4a54908dde405294869e30a92a7623,6732de8994744decbb3306c74aaa7882,88353d1136d24836816b073de62e5f50,4a7fa5a1bafe4b6995e2920444ac07c4,7bbe3c76bcc04d73969f920d43fcc67d,e88ce4cd350f43398a5c0ab8629cee72
b675a73977ed4edbbe06ed1ed956190f,b626eb67c2e14afeae2846bb150976f3,7d6122daabe442ffb5e57ece1882e714,1f9cd7f2b7a14e2f8d490a104a56edcd,3e4a54908dde405294869e30a92a7623,7bbe3c76bcc04d73969f920d43fcc67d,6732de8994744decbb3306c74aaa7882,e88ce4cd350f43398a5c0ab8629cee72,26b18153216b48d793b75598ddb54d77,b6c493a3666c4db193e86c79faf099ab,4a7fa5a1bafe4b6995e2920444ac07c4
cebedb652e6442cfb5750e4bbec52862,1f9cd7f2b7a14e2f8d490a104a56edcd,7d6122daabe442ffb5e57ece1882e714,b626eb67c2e14afeae2846bb150976f3,26b18153216b48d793b75598ddb54d77,6732de8994744decbb3306c74aaa7882,88353d1136d24836816b073de62e5f50,4a7fa5a1bafe4b6995e2920444ac07c4,7bbe3c76bcc04d73969f920d43fcc67d,b4dadb3ea3a04cc3932094471debce13,e88ce4cd350f43398a5c0ab8629cee72
085ac28270ca429689a32df3a4583773,e429a2e164a24919a12edcc8d4ea8f09,c4b9d7a8d5d342459d2282589b3af293,98b2022b2cb84af09ee8b789db928b13,e53dd6188816429ab915de6f9649a026,75801225047a4c019100660c13f1e0f1,c74557a980e2428a9ffcc245278df692,5e2f1a45f7174f1aa39a194179985876,6c51b4f57ba0415f994756e944b11cee,119a6d7b4af3458b951fc1c5ab5e1738,43ee0103cba54b4e9d165717735ca0f6
e03daa7cd69147cf9ffcfe59b6f1ff74,e429a2e164a24919a12edcc8d4ea8f09,c4b9d7a8d5d342459d2282589b3af293,98b2022b2cb84af09ee8b789db928b13,e53dd6188816429ab915de6f9649a026,75801225047a4c019100660c13f1e0f1,c74557a980e2428a9ffcc245278df692,5e2f1a45f7174f1aa39a194179985876,119a6d7b4af3458b951fc1c5ab5e1738,6c51b4f57ba0415f994756e944b11cee,43ee0103cba54b4e9d165717735ca0f6
7076a0387a924dc1b928b55750f64916,75801225047a4c019100660c13f1e0f1,e429a2e164a24919a12edcc8d4ea8f09,c4b9d7a8d5d342459d2282589b3af293,e53dd6188816429ab915de6f9649a026,98b2022b2cb84af09ee8b789db928b13,bdb0d45caa2a4943959f8f501e51132b,c74557a980e2428a9ffcc245278df692,f8856799293e49feab6368e794eb8b00,de72d25d08da4b03ac6f6411ce30e07c,5e2f1a45f7174f1aa39a194179985876
0da0ce17055e4ce4aad17bba3493ecf3,c4b9d7a8d5d342459d2282589b3af293,98b2022b2cb84af09ee8b789db928b13,e429a2e164a24919a12edcc8d4ea8f09,e53dd6188816429ab915de6f9649a026,75801225047a4c019100660c13f1e0f1,89e983dca0a34b768e17b3871b9cea1e,afaf2edba0ee4d58860a5a04e4aabc5c,d25e6f2fc8154dd7816f8f7a41bee12b,2839430464164d5ba00713b42d4d96e4,6c51b4f57ba0415f994756e944b11cee
a1de5e13c3de409baec25b9625277294,b33a0f5b564a4942b04046ab7a8e2aae,7f0a68d19d2e4850846ffc08c47ed87d,da88fa5efc674368b593444ca950dff9,ca1a2a6308834baba3140b5ce8f81320,93dc50abd35349f7923100dca2f41002,85d4175b563d48e5bc6a991b23662f24,da61d9bc8f024a4aba18d5c3072b7838,8fca2e4873e946f7a788af2b846cebd7,1aef014473b84ef9a0f799114fe516c9,1f3cf50fe1f947d8a56e02ebca441c4c
59d5b8a0cae447e3aa9d4441af278166,7f0a68d19d2e4850846ffc08c47ed87d,b33a0f5b564a4942b04046ab7a8e2aae,ca1a2a6308834baba3140b5ce8f81320,85d4175b563d48e5bc6a991b23662f24,da88fa5efc674368b593444ca950dff9,1b827db6f6cf4ecb850928c2f9e41de2,8fca2e4873e946f7a788af2b846cebd7,1f3cf50fe1f947d8a56e02ebca441c4c,93dc50abd35349f7923100dca2f41002,3b37a4c34b6e4ca89a04da864e141422
0c4b7eb545d746869c5419772a6e4392,b33a0f5b564a4942b04046ab7a8e2aae,7f0a68d19d2e4850846ffc08c47ed87d,ca1a2a6308834baba3140b5ce8f81320,da88fa5efc674368b593444ca950dff9,93dc50abd35349f7923100dca2f41002,85d4175b563d48e5bc6a991b23662f24,da61d9bc8f024a4aba18d5c3072b7838,8fca2e4873e946f7a788af2b846cebd7,c3a741d302d94ee294bb6e4090fd2da9,9500823cb050427696343b1ea5cf8881
ee5f151fd75d45ea92a20e50b7471a5b,7f0a68d19d2e4850846ffc08c47ed87d,b33a0f5b564a4942b04046ab7a8e2aae,ca1a2a6308834baba3140b5ce8f81320,1b827db6f6cf4ecb850928c2f9e41de2,da88fa5efc674368b593444ca950dff9,85d4175b563d48e5bc6a991b23662f24,8fca2e4873e946f7a788af2b846cebd7,1f3cf50fe1f947d8a56e02ebca441c4c,93dc50abd35349f7923100dca2f41002,bce599075dfd4fac8dd78626106e3071
2a1dd0d4a81843bea554bae66ecf0521,d87bd2402bef4672be17b62cec113ba8,1da8cc33bb474411ae16db0233210125,6c6de17135be4f8c9423be633eaefcd4,f69bf682935e47e1b4c72d237becd13a,13aca0959cc948cabeee0d7255f55a65,35c5a560ecdc4d6a9d20f057ed1fa0e6,f69855cdf66d4f6887ecfd0ddb9014b5,c713a0ca69864ee7b240069c98dc44dc,514537782f6549c488a1b932939b4128,b85d652ba8d244f8ab9e941966094f28
eccd7d9de8ca4ef5b452f90014314ff9,d87bd2402bef4672be17b62cec113ba8,1da8cc33bb474411ae16db0233210125,6c6de17135be4f8c9423be633eaefcd4,2639b6540bda414f8a9baa3b5cdb612a,13aca0959cc948cabeee0d7255f55a65,8af25c7ae8e14435a6e27a5671968f50,35c5a560ecdc4d6a9d20f057ed1fa0e6,f69855cdf66d4f6887ecfd0ddb9014b5,b85d652ba8d244f8ab9e941966094f28,c713a0ca69864ee7b240069c98dc44dc
53690105d8d9451da2c18448738ecbc1,1da8cc33bb474411ae16db0233210125,d87bd2402bef4672be17b62cec113ba8,2b3ecf8be2b242f3b8a1e714390749fb,b85d652ba8d244f8ab9e941966094f28,23199e1859544647893a97ea365c5c83,01ffceddb5b34406a08bb982b424b3cf,6bedb2d6ace34e18811b7f1206b2d1b0,02641488de414b72b63f62b40200b101,6c6de17135be4f8c9423be633eaefcd4,b277101390e1465685ef79bf3519f8d7
904b4babc35a4e22bf243f52a41e9034,5a9a716f53364389864a4018d9e9c6c0,0d0973762130427eaa2ce9a7a34517db,9094e936e13641cc9bfcc7dc1408d86e,e79ae27b52fa4d54aa37735fd275c66e,5605fa1188974644937bbf92fec50e21,fb8c2b83e46441c2aaa7c81d3642e2da,ce4fdd5499f8498793c11e586f7da70c,32aaca2a732f4272b237374d3cdeec90,c3f66637872c4141ab3898296739457d,df7ea50171af48df81584ab7e8107d15
4ec8d6459f8e4b49af04fd8199016f22,0d0973762130427eaa2ce9a7a34517db,5a9a716f53364389864a4018d9e9c6c0,fb8c2b83e46441c2aaa7c81d3642e2da,5b588e34588940788a22036b775ecc2f,c78547bdc2e64ac8935559f7de2efd41,7f23e27e5652406784fdc2dea3918125,b69c17a10a55494d8caa56c33e8f4a56,22d9d5ad33e947fd857c5c4a8b7dfae1,02e1d712f37e428c998f72e7a7eeb1e6,df7ea50171af48df81584ab7e8107d15
c50dedd60aba419c9533edaeaa3946ce,0d0973762130427eaa2ce9a7a34517db,5a9a716f53364389864a4018d9e9c6c0,fb8c2b83e46441c2aaa7c81d3642e2da,5b588e34588940788a22036b775ecc2f,c78547bdc2e64ac8935559f7de2efd41,02e1d712f37e428c998f72e7a7eeb1e6,22d9d5ad33e947fd857c5c4a8b7dfae1,7f23e27e5652406784fdc2dea3918125,db0c3a952e454b90aa4a68feb6a50e87,b69c17a10a55494d8caa56c33e8f4a56
e4692df5d1fc4cccbb1af7348c9844e7,5a9a716f53364389864a4018d9e9c6c0,0d0973762130427eaa2ce9a7a34517db,5605fa1188974644937bbf92fec50e21,ce4fdd5499f8498793c11e586f7da70c,9094e936e13641cc9bfcc7dc1408d86e,e79ae27b52fa4d54aa37735fd275c66e,c3f66637872c4141ab3898296739457d,32aaca2a732f4272b237374d3cdeec90,fb8c2b83e46441c2aaa7c81d3642e2da,73f684f538ea452cbb4fbecc2e8126a4
0acc73aefb2c4bd4ac88e33303c8f082,8d595c7da42545c88052e7b213b6c97c,19593c97fef0474dbe6051e28338f1e9,643fbbdd6b764ba9904a4ee67a86b9fd,ffc5805e29a74be0a55b40318aa321d7,e511c40ca6324803b5021e47b4e777f8,89e983dca0a34b768e17b3871b9cea1e,99a52c93a3304ec18dab9206f98f2a8b,13e659415ac84c7a81fc769111d43417,b40d3c588ad647ff85e397a6bc5f9d8b,bc13c2b0221744a29a8ddf56aa015df9
c3b65a8844a544c6a4819d750555f39c,8d595c7da42545c88052e7b213b6c97c,19593c97fef0474dbe6051e28338f1e9,89e983dca0a34b768e17b3871b9cea1e,99a52c93a3304ec18dab9206f98f2a8b,e511c40ca6324803b5021e47b4e777f8,ffc5805e29a74be0a55b40318aa321d7,643fbbdd6b764ba9904a4ee67a86b9fd,13e659415ac84c7a81fc769111d43417,b40d3c588ad647ff85e397a6bc5f9d8b,b90d74e80c37486eaee89b6fbab13671
3ec39a285da042a1bb003186e6c26bdc,19593c97fef0474dbe6051e28338f1e9,8d595c7da42545c88052e7b213b6c97c,f69dcaceb6074ddebfe1dc7e5978fcff,de6ac628a786435f9925c8cc1d707d6b,4422777ed51142a99aacf05f446cfea1,30578712823948b086e3781343982938,a5365055a36a4ec1bf5b0ce2ef949a35,6252aa87531748e5bac5f6c65fc87e14,f5a9583711fc4ff4a46e85c24886b234,d8b3ad3b5c4e474db41a671ab286424f
7abfc7f5744b4188b357bacc5c42c49e,8d595c7da42545c88052e7b213b6c97c,19593c97fef0474dbe6051e28338f1e9,de6ac628a786435f9925c8cc1d707d6b,30578712823948b086e3781343982938,4422777ed51142a99aacf05f446cfea1,f5a9583711fc4ff4a46e85c24886b234,6252aa87531748e5bac5f6c65fc87e14,ffc5805e29a74be0a55b40318aa321d7,89e983dca0a34b768e17b3871b9cea1e,99a52c93a3304ec18dab9206f98f2a8b
9405bc1ec9c249e080970a1f105edabe,ed4449952a9e45339b76fc5f123cb917,599feb1e512c43ad8c0a1845922acf78,78d0265d47df4f4cb7153da919763730,79721c9bb6a54ecdb3d0a0f4011762c1,30f654c6e69e48888f9f42dd95ab3c77,df0c94234d9d4890b5b4b95c441b3e9a,7dd5e88dfdd24cafab2c765939757354,55c0b899937042c98162389b209aca7f,268f8ec9f2734029a8e75857db56ccb3,191b01e1728e4583a8ead5a86db27370
1fe6a337c9114514b3e8dd154c2bda5b,599feb1e512c43ad8c0a1845922acf78,ed4449952a9e45339b76fc5f123cb917,78d0265d47df4f4cb7153da919763730,df0c94234d9d4890b5b4b95c441b3e9a,79721c9bb6a54ecdb3d0a0f4011762c1,e7ee85dd47ca43eeb2fdcd70b802f0ec,30f654c6e69e48888f9f42dd95ab3c77,7dd5e88dfdd24cafab2c765939757354,249c2d8d8d2345c6990b3c4d94385b5a,ad42c467d0fe43dbb328073f9a16bc4d
31557bdb4eee40258e47e89e445b788a,ed4449952a9e45339b76fc5f123cb917,599feb1e512c43ad8c0a1845922acf78,78d0265d47df4f4cb7153da919763730,30f654c6e69e48888f9f42dd95ab3c77,79721c9bb6a54ecdb3d0a0f4011762c1,df0c94234d9d4890b5b4b95c441b3e9a,268f8ec9f2734029a8e75857db56ccb3,7dd5e88dfdd24cafab2c765939757354,9daaefe080b34656a0c7a54d2d6a1713,55c0b899937042c98162389b209aca7f
73dbecd0253544b594d72bdfb45f3f7e,599feb1e512c43ad8c0a1845922acf78,ed4449952a9e45339b76fc5f123cb917,78d0265d47df4f4cb7153da919763730,30f654c6e69e48888f9f42dd95ab3c77,79721c9bb6a54ecdb3d0a0f4011762c1,249c2d8d8d2345c6990b3c4d94385b5a,df0c94234d9d4890b5b4b95c441b3e9a,f1c9c5051bdd4a11a064260bbb9d6d7b,ad42c467d0fe43dbb328073f9a16bc4d,7dd5e88dfdd24cafab2c765939757354
e6d9f19b6de24f86aa66f9c5fd05e823,e1c63000ace94c1d9381d82389fe6afd,99ba4cc9355f4d79a68bc69ac12a716f,0c9c05f86aa042abbdd66d2b2d05d374,a64f6232ee1e4357937008a327a63cf4,230b9ef63ea240e9b61a18f41473f942,bf789f42ccfc42c5a330a3f6e30ddb83,37ae696e40dd42ebb4738722daa3c523,6c874292dbcc49ff8bb8bbe5643593a5,eff24b01b2f5428baa4c3fef6cb40d41,99a52c93a3304ec18dab9206f98f2a8b
81cace07bfd24a26846b03e46c6ad161,99ba4cc9355f4d79a68bc69ac12a716f,e1c63000ace94c1d9381d82389fe6afd,0c9c05f86aa042abbdd66d2b2d05d374,a64f6232ee1e4357937008a327a63cf4,230b9ef63ea240e9b61a18f41473f942,f4b7e6e902e344859cb041126b69ce3c,0e8487b2e6a2439b9e6623a1e2e5e19d,6f57d1175ad243edada61643d01fcd54,e834bfbd30b247e899f0dc029ab9f072,2b039224b54142d185a406b31fe01de2
90e717813d404c9f925935c7cfaf747d,99ba4cc9355f4d79a68bc69ac12a716f,e1c63000ace94c1d9381d82389fe6afd,0c9c05f86aa042abbdd66d2b2d05d374,a64f6232ee1e4357937008a327a63cf4,230b9ef63ea240e9b61a18f41473f942,f4b7e6e902e344859cb041126b69ce3c,e834bfbd30b247e899f0dc029ab9f072,0e8487b2e6a2439b9e6623a1e2e5e19d,eff24b01b2f5428baa4c3fef6cb40d41,2b039224b54142d185a406b31fe01de2
e5fa255c55ca4255a1a6ad8c11fe54a0,230b9ef63ea240e9b61a18f41473f942,0c9c05f86aa042abbdd66d2b2d05d374,e1c63000ace94c1d9381d82389fe6afd,99ba4cc9355f4d79a68bc69ac12a716f,a64f6232ee1e4357937008a327a63cf4,f69dcaceb6074ddebfe1dc7e5978fcff,c1d504dfeded4b8bb3c07777b7c7abde,13cda6e8f2d948eeb5508288a172e76f,5537ddec608a4ec586ea068fa27547ca,a0b4d283f12a407286dbeaa3a4d128a5
e62461979ead477d9cc7f369964f28d9,e1c63000ace94c1d9381d82389fe6afd,99ba4cc9355f4d79a68bc69ac12a716f,0c9c05f86aa042abbdd66d2b2d05d374,a64f6232ee1e4357937008a327a63cf4,230b9ef63ea240e9b61a18f41473f942,6f57d1175ad243edada61643d01fcd54,bf789f42ccfc42c5a330a3f6e30ddb83,99a52c93a3304ec18dab9206f98f2a8b,643fbbdd6b764ba9904a4ee67a86b9fd,37ae696e40dd42ebb4738722daa3c523
5a783edaf5cc4401bef507ec0bf50b74,724a3f6551e74ad585bdeac9a75fd639,7359a1cc20d54f96aeea121d7247b88d,19098957d8c24cab95daa30c2baefd8f,8683a3ad55d84a78834fabe20cde5269,50aa0f56e00d4c23ac78b3e63bc0f0e1,4e4495962a9b4864882397042f1a2b3e,fe363cef357840fcb35f320fe7c27e4e,a94cb58f1ca8456b96e39b5b1ebfb7ea,8ad1f345ca194b29bde0a924f27b2de5,e96fae6d607246b18b8494aabe521036
07ede7933f83489091e7ac09e75bd135,724a3f6551e74ad585bdeac9a75fd639,7359a1cc20d54f96aeea121d7247b88d,19098957d8c24cab95daa30c2baefd8f,8683a3ad55d84a78834fabe20cde5269,fe363cef357840fcb35f320fe7c27e4e,50aa0f56e00d4c23ac78b3e63bc0f0e1,a94cb58f1ca8456b96e39b5b1ebfb7ea,4e4495962a9b4864882397042f1a2b3e,8ad1f345ca194b29bde0a924f27b2de5,b834c0b0c10b471b87ad3f11468de619
e0a1bb27279d4bb8ac27a733753d7c54,9500823cb050427696343b1ea5cf8881,5455e62f52ae4e03b2a5d0e8b9899506,039a871609044cb1b69f70c082fe61d8,3f23eafbd9cc4e209aca631fd6fc9dfd,be70e49b76c24527b4fddfb6b78b6d8d,521004289ebc4e6da6623381d40a5e73,da88fa5efc674368b593444ca950dff9,f91157bb8fca4a8e98db33591a76be9a,85d4175b563d48e5bc6a991b23662f24,32aaca2a732f4272b237374d3cdeec90
8d21526a81804f01b67fc9c7431368d4,9500823cb050427696343b1ea5cf8881,5455e62f52ae4e03b2a5d0e8b9899506,039a871609044cb1b69f70c082fe61d8,3f23eafbd9cc4e209aca631fd6fc9dfd,be70e49b76c24527b4fddfb6b78b6d8d,521004289ebc4e6da6623381d40a5e73,da88fa5efc674368b593444ca950dff9,f91157bb8fca4a8e98db33591a76be9a,85d4175b563d48e5bc6a991b23662f24,5f65785004054c67a618fe43b6a30f56
e099db4616e745afa30336180e470463,039a871609044cb1b69f70c082fe61d8,5455e62f52ae4e03b2a5d0e8b9899506,9500823cb050427696343b1ea5cf8881,be70e49b76c24527b4fddfb6b78b6d8d,521004289ebc4e6da6623381d40a5e73,3f23eafbd9cc4e209aca631fd6fc9dfd,ad3d372fbf054ea1ad06cfcb7490df4b,da88fa5efc674368b593444ca950dff9,5f65785004054c67a618fe43b6a30f56,f91157bb8fca4a8e98db33591a76be9a
4d9da4498edb406687e88c877d40d0b5,af648fa7ac6c4c50a246de470329cd83,afac6ae28fac41dabae96696990c5555,b01fd4d037a84a7aa777e1fc345c73c5,d7618b61a65a4bc1a0d0f2cc1bddc448,a8904adcdd21495f890bc614bfdbf86f,13aca0959cc948cabeee0d7255f55a65,887e323cc38f4cf8adc5970617f1c286,8c5f38853679436ba434b6a696e43168,716a15d66b63424a8068da89e75733b4,bb6ecabbce1b43d997d00d7acdc95193
1878f6ecc3cd4ae098c87cb8f6d6f75f,af648fa7ac6c4c50a246de470329cd83,afac6ae28fac41dabae96696990c5555,b01fd4d037a84a7aa777e1fc345c73c5,d7618b61a65a4bc1a0d0f2cc1bddc448,13aca0959cc948cabeee0d7255f55a65,887e323cc38f4cf8adc5970617f1c286,a8904adcdd21495f890bc614bfdbf86f,8c5f38853679436ba434b6a696e43168,716a15d66b63424a8068da89e75733b4,1d93c07de74c482ebf0a76ec564c3252
122f81ffea0d4ee8a8e0e80dabd6753a,afac6ae28fac41dabae96696990c5555,af648fa7ac6c4c50a246de470329cd83,4230775a9d51448396cacb9061f0e5f9,d7618b61a65a4bc1a0d0f2cc1bddc448,b01fd4d037a84a7aa777e1fc345c73c5,bb6ecabbce1b43d997d00d7acdc95193,a8904adcdd21495f890bc614bfdbf86f,716a15d66b63424a8068da89e75733b4,887e323cc38f4cf8adc5970617f1c286,b834c0b0c10b471b87ad3f11468de619
341c198c08bf4223af06fe1151b3d336,afac6ae28fac41dabae96696990c5555,af648fa7ac6c4c50a246de470329cd83,4230775a9d51448396cacb9061f0e5f9,d7618b61a65a4bc1a0d0f2cc1bddc448,b01fd4d037a84a7aa777e1fc345c73c5,bb6ecabbce1b43d997d00d7acdc95193,a8904adcdd21495f890bc614bfdbf86f,716a15d66b63424a8068da89e75733b4,8c5f38853679436ba434b6a696e43168,887e323cc38f4cf8adc5970617f1c286
6936423214e640f58de191bcbb19cfc0,2ece45504eff42469c104dc2a2d03caf,aa082284f9894b5aa210c179d59999b1,db620271348d404a9a0b978d96c63f29,6f8d80f8673144dfa7a4e09190442ab3,f12e9e5805534d719f829332d1ea5d29,dbf0926f9f344f1d88b114660db4d2eb,e5a3c8867e44498d9182e8be934e0fce,6b7b5d28293d4a5a8075f7f7dd231ddb,daed5458403e49e3aea72f4bcc6dd224,7226603f024c45c6a6e44b00e52e8aad
c0ca5bae25e84345bcf7f81daaa9a287,2ece45504eff42469c104dc2a2d03caf,aa082284f9894b5aa210c179d59999b1,db620271348d404a9a0b978d96c63f29,6f8d80f8673144dfa7a4e09190442ab3,f12e9e5805534d719f829332d1ea5d29,6b7b5d28293d4a5a8075f7f7dd231ddb,f9fe93fae6084350b81964d354e2130f,daed5458403e49e3aea72f4bcc6dd224,dbf0926f9f344f1d88b114660db4d2eb,0a61f52258f643b6a6436a1ec234e197
ca2cd162b500466a989318642fa8e5e8,6f8d80f8673144dfa7a4e09190442ab3,db620271348d404a9a0b978d96c63f29,aa082284f9894b5aa210c179d59999b1,2ece45504eff42469c104dc2a2d03caf,dbf0926f9f344f1d88b114660db4d2eb,f9fe93fae6084350b81964d354e2130f,7226603f024c45c6a6e44b00e52e8aad,291130c42a884be2800e026bab5ddf53,cd6ce920d00e4d17a6cf04f9f7e550b7,2c8eafa0ff26437a862dc2224ab57073
5eea07beb98f41d89ef2eb45e27d65dc,6f8d80f8673144dfa7a4e09190442ab3,db620271348d404a9a0b978d96c63f29,2ece45504eff42469c104dc2a2d03caf,aa082284f9894b5aa210c179d59999b1,dbf0926f9f344f1d88b114660db4d2eb,f9fe93fae6084350b81964d354e2130f,c4e79c8992e54866b0c6f26c55b1a774,8dfe01febd46475ab5aef97033716ce1,7226603f024c45c6a6e44b00e52e8aad,291130c42a884be2800e026bab5ddf53
75f3f9e03bd5407ba9a8ed4058d70b42,9c69642fab6749848e7ea7f5406a6da4,52ee59901f3b4de884d7a6720538aed6,e343a998f4df4ac195c84e0fb571a393,01930613ce7d4a5f90ccf78d1e92a55d,590df34aa41f46e9ad13ffc6a98da3b7,cb75c6ef71cb4991805920f2894e0e96,f37d285ad0de42f0b1546d0d1acfb221,b77d8b7bb0114c379139d280a9210e83,b90d74e80c37486eaee89b6fbab13671,3cb231e1167e45f9bf5771a4e0074092
134c16196b09479bb303d2505e8029e3,9c69642fab6749848e7ea7f5406a6da4,52ee59901f3b4de884d7a6720538aed6,e343a998f4df4ac195c84e0fb571a393,cb75c6ef71cb4991805920f2894e0e96,6c874292dbcc49ff8bb8bbe5643593a5,b90d74e80c37486eaee89b6fbab13671,41e657daa20545a588584578bdb4101c,590df34aa41f46e9ad13ffc6a98da3b7,f37d285ad0de42f0b1546d0d1acfb221,b52468fc0af2435f9ba91939f72bbf6a
62f621f26198469bbe4acc3c211ac044,52ee59901f3b4de884d7a6720538aed6,9c69642fab6749848e7ea7f5406a6da4,e343a998f4df4ac195c84e0fb571a393,70558882c04e46bd99d15e9786468418,e0ff5d4ae0ec4871a49041d550cdcaa9,b90d74e80c37486eaee89b6fbab13671,f37d285ad0de42f0b1546d0d1acfb221,f1c9c5051bdd4a11a064260bbb9d6d7b,6c874292dbcc49ff8bb8bbe5643593a5,23a16d69ffe848d593a4808907d8aa98
e9102a403ab3412e96b169e8b54422da,9c69642fab6749848e7ea7f5406a6da4,52ee59901f3b4de884d7a6720538aed6,e343a998f4df4ac195c84e0fb571a393,cb75c6ef71cb4991805920f2894e0e96,6c874292dbcc49ff8bb8bbe5643593a5,3cb231e1167e45f9bf5771a4e0074092,67dd23cfd20f46dc82acc82c108a1dc6,f37d285ad0de42f0b1546d0d1acfb221,f6061b71031b4ddb9384f86c103690a4,b90d74e80c37486eaee89b6fbab13671
dc99976a66254d64893ce4ea5c1381f9,b8995466f0eb4e7ba141e23216e8b974,0092d1d820c64646b8bee9fd14f77acf,c750a2994555414790abb3281572bb42,2ea3b46262e649f79900258cd90cce31,e86a0aae846a4e44bf967ab4972c977c,b00b2395b49949508fade89bb3eac98b,9fd4c00672d84215b3e21812aef3d6ac,dd9e8283197b473d8ffd502561bdaaec,9677dd2a3aae457a8079087ce4177e14,ac5a760b45c146ec840193371cfb2d30
a837b40016284aef83d53d8096b2f4c1,c750a2994555414790abb3281572bb42,0092d1d820c64646b8bee9fd14f77acf,b8995466f0eb4e7ba141e23216e8b974,2ea3b46262e649f79900258cd90cce31,c66c6f1449d44728a2ef72de53dd6d5e,dd9e8283197b473d8ffd502561bdaaec,f69bf682935e47e1b4c72d237becd13a,37ae696e40dd42ebb4738722daa3c523,c1d504dfeded4b8bb3c07777b7c7abde,b00b2395b49949508fade89bb3eac98b
066e11859105406c8b337a9c79f27900,c750a2994555414790abb3281572bb42,b8995466f0eb4e7ba141e23216e8b974,0092d1d820c64646b8bee9fd14f77acf,2ea3b46262e649f79900258cd90cce31,c66c6f1449d44728a2ef72de53dd6d5e,9677dd2a3aae457a8079087ce4177e14,dd9e8283197b473d8ffd502561bdaaec,f69bf682935e47e1b4c72d237becd13a,a9573f188204436090fb4a5240e4eccd,c1d504dfeded4b8bb3c07777b7c7abde
eacbaee168e04572a043403932038ea4,d361a9e414fb41c1a605200d9cbba496,e3854d75221c4e38879a6106bb5c1941,e834bfbd30b247e899f0dc029ab9f072,afaf2edba0ee4d58860a5a04e4aabc5c,43ee0103cba54b4e9d165717735ca0f6,baf841bad27c456c9de7227555ea3ef8,97959d02a64f4a3fbbebe7cbece6c012,2e7836ee5e5144f5b63e6629b969a362,34b736136487439389c10cc6bd4e9f4e,c74557a980e2428a9ffcc245278df692
87525176aae14b4594b3cc3538652572,43ee0103cba54b4e9d165717735ca0f6,d361a9e414fb41c1a605200d9cbba496,e3854d75221c4e38879a6106bb5c1941,016e634d566b49c199d07357aae9bf33,64fc9fe3c8d5424ebc005e5cf4a608db,e834bfbd30b247e899f0dc029ab9f072,7960902edf4b47d686f704441aa56b0e,d75a52d716984f318f976bbfc7bee787,5abf57d57d84440e94d0d2e2ffb37575,0cc5015848a044b59fa4b290813f859c
6f4c5ace8efc459ea9630b048d4f0f65,da14e9dc2c3d4963b725de8102de5028,ba8d0208e32e42969bd4349cf24f6ed1,a055f8188384479a8bad418f7dffd9a5,d9096650c434432c871effeca9acd5c6,0b57f893483647c3aed811775a4c4c04,4d5cbe57c3094d01843e4f950a280b50,f8e7f9688fd546829da579434180ffee,f2cfa68a47ce4a43a0fe1cc7dc860418,2070754bb5dd4a248be9c2a6a1a9d381,f7f600880b064920ab59b907d26aedc6
492fe644141442369b9490599c32871c,baad022010b44fad8d8410869d909fd1,2070754bb5dd4a248be9c2a6a1a9d381,f2cfa68a47ce4a43a0fe1cc7dc860418,f8e7f9688fd546829da579434180ffee,4d5cbe57c3094d01843e4f950a280b50,da14e9dc2c3d4963b725de8102de5028,f7f600880b064920ab59b907d26aedc6,ba8d0208e32e42969bd4349cf24f6ed1,0b57f893483647c3aed811775a4c4c04,d9096650c434432c871effeca9acd5c6
c5430389b16b4cef9f052e00355bb0bd,da14e9dc2c3d4963b725de8102de5028,ba8d0208e32e42969bd4349cf24f6ed1,a055f8188384479a8bad418f7dffd9a5,d9096650c434432c871effeca9acd5c6,0b57f893483647c3aed811775a4c4c04,4d5cbe57c3094d01843e4f950a280b50,f8e7f9688fd546829da579434180ffee,f2cfa68a47ce4a43a0fe1cc7dc860418,2070754bb5dd4a248be9c2a6a1a9d381,baad022010b44fad8d8410869d909fd1
fe4ef0b1b959405da9233fffe5a1a8ba,baad022010b44fad8d8410869d909fd1,2070754bb5dd4a248be9c2a6a1a9d381,da14e9dc2c3d4963b725de8102de5028,4d5cbe57c3094d01843e4f950a280b50,a055f8188384479a8bad418f7dffd9a5,d9096650c434432c871effeca9acd5c6,ba8d0208e32e42969bd4349cf24f6ed1,f8e7f9688fd546829da579434180ffee,f7f600880b064920ab59b907d26aedc6,f2cfa68a47ce4a43a0fe1cc7dc860418
8b45a559d8f643aabfc6ce1311e615f6,c588868fc3fd4e87a7cddf1ceb00b022,9daaefe080b34656a0c7a54d2d6a1713,ca0fe2dd97434e2ca7aecc38d4f1fcd9,b52468fc0af2435f9ba91939f72bbf6a,e4fcd30261804b089efa940359057ba2,b8da01ceddcb45a491a288ddbc658e90,75801225047a4c019100660c13f1e0f1,14ca42308d3141fba50b774042144343,e6afe89ff7bc491193141c057083d8a8,2c3599a1611644f4908562f8fb8870d3
923cdbcba1f440f0b8e680f9bbe84bc0,2c3599a1611644f4908562f8fb8870d3,b8da01ceddcb45a491a288ddbc658e90,d65e3a3657ae455e954b6d7221afc84c,ca0fe2dd97434e2ca7aecc38d4f1fcd9,bc13c2b0221744a29a8ddf56aa015df9,9fd4c00672d84215b3e21812aef3d6ac,e511c40ca6324803b5021e47b4e777f8,632cc2bc04034dd4848855fe6497262d,99a52c93a3304ec18dab9206f98f2a8b,c78547bdc2e64ac8935559f7de2efd41
ce803c95614a408cbf9b99166b3a9db0,2c3599a1611644f4908562f8fb8870d3,b8da01ceddcb45a491a288ddbc658e90,d65e3a3657ae455e954b6d7221afc84c,ca0fe2dd97434e2ca7aecc38d4f1fcd9,bc13c2b0221744a29a8ddf56aa015df9,e511c40ca6324803b5021e47b4e777f8,9fd4c00672d84215b3e21812aef3d6ac,89e983dca0a34b768e17b3871b9cea1e,632cc2bc04034dd4848855fe6497262d,0592b57e490d4206a3f12eb004a0afe0
4a9f5a00cf914c0cb76a4ee585a73675,c588868fc3fd4e87a7cddf1ceb00b022,9daaefe080b34656a0c7a54d2d6a1713,b52468fc0af2435f9ba91939f72bbf6a,ca0fe2dd97434e2ca7aecc38d4f1fcd9,e4fcd30261804b089efa940359057ba2,ff51ca928cd54f4da620c27983e221f8,ed4449952a9e45339b76fc5f123cb917,9460474d89704a68aaa6ccb62310ae3d,75801225047a4c019100660c13f1e0f1,b8da01ceddcb45a491a288ddbc658e90
61251687d2444fe8b74dce9025233ead,0c9c05f86aa042abbdd66d2b2d05d374,99ba4cc9355f4d79a68bc69ac12a716f,230b9ef63ea240e9b61a18f41473f942,a64f6232ee1e4357937008a327a63cf4,e1c63000ace94c1d9381d82389fe6afd,6dc5832f0ac04df2bd99c6415b3ecf09,a9573f188204436090fb4a5240e4eccd,d53fa54d5536463ab0d87648dfc5fd78,590df34aa41f46e9ad13ffc6a98da3b7,c750a2994555414790abb3281572bb42
42f90bf7d5ef47d8b2f88399cb0f3a2e,0c9c05f86aa042abbdd66d2b2d05d374,99ba4cc9355f4d79a68bc69ac12a716f,230b9ef63ea240e9b61a18f41473f942,a64f6232ee1e4357937008a327a63cf4,e1c63000ace94c1d9381d82389fe6afd,a9573f188204436090fb4a5240e4eccd,91f9f8576e5142a49926bd623b0bc19c,11e9586d6c7a443c8025278f8ef53b6d,1a0ac2d40cb04ca993e1db68d787728a,d53fa54d5536463ab0d87648dfc5fd78
b3c99c83d4e34424adca9ea35f3016b4,a64f6232ee1e4357937008a327a63cf4,99ba4cc9355f4d79a68bc69ac12a716f,e1c63000ace94c1d9381d82389fe6afd,0c9c05f86aa042abbdd66d2b2d05d374,230b9ef63ea240e9b61a18f41473f942,bc607fd6000b43108e49b3d05688fe90,ec07b4e88bea4086a5eafed96d81edb5,9d09e3cd382c4d0ea0f6f50261e3e4c8,da61d9bc8f024a4aba18d5c3072b7838,eff24b01b2f5428baa4c3fef6cb40d41
cc2355a9c26249c0b3722824339d73f5,a64f6232ee1e4357937008a327a63cf4,99ba4cc9355f4d79a68bc69ac12a716f,e1c63000ace94c1d9381d82389fe6afd,0c9c05f86aa042abbdd66d2b2d05d374,230b9ef63ea240e9b61a18f41473f942,bc607fd6000b43108e49b3d05688fe90,9d09e3cd382c4d0ea0f6f50261e3e4c8,27a67d3e76814297aebf64e03d14c336,da61d9bc8f024a4aba18d5c3072b7838,b77d8b7bb0114c379139d280a9210e83
7e2f96b3e0ce428cb02c7ab9d85a8cca,898eabaaa1a047e18aecbb1c5a8decbf,7f5b658239034d35b7f4cf1c63cb388c,b83013f4c5524232814efa0f8651867f,27fe100af7884932a33bf30f10dacc55,d2a03ea4b2d3439ca3dc6fe056ab0f04,aaab880f032a4e00904cf50566164044,40f040fd5c824c8e8e710af1fdf70b5f,10b152bdafe94db8a93f7c374226a071,b0236c76ae244fd8aacbea7da10e55ca,beccee3a988f48c1ad207e2380766fa4
c1de7b286d874eeab76f13a3c0d2f90f,7f5b658239034d35b7f4cf1c63cb388c,898eabaaa1a047e18aecbb1c5a8decbf,b83013f4c5524232814efa0f8651867f,27fe100af7884932a33bf30f10dacc55,40f040fd5c824c8e8e710af1fdf70b5f,aaab880f032a4e00904cf50566164044,d445ccdb4cda497e9f0343a3298022d2,de1102228a324428989533278cd482f6,10b152bdafe94db8a93f7c374226a071,ec5fe0d3a2a2426ea4e49a5c0ad44e04
e61649949748401a9d06187bc97c8b58,7f5b658239034d35b7f4cf1c63cb388c,898eabaaa1a047e18aecbb1c5a8decbf,b83013f4c5524232814efa0f8651867f,27fe100af7884932a33bf30f10dacc55,aaab880f032a4e00904cf50566164044,40f040fd5c824c8e8e710af1fdf70b5f,d445ccdb4cda497e9f0343a3298022d2,10b152bdafe94db8a93f7c374226a071,ec5fe0d3a2a2426ea4e49a5c0ad44e04,beccee3a988f48c1ad207e2380766fa4
b81b07771bcd450f9d8eaba7182f30c7,898eabaaa1a047e18aecbb1c5a8decbf,7f5b658239034d35b7f4cf1c63cb388c,b83013f4c5524232814efa0f8651867f,27fe100af7884932a33bf30f10dacc55,aaab880f032a4e00904cf50566164044,d2a03ea4b2d3439ca3dc6fe056ab0f04,40f040fd5c824c8e8e710af1fdf70b5f,10b152bdafe94db8a93f7c374226a071,b0236c76ae244fd8aacbea7da10e55ca,beccee3a988f48c1ad207e2380766fa4
10477b255a0f4b31bdc6941e131708f6,ec580ac6dd7149fb8a0a5a5d8b0f5b08,444fa28d9ed54c82a522699041eae592,a70909d3ce0d4235913b5ce6a138dcce,fb8c2b83e46441c2aaa7c81d3642e2da,2939ef012c5c4a1b94b49df9469dfb3c,66f4c650b7ca48f1bc27f9daff8d312a,02e1d712f37e428c998f72e7a7eeb1e6,b69c17a10a55494d8caa56c33e8f4a56,c24e3823376b436c8eb46eaeebbc7718,b9228fdb5f0c413d81cffb51829d95c6
98224d85c5a5408b97fc3f91e37c6172,444fa28d9ed54c82a522699041eae592,ec580ac6dd7149fb8a0a5a5d8b0f5b08,02e1d712f37e428c998f72e7a7eeb1e6,245212a659504b9b9cdbaf1ab1d040ff,c65af18670ea437c8986884645b3afe9,eb21a4e2b7bd43efbdf0c365415e7fef,5a6f4a2f7f6a4b1fa146493472e6d721,fb8c2b83e46441c2aaa7c81d3642e2da,c14e45f5201b4038bdddddb238d888a3,f1eecad10a61421eb16b1be7435d9c19
9cde6cf03d36463a9fa125c9a5d8579b,ec580ac6dd7149fb8a0a5a5d8b0f5b08,444fa28d9ed54c82a522699041eae592,c14e45f5201b4038bdddddb238d888a3,02e1d712f37e428c998f72e7a7eeb1e6,c24e3823376b436c8eb46eaeebbc7718,5f481b07f9734f518a14853831233b78,3356a8a8c6ee4f30bc2b028e360d4471,66f4c650b7ca48f1bc27f9daff8d312a,a70909d3ce0d4235913b5ce6a138dcce,f1eecad10a61421eb16b1be7435d9c19
97496eac7339419799091685c1a6c966,444fa28d9ed54c82a522699041eae592,ec580ac6dd7149fb8a0a5a5d8b0f5b08,02e1d712f37e428c998f72e7a7eeb1e6,fb8c2b83e46441c2aaa7c81d3642e2da,245212a659504b9b9cdbaf1ab1d040ff,eb21a4e2b7bd43efbdf0c365415e7fef,f1eecad10a61421eb16b1be7435d9c19,c65af18670ea437c8986884645b3afe9,5a6f4a2f7f6a4b1fa146493472e6d721,0568345606fa4a2c84ed4ea6c74639ee
308e1406bba647a6afa6645b35e09bbd,98b2022b2cb84af09ee8b789db928b13,c4b9d7a8d5d342459d2282589b3af293,e429a2e164a24919a12edcc8d4ea8f09,e53dd6188816429ab915de6f9649a026,c74557a980e2428a9ffcc245278df692,75801225047a4c019100660c13f1e0f1,0228b1e9e3244da3a727930123ba7bda,59e4dcf2794943b18fb902a6eb475ff8,664da77d25e74df693eaad44a5e7617f,0cc5015848a044b59fa4b290813f859c
eaae15d0cec34edcba4d16f18e51feeb,e53dd6188816429ab915de6f9649a026,e834bfbd30b247e899f0dc029ab9f072,98b2022b2cb84af09ee8b789db928b13,bc13c2b0221744a29a8ddf56aa015df9,c4b9d7a8d5d342459d2282589b3af293,e429a2e164a24919a12edcc8d4ea8f09,19b81e71e7f04ebcbfade9daa899ed3d,6c51b4f57ba0415f994756e944b11cee,8a464aa9e2ee45d0abc7ae6181cd1bda,75801225047a4c019100660c13f1e0f1
2fa2158b5d3142e1a336b9938e7ec3e4,b702b2b61ce048c6bf5af3c4dca18b1a,570f08ce2a1a47978eab16bf7ad16a68,d75a52d716984f318f976bbfc7bee787,0accd1d0138b49049d437c0d9b1c23c3,215f3d275db14601a0383885cbaad86e,3d3e8565d2f84e0cad5ae622f2909765,b3a022950e444682a113cec5a0537f6a,27a0d24dc1e14b28a1f18456b29c93f1,e8927e14983a43da900edd926dd35adb,ff171f0b29974f78b0e81fee30abdd38
b3e94875f12a46d49a18038edf575672,b702b2b61ce048c6bf5af3c4dca18b1a,570f08ce2a1a47978eab16bf7ad16a68,d75a52d716984f318f976bbfc7bee787,0accd1d0138b49049d437c0d9b1c23c3,215f3d275db14601a0383885cbaad86e,b3a022950e444682a113cec5a0537f6a,3d3e8565d2f84e0cad5ae622f2909765,27a0d24dc1e14b28a1f18456b29c93f1,e8927e14983a43da900edd926dd35adb,54e9bbd0093947a3bda5fef48ef7493d
bb76a200223d446492dbeb01f3dcd83c,f65c7f50929f431dbf31b441d87616d0,b702b2b61ce048c6bf5af3c4dca18b1a,77cecb221149474896d9b2eb848bf150,fc430b7683934be2aba12468b2409bb8,07958f43551e459eb30638b632e3cd64,27a0d24dc1e14b28a1f18456b29c93f1,54e9bbd0093947a3bda5fef48ef7493d,ff171f0b29974f78b0e81fee30abdd38,c84deec0ecf843c39f52d4cb8e7300f8,2b3ecf8be2b242f3b8a1e714390749fb
249ef4fd3a32489e875b8ff944f609e3,f65c7f50929f431dbf31b441d87616d0,b702b2b61ce048c6bf5af3c4dca18b1a,fc430b7683934be2aba12468b2409bb8,77cecb221149474896d9b2eb848bf150,54e9bbd0093947a3bda5fef48ef7493d,27a0d24dc1e14b28a1f18456b29c93f1,07958f43551e459eb30638b632e3cd64,ff171f0b29974f78b0e81fee30abdd38,4d0a737f396d4a95808085bd1306746c,2b3ecf8be2b242f3b8a1e714390749fb
08a04363ed37468191357b12b4afa016,d445ccdb4cda497e9f0343a3298022d2,08ecf89bc10942a4bd894482f6fcdfa7,0e28ed072d6c444aa6f02e64955b44c6,77d8e01a914d4f4a8b87d407e0d741aa,77c8b175ca9d411b8d28d1ed0dc40304,384b14b18c3c43b1a4dc1aa2f661e076,64d9091426f9461c97c98a5428856bcf,06b7dd1b701544ac80dd7ca54ed707cf,e8f18e4bdf054390a1768978dca8e430,6400e3f6a14c492ba399bd414faca075
62e089fa066d404daadaf7ab2e75f3c4,d445ccdb4cda497e9f0343a3298022d2,08ecf89bc10942a4bd894482f6fcdfa7,77c8b175ca9d411b8d28d1ed0dc40304,0e28ed072d6c444aa6f02e64955b44c6,77d8e01a914d4f4a8b87d407e0d741aa,7070715ef90743da8691dd4ad134eb0c,64d9091426f9461c97c98a5428856bcf,189a3b686ad14c24b5e1a495f76dd239,e8f18e4bdf054390a1768978dca8e430,7f5b658239034d35b7f4cf1c63cb388c
772aba18a7014577b8975d8f66f55383,215f3d275db14601a0383885cbaad86e,d75a52d716984f318f976bbfc7bee787,b3a022950e444682a113cec5a0537f6a,570f08ce2a1a47978eab16bf7ad16a68,97959d02a64f4a3fbbebe7cbece6c012,bcfa4a4177d44d8b8cda17b7a23196b0,b702b2b61ce048c6bf5af3c4dca18b1a,06b7dd1b701544ac80dd7ca54ed707cf,c1def54262224e23acf67a9870725ce5,7070715ef90743da8691dd4ad134eb0c
222088ceffe04fd9a94096cfb805d9aa,215f3d275db14601a0383885cbaad86e,d75a52d716984f318f976bbfc7bee787,b3a022950e444682a113cec5a0537f6a,570f08ce2a1a47978eab16bf7ad16a68,bcfa4a4177d44d8b8cda17b7a23196b0,b702b2b61ce048c6bf5af3c4dca18b1a,06b7dd1b701544ac80dd7ca54ed707cf,97959d02a64f4a3fbbebe7cbece6c012,c1def54262224e23acf67a9870725ce5,7070715ef90743da8691dd4ad134eb0c
215fa8886dc743ea866c55c92e55275a,105ad424733e4cffa7c474b51e3980aa,97959d02a64f4a3fbbebe7cbece6c012,c84deec0ecf843c39f52d4cb8e7300f8,77cecb221149474896d9b2eb848bf150,7960902edf4b47d686f704441aa56b0e,07958f43551e459eb30638b632e3cd64,f4474150010f4021a4620372062f3797,039f8e63b273472d8f1d99d9a5de5cf5,34b736136487439389c10cc6bd4e9f4e,35d06fce2df446569702778e2250bd82
c15e316f43844831a8809cd85924e3b1,97959d02a64f4a3fbbebe7cbece6c012,baf841bad27c456c9de7227555ea3ef8,34b736136487439389c10cc6bd4e9f4e,c84deec0ecf843c39f52d4cb8e7300f8,105ad424733e4cffa7c474b51e3980aa,5537ddec608a4ec586ea068fa27547ca,215f3d275db14601a0383885cbaad86e,77cecb221149474896d9b2eb848bf150,7960902edf4b47d686f704441aa56b0e,016e634d566b49c199d07357aae9bf33
fb89d31587634cee9cf443d998d56245,105ad424733e4cffa7c474b51e3980aa,97959d02a64f4a3fbbebe7cbece6c012,c84deec0ecf843c39f52d4cb8e7300f8,77cecb221149474896d9b2eb848bf150,7960902edf4b47d686f704441aa56b0e,07958f43551e459eb30638b632e3cd64,039f8e63b273472d8f1d99d9a5de5cf5,f4474150010f4021a4620372062f3797,fbfaa119f55a477984e42d80498f54d3,34b736136487439389c10cc6bd4e9f4e
a9c15421f19d4bfca5a2210dbafbd327,b4dadb3ea3a04cc3932094471debce13,7bbe3c76bcc04d73969f920d43fcc67d,e88ce4cd350f43398a5c0ab8629cee72,88353d1136d24836816b073de62e5f50,4a7fa5a1bafe4b6995e2920444ac07c4,1ade4365590a4ac7865100d8c791e340,14f4db886cca4104877ac7d1d7a64133,ef511457ee7c490c8e10eccf6e18fef6,40a95697730046dcbb0d7ba1fe2109a6,19098957d8c24cab95daa30c2baefd8f
405c71393da6481db0f9c471e6ff0b9f,b4dadb3ea3a04cc3932094471debce13,7bbe3c76bcc04d73969f920d43fcc67d,e88ce4cd350f43398a5c0ab8629cee72,88353d1136d24836816b073de62e5f50,4a7fa5a1bafe4b6995e2920444ac07c4,1ade4365590a4ac7865100d8c791e340,14f4db886cca4104877ac7d1d7a64133,40a95697730046dcbb0d7ba1fe2109a6,ef511457ee7c490c8e10eccf6e18fef6,25afb6f7e9314af09008644bca5955b9
10672c8813224cd19e1b65d21bfbf3fc,e88ce4cd350f43398a5c0ab8629cee72,7bbe3c76bcc04d73969f920d43fcc67d,b4dadb3ea3a04cc3932094471debce13,4a7fa5a1bafe4b6995e2920444ac07c4,25afb6f7e9314af09008644bca5955b9,6732de8994744decbb3306c74aaa7882,19098957d8c24cab95daa30c2baefd8f,7d6122daabe442ffb5e57ece1882e714,40a95697730046dcbb0d7ba1fe2109a6,14f4db886cca4104877ac7d1d7a64133
380188fc5ffb4a8db6256661aefa22ee,7bbe3c76bcc04d73969f920d43fcc67d,e88ce4cd350f43398a5c0ab8629cee72,b4dadb3ea3a04cc3932094471debce13,6732de8994744decbb3306c74aaa7882,4a7fa5a1bafe4b6995e2920444ac07c4,26b18153216b48d793b75598ddb54d77,25afb6f7e9314af09008644bca5955b9,7d6122daabe442ffb5e57ece1882e714,e2e0c8c96aff4c00896ac6986bbb20c2,b0236c76ae244fd8aacbea7da10e55ca
78bedef4e219493c8b9a059437b0c690,7bbe3c76bcc04d73969f920d43fcc67d,e88ce4cd350f43398a5c0ab8629cee72,b4dadb3ea3a04cc3932094471debce13,6732de8994744decbb3306c74aaa7882,26b18153216b48d793b75598ddb54d77,25afb6f7e9314af09008644bca5955b9,7d6122daabe442ffb5e57ece1882e714,4a7fa5a1bafe4b6995e2920444ac07c4,e2e0c8c96aff4c00896ac6986bbb20c2,b0236c76ae244fd8aacbea7da10e55ca
a73bf22ed53e478bbdb05661b2bb34bb,b23a9c50eada4286a4f7ce8668b92db1,64e74af099b0485f8b6e71ac73aa2cb8,1393dac7d34b4c34b1a8091a5bea3663,66f4c650b7ca48f1bc27f9daff8d312a,033f1514c78b49dd82148b94f6bcbeba,e0ff5d4ae0ec4871a49041d550cdcaa9,1232f20e710b448e8c0538b9e84dab1c,c1d504dfeded4b8bb3c07777b7c7abde,3356a8a8c6ee4f30bc2b028e360d4471,f1eecad10a61421eb16b1be7435d9c19
f8807fdc0c904075885c336e24827732,1393dac7d34b4c34b1a8091a5bea3663,64e74af099b0485f8b6e71ac73aa2cb8,67dd23cfd20f46dc82acc82c108a1dc6,b23a9c50eada4286a4f7ce8668b92db1,e0ff5d4ae0ec4871a49041d550cdcaa9,7f23e27e5652406784fdc2dea3918125,b69c17a10a55494d8caa56c33e8f4a56,211ef3181e524685866fb8574d9bf456,29fb30a75c57451a85f310aa6423a662,3c0f3b44c0844df49b5898406fe9195a
c21fcb50e9a24b558b8fcc3a2d0f2042,64e74af099b0485f8b6e71ac73aa2cb8,1393dac7d34b4c34b1a8091a5bea3663,e0ff5d4ae0ec4871a49041d550cdcaa9,b23a9c50eada4286a4f7ce8668b92db1,66f4c650b7ca48f1bc27f9daff8d312a,7f23e27e5652406784fdc2dea3918125,df0c94234d9d4890b5b4b95c441b3e9a,ee7c00877ae64dac87123a3d75251530,1232f20e710b448e8c0538b9e84dab1c,b69c17a10a55494d8caa56c33e8f4a56
0e4f6fd8c126417aad3dfe97ea1dee56,ec5fe0d3a2a2426ea4e49a5c0ad44e04,beccee3a988f48c1ad207e2380766fa4,10b152bdafe94db8a93f7c374226a071,40f040fd5c824c8e8e710af1fdf70b5f,aaab880f032a4e00904cf50566164044,b83013f4c5524232814efa0f8651867f,7f5b658239034d35b7f4cf1c63cb388c,597aab8bb15240f89fd1b24a8e38258d,898eabaaa1a047e18aecbb1c5a8decbf,acbf8eae7e064c11bab7adf66f216990
11fd1036e3764df2a694b62f3f7a04ca,beccee3a988f48c1ad207e2380766fa4,ec5fe0d3a2a2426ea4e49a5c0ad44e04,40f040fd5c824c8e8e710af1fdf70b5f,10b152bdafe94db8a93f7c374226a071,aaab880f032a4e00904cf50566164044,b83013f4c5524232814efa0f8651867f,597aab8bb15240f89fd1b24a8e38258d,acbf8eae7e064c11bab7adf66f216990,27fe100af7884932a33bf30f10dacc55,898eabaaa1a047e18aecbb1c5a8decbf
16f482cec0e0411f8a1d2610a2aacb63,beccee3a988f48c1ad207e2380766fa4,ec5fe0d3a2a2426ea4e49a5c0ad44e04,40f040fd5c824c8e8e710af1fdf70b5f,10b152bdafe94db8a93f7c374226a071,aaab880f032a4e00904cf50566164044,b83013f4c5524232814efa0f8651867f,597aab8bb15240f89fd1b24a8e38258d,27fe100af7884932a33bf30f10dacc55,acbf8eae7e064c11bab7adf66f216990,898eabaaa1a047e18aecbb1c5a8decbf
cd59d2d18bf04a6a901a0110f5fc4b13,ec5fe0d3a2a2426ea4e49a5c0ad44e04,beccee3a988f48c1ad207e2380766fa4,10b152bdafe94db8a93f7c374226a071,40f040fd5c824c8e8e710af1fdf70b5f,aaab880f032a4e00904cf50566164044,b83013f4c5524232814efa0f8651867f,7f5b658239034d35b7f4cf1c63cb388c,597aab8bb15240f89fd1b24a8e38258d,898eabaaa1a047e18aecbb1c5a8decbf,acbf8eae7e064c11bab7adf66f216990
a3447d7a1b25452ab7eb7228d9426dbb,887e323cc38f4cf8adc5970617f1c286,8ad1f345ca194b29bde0a924f27b2de5,8c5f38853679436ba434b6a696e43168,36472797459c462e910846109fa624fc,91f0da6d71574ababd8e868bddec9310,13aca0959cc948cabeee0d7255f55a65,d7618b61a65a4bc1a0d0f2cc1bddc448,fe363cef357840fcb35f320fe7c27e4e,a8904adcdd21495f890bc614bfdbf86f,afac6ae28fac41dabae96696990c5555
bc979d6c4eac47c3bd21510ffe22054c,91f0da6d71574ababd8e868bddec9310,116f6c1f0cb54312986a0a729508a33e,8af25c7ae8e14435a6e27a5671968f50,716a15d66b63424a8068da89e75733b4,b2b22c673e554db39c8acdbe42687a6d,a8904adcdd21495f890bc614bfdbf86f,b01fd4d037a84a7aa777e1fc345c73c5,8c5f38853679436ba434b6a696e43168,1c6bbf19b3d2498696a5baf0f53a0f18,13aca0959cc948cabeee0d7255f55a65
8033dc78a96946859252dbe5da10286d,d695b7afdc3841a28a56df578e56afce,e12ad1ce8e7940a999b9a4f91a95fab7,6ea31a945d494834a3d243f1f90af02a,f12e9e5805534d719f829332d1ea5d29,6866efc8987a4ec8b04b7abd28fb5777,8dfe01febd46475ab5aef97033716ce1,ca5add3cbf044a95a5bec88a5841ce98,f1c9c5051bdd4a11a064260bbb9d6d7b,8dfd98bb97584157b207e1f4be471a8e,ccb62901750b4d13a922fc161b607f83
01ac48c3001b4c44a7b582ac608de711,e12ad1ce8e7940a999b9a4f91a95fab7,d695b7afdc3841a28a56df578e56afce,6866efc8987a4ec8b04b7abd28fb5777,ccb62901750b4d13a922fc161b607f83,f12e9e5805534d719f829332d1ea5d29,dbf0926f9f344f1d88b114660db4d2eb,6ea31a945d494834a3d243f1f90af02a,f1c9c5051bdd4a11a064260bbb9d6d7b,7226603f024c45c6a6e44b00e52e8aad,8dfe01febd46475ab5aef97033716ce1
7c0d5434c5bc489793133ad27a07f74e,e12ad1ce8e7940a999b9a4f91a95fab7,d695b7afdc3841a28a56df578e56afce,6866efc8987a4ec8b04b7abd28fb5777,ccb62901750b4d13a922fc161b607f83,dbf0926f9f344f1d88b114660db4d2eb,7226603f024c45c6a6e44b00e52e8aad,f12e9e5805534d719f829332d1ea5d29,f1c9c5051bdd4a11a064260bbb9d6d7b,6ea31a945d494834a3d243f1f90af02a,8dfe01febd46475ab5aef97033716ce1
37c59c24c4b344198d9d5abcdf597519,d695b7afdc3841a28a56df578e56afce,e12ad1ce8e7940a999b9a4f91a95fab7,6ea31a945d494834a3d243f1f90af02a,f12e9e5805534d719f829332d1ea5d29,6866efc8987a4ec8b04b7abd28fb5777,8dfe01febd46475ab5aef97033716ce1,ca5add3cbf044a95a5bec88a5841ce98,714e47cd21e5416f864a4bc938850a72,8dfd98bb97584157b207e1f4be471a8e,f1c9c5051bdd4a11a064260bbb9d6d7b
70b93f2c45f0428a89fc7fd8ce0b6106,6ea31a945d494834a3d243f1f90af02a,d695b7afdc3841a28a56df578e56afce,daed5458403e49e3aea72f4bcc6dd224,8dfe01febd46475ab5aef97033716ce1,f12e9e5805534d719f829332d1ea5d29,6b7b5d28293d4a5a8075f7f7dd231ddb,0cdb0f32850f4585a16de4886462bbe0,e12ad1ce8e7940a999b9a4f91a95fab7,17b5eb6fab65476f827dd355b4a20a55,d0e41bf891254ba0872f1641139f84f6
b1b978d0d5a04bd69d56ef30d2af57e3,245212a659504b9b9cdbaf1ab1d040ff,eb21a4e2b7bd43efbdf0c365415e7fef,f2ef424352f14dda92691047ee9f15fa,7f23e27e5652406784fdc2dea3918125,cc243eebbb2b44a581745865a60c423a,f439b5616ba24b7f82eccfa095a0eff8,033f1514c78b49dd82148b94f6bcbeba,8dfe01febd46475ab5aef97033716ce1,f69dcaceb6074ddebfe1dc7e5978fcff,70558882c04e46bd99d15e9786468418
c63f586816974c308053ab40652e867f,245212a659504b9b9cdbaf1ab1d040ff,eb21a4e2b7bd43efbdf0c365415e7fef,f2ef424352f14dda92691047ee9f15fa,f439b5616ba24b7f82eccfa095a0eff8,cc243eebbb2b44a581745865a60c423a,7f23e27e5652406784fdc2dea3918125,8dfe01febd46475ab5aef97033716ce1,033f1514c78b49dd82148b94f6bcbeba,f69dcaceb6074ddebfe1dc7e5978fcff,70558882c04e46bd99d15e9786468418
6ea9898485944849b1119856b900eee9,eb21a4e2b7bd43efbdf0c365415e7fef,b69c17a10a55494d8caa56c33e8f4a56,c66c6f1449d44728a2ef72de53dd6d5e,590df34aa41f46e9ad13ffc6a98da3b7,245212a659504b9b9cdbaf1ab1d040ff,6ea31a945d494834a3d243f1f90af02a,d87e5facd03b45f9829e8a1cd0fe0190,d695b7afdc3841a28a56df578e56afce,8dfe01febd46475ab5aef97033716ce1,f12e9e5805534d719f829332d1ea5d29
e3fbe9aa3f674b32824114cc216c78ae,a5365055a36a4ec1bf5b0ce2ef949a35,f69dcaceb6074ddebfe1dc7e5978fcff,ffc5805e29a74be0a55b40318aa321d7,36472797459c462e910846109fa624fc,4152360a4bea4cbbbfbe45ff3bf7f62b,19593c97fef0474dbe6051e28338f1e9,4422777ed51142a99aacf05f446cfea1,70558882c04e46bd99d15e9786468418,c2a665cec90e46db8d2a74389beb4649,3b7d56c26da14b3a9b1cd52b5b35891b
db1e964f321c4227b0b29f870ee1f47e,f69dcaceb6074ddebfe1dc7e5978fcff,a5365055a36a4ec1bf5b0ce2ef949a35,19593c97fef0474dbe6051e28338f1e9,ffc5805e29a74be0a55b40318aa321d7,4422777ed51142a99aacf05f446cfea1,8d595c7da42545c88052e7b213b6c97c,de6ac628a786435f9925c8cc1d707d6b,230b9ef63ea240e9b61a18f41473f942,f439b5616ba24b7f82eccfa095a0eff8,70558882c04e46bd99d15e9786468418
8b132fbf58574d90aa4cf5ddc704b658,f69dcaceb6074ddebfe1dc7e5978fcff,a5365055a36a4ec1bf5b0ce2ef949a35,ffc5805e29a74be0a55b40318aa321d7,19593c97fef0474dbe6051e28338f1e9,4422777ed51142a99aacf05f446cfea1,8d595c7da42545c88052e7b213b6c97c,89e983dca0a34b768e17b3871b9cea1e,de6ac628a786435f9925c8cc1d707d6b,230b9ef63ea240e9b61a18f41473f942,f439b5616ba24b7f82eccfa095a0eff8
8cb387b1679843169efe77577286098c,ffc5805e29a74be0a55b40318aa321d7,f69dcaceb6074ddebfe1dc7e5978fcff,643fbbdd6b764ba9904a4ee67a86b9fd,8d595c7da42545c88052e7b213b6c97c,89e983dca0a34b768e17b3871b9cea1e,1aef014473b84ef9a0f799114fe516c9,e511c40ca6324803b5021e47b4e777f8,b40d3c588ad647ff85e397a6bc5f9d8b,de6ac628a786435f9925c8cc1d707d6b,99a52c93a3304ec18dab9206f98f2a8b
bd22a678c6cc469fbcd9725604a12326,ffc5805e29a74be0a55b40318aa321d7,8d595c7da42545c88052e7b213b6c97c,f69dcaceb6074ddebfe1dc7e5978fcff,643fbbdd6b764ba9904a4ee67a86b9fd,89e983dca0a34b768e17b3871b9cea1e,e511c40ca6324803b5021e47b4e777f8,1aef014473b84ef9a0f799114fe516c9,b40d3c588ad647ff85e397a6bc5f9d8b,bc13c2b0221744a29a8ddf56aa015df9,0d0973762130427eaa2ce9a7a34517db
ee15d39bccb6404eb47fcb884d906454,bc607fd6000b43108e49b3d05688fe90,7e8a4a43e2f84dbb88e41cb24b3fe79f,f5d09519cf7647f8a107cd8fadd322e5,c74557a980e2428a9ffcc245278df692,3e6a4b65a1004c08a6f3f570cf986c2f,c2b49382e2f34b1c90013236a5fbaef0,5e2f1a45f7174f1aa39a194179985876,e834bfbd30b247e899f0dc029ab9f072,8228c9eb29a542ba98c8b9b854eadaa4,3e923b6e3ceb4901b77c9a18729546eb
ccb86f144be341ac9a6ff07647fc1e2f,31cf7db26a3249c5a6205b005662ddcf,64fc9fe3c8d5424ebc005e5cf4a608db,701ac1447f5a414e81156a56c3593a31,f5d09519cf7647f8a107cd8fadd322e5,7e8a4a43e2f84dbb88e41cb24b3fe79f,e834bfbd30b247e899f0dc029ab9f072,30578712823948b086e3781343982938,45e440d874a54bb591862ff441114cd3,43ee0103cba54b4e9d165717735ca0f6,3c0f3b44c0844df49b5898406fe9195a
de734ca5438c4b22a9e1d7e170c3c57c,7e8a4a43e2f84dbb88e41cb24b3fe79f,bc607fd6000b43108e49b3d05688fe90,c74557a980e2428a9ffcc245278df692,5e2f1a45f7174f1aa39a194179985876,3e923b6e3ceb4901b77c9a18729546eb,f5d09519cf7647f8a107cd8fadd322e5,e834bfbd30b247e899f0dc029ab9f072,5e0a2bc284cf4002914ae4e6aaef41e8,f879b316413f45d2b64bb25e3f45a667,c2b49382e2f34b1c90013236a5fbaef0
1b14bef50f7c4e24afcc755f17cc10df,7e8a4a43e2f84dbb88e41cb24b3fe79f,bc607fd6000b43108e49b3d05688fe90,5e2f1a45f7174f1aa39a194179985876,f5d09519cf7647f8a107cd8fadd322e5,c74557a980e2428a9ffcc245278df692,31cf7db26a3249c5a6205b005662ddcf,3e923b6e3ceb4901b77c9a18729546eb,e834bfbd30b247e899f0dc029ab9f072,701ac1447f5a414e81156a56c3593a31,5e0a2bc284cf4002914ae4e6aaef41e8
18283806841d46c39db8e7fd20713c52,36472797459c462e910846109fa624fc,d7618b61a65a4bc1a0d0f2cc1bddc448,a5365055a36a4ec1bf5b0ce2ef949a35,b01fd4d037a84a7aa777e1fc345c73c5,408ae6a767874fc782467ec2f054ad15,8af25c7ae8e14435a6e27a5671968f50,3bd43a42811048e3b7a7d9740bdb1971,bb6ecabbce1b43d997d00d7acdc95193,8c5f38853679436ba434b6a696e43168,a8904adcdd21495f890bc614bfdbf86f
5e304e02eba04f73a50005680ad397d9,36472797459c462e910846109fa624fc,d7618b61a65a4bc1a0d0f2cc1bddc448,408ae6a767874fc782467ec2f054ad15,887e323cc38f4cf8adc5970617f1c286,13aca0959cc948cabeee0d7255f55a65,a5365055a36a4ec1bf5b0ce2ef949a35,54e9bbd0093947a3bda5fef48ef7493d,fe363cef357840fcb35f320fe7c27e4e,a8904adcdd21495f890bc614bfdbf86f,8af25c7ae8e14435a6e27a5671968f50
17746de5e371420092452c78a59017b4,7879fa4d4db046a2a8d195311b6e5789,bb84a4cf60c84a8d8e23276b1863d293,66cba49431224a3788f914d6a80165e1,b64cef9df31c4e92a7b7ecd42f74f396,d2a03ea4b2d3439ca3dc6fe056ab0f04,76e41369a6794714a9fab6968839bfe6,51c6049a18b84ee381d0512e40b67c0e,5c644b51b1394a7b8fa0a9a6275c422d,a2612682d9854a30a7684c91c8619ec9,e2769c67dadd4c988f7ccf249a998a56
496cf23a51bc496da75e8ef2f4847bd2,bb84a4cf60c84a8d8e23276b1863d293,7879fa4d4db046a2a8d195311b6e5789,b64cef9df31c4e92a7b7ecd42f74f396,ca544e6629b14e8fab5f7cb40d1ac88e,25afb6f7e9314af09008644bca5955b9,7bbe3c76bcc04d73969f920d43fcc67d,ef511457ee7c490c8e10eccf6e18fef6,5c644b51b1394a7b8fa0a9a6275c422d,76e41369a6794714a9fab6968839bfe6,88353d1136d24836816b073de62e5f50
62d8c95fb6f24a1db3cd303bb5b85396,7879fa4d4db046a2a8d195311b6e5789,bb84a4cf60c84a8d8e23276b1863d293,66cba49431224a3788f914d6a80165e1,b64cef9df31c4e92a7b7ecd42f74f396,76e41369a6794714a9fab6968839bfe6,d2a03ea4b2d3439ca3dc6fe056ab0f04,e2769c67dadd4c988f7ccf249a998a56,5c644b51b1394a7b8fa0a9a6275c422d,04d24d1cf42b4f7787d8d300cbad6d50,51c6049a18b84ee381d0512e40b67c0e
fa8048c81669437cb087918eab24b02b,be42a43f5186434db4f2815f768a9991,d60986f4025d443ea58adba0e3d224a1,1c2b01416e3943e3b3c575e53c3f1d16,e9428816b054499298745b742f128f65,18ab15fbf00f42f7a410ec75f7592bea,009be1c3430743ff9b054bdfcd6228d6,bb5c7d03a54647d08b8c62deeb803271,bce599075dfd4fac8dd78626106e3071,93dc50abd35349f7923100dca2f41002,47eb17da319d440aa52da8008c26327a
b7d522798dc7498da4a40704cbb65a53,bb5c7d03a54647d08b8c62deeb803271,f464960d2dbc43c0970c60600bd7f1cd,097c30a7f39a4a3abf6da2ca80cad3a5,be42a43f5186434db4f2815f768a9991,85d4175b563d48e5bc6a991b23662f24,3574ab91c29940b3afc62354ae06b73b,09f4970dfe684b809bc0959fb62f41bf,1b827db6f6cf4ecb850928c2f9e41de2,e9428816b054499298745b742f128f65,5455e62f52ae4e03b2a5d0e8b9899506
23701e1499d04d6f890fffb1a8d95746,bb5c7d03a54647d08b8c62deeb803271,f464960d2dbc43c0970c60600bd7f1cd,097c30a7f39a4a3abf6da2ca80cad3a5,be42a43f5186434db4f2815f768a9991,86f59bd78b424260b0cf356f2f9ae734,85d4175b563d48e5bc6a991b23662f24,3574ab91c29940b3afc62354ae06b73b,09f4970dfe684b809bc0959fb62f41bf,1b827db6f6cf4ecb850928c2f9e41de2,e9428816b054499298745b742f128f65
d8e490c2dc4e457291f1e7bb4ca941f2,be42a43f5186434db4f2815f768a9991,d60986f4025d443ea58adba0e3d224a1,1c2b01416e3943e3b3c575e53c3f1d16,e9428816b054499298745b742f128f65,18ab15fbf00f42f7a410ec75f7592bea,009be1c3430743ff9b054bdfcd6228d6,bb5c7d03a54647d08b8c62deeb803271,bce599075dfd4fac8dd78626106e3071,93dc50abd35349f7923100dca2f41002,5c8a8b7a59c54b9aa7b7136fd91b5869
e2c006dd97304dc5b599c8334ea91da4,f69bf682935e47e1b4c72d237becd13a,563043f180e54e238ad4876974e5db4c,42b6af4853fc465f83ec054f8f8289a4,6c51b4f57ba0415f994756e944b11cee,c750a2994555414790abb3281572bb42,6c6de17135be4f8c9423be633eaefcd4,de72d25d08da4b03ac6f6411ce30e07c,9bf3b77eb9874f5f9e006a9cff111ea9,7d0190486da540718e4dc4ca4bd1f573,9d09e3cd382c4d0ea0f6f50261e3e4c8
180a003741a9400fb647528c1b5bcccf,42b6af4853fc465f83ec054f8f8289a4,563043f180e54e238ad4876974e5db4c,f69bf682935e47e1b4c72d237becd13a,6c51b4f57ba0415f994756e944b11cee,f5b766ea6abe4b5fb27d49cc3bc06020,b44645c11ece4326a45f50fdc5d45dcf,7d0190486da540718e4dc4ca4bd1f573,6c6de17135be4f8c9423be633eaefcd4,baf841bad27c456c9de7227555ea3ef8,119a6d7b4af3458b951fc1c5ab5e1738
d9c92c59d5aa4726b77e009485c2ea31,42b6af4853fc465f83ec054f8f8289a4,563043f180e54e238ad4876974e5db4c,f69bf682935e47e1b4c72d237becd13a,6c51b4f57ba0415f994756e944b11cee,7d0190486da540718e4dc4ca4bd1f573,6c6de17135be4f8c9423be633eaefcd4,f5b766ea6abe4b5fb27d49cc3bc06020,baf841bad27c456c9de7227555ea3ef8,9d09e3cd382c4d0ea0f6f50261e3e4c8,3c0f3b44c0844df49b5898406fe9195a
11ce9ba7b6bc4478a9c51c05eeca19e6,94ed54abfdc74b04b0dcb19c278e66f4,2d43cf91509846e29ab4febd7781919f,3aa003c1e31b476e999c3a808a1d5dc6,be9e713988ba4bbba869885cad419259,8683a3ad55d84a78834fabe20cde5269,68aefc97056440af874039a28497cf98,0accd1d0138b49049d437c0d9b1c23c3,8fdee0611965465eb45387b8c39f4136,f69bf682935e47e1b4c72d237becd13a,78809cb3c6b841a9b8b132133dd6bb96
95a503cfa55a48d6a01d293cc25399c0,2d43cf91509846e29ab4febd7781919f,94ed54abfdc74b04b0dcb19c278e66f4,68aefc97056440af874039a28497cf98,f69bf682935e47e1b4c72d237becd13a,c713a0ca69864ee7b240069c98dc44dc,84ff5144597241bba5cbd3d0b21d220d,26e55eb4d910464497d700bfdf5a36ca,86179aff3df24ff59b11e9a34974a3f4,30c71719aed84c07ae21d0eff0deed72,059a284910e849efbbc7073b8681409f
fdd0fecc1fbd4f8da6683ae92d766e3f,94ed54abfdc74b04b0dcb19c278e66f4,2d43cf91509846e29ab4febd7781919f,57bcda73abab44ee930b20cdaee9d24b,68aefc97056440af874039a28497cf98,0accd1d0138b49049d437c0d9b1c23c3,f69bf682935e47e1b4c72d237becd13a,74de04f31db94a99b757685c91779412,3766b26b53874893ae48693880e1942c,8683a3ad55d84a78834fabe20cde5269,86179aff3df24ff59b11e9a34974a3f4
a63b30ed19774ee7bd8c65b80994011f,2d43cf91509846e29ab4febd7781919f,94ed54abfdc74b04b0dcb19c278e66f4,68aefc97056440af874039a28497cf98,86179aff3df24ff59b11e9a34974a3f4,84ff5144597241bba5cbd3d0b21d220d,c713a0ca69864ee7b240069c98dc44dc,26e55eb4d910464497d700bfdf5a36ca,a5d5fb459a1844088e93ae557ab34afe,30c71719aed84c07ae21d0eff0deed72,57bcda73abab44ee930b20cdaee9d24b
b7ee6050d7ff433da190380cbf6c568b,55c0b899937042c98162389b209aca7f,df0c94234d9d4890b5b4b95c441b3e9a,79721c9bb6a54ecdb3d0a0f4011762c1,5605fa1188974644937bbf92fec50e21,9094e936e13641cc9bfcc7dc1408d86e,6dc5832f0ac04df2bd99c6415b3ecf09,9daaefe080b34656a0c7a54d2d6a1713,ed4449952a9e45339b76fc5f123cb917,a9d82bb43410405ca21b44a5e82e22b6,7199f2fe77824236a392e1f00a5bdfc3
9f79b85612a8457c9560f5188ba8de80,9094e936e13641cc9bfcc7dc1408d86e,79721c9bb6a54ecdb3d0a0f4011762c1,5605fa1188974644937bbf92fec50e21,df0c94234d9d4890b5b4b95c441b3e9a,55c0b899937042c98162389b209aca7f,ed4449952a9e45339b76fc5f123cb917,174581fc299840e18e827432c0cce4dc,9daaefe080b34656a0c7a54d2d6a1713,5a9a716f53364389864a4018d9e9c6c0,ca0fe2dd97434e2ca7aecc38d4f1fcd9
92842816932b4cedaf43f4075a7295f8,df0c94234d9d4890b5b4b95c441b3e9a,79721c9bb6a54ecdb3d0a0f4011762c1,55c0b899937042c98162389b209aca7f,5605fa1188974644937bbf92fec50e21,9094e936e13641cc9bfcc7dc1408d86e,174581fc299840e18e827432c0cce4dc,e79ae27b52fa4d54aa37735fd275c66e,c78547bdc2e64ac8935559f7de2efd41,ed4449952a9e45339b76fc5f123cb917,78d0265d47df4f4cb7153da919763730
0ba88aef47574c8397c6bafc945b9a6d,7daa434073604cb98a04fefb55468dda,361f2b7f3f044907b3a331872fb18755,59f62d35b1ad451397b700b3dad25448,6d3b4c95066e4dd8a6ad1c66b1c1ea4f,3d3e8565d2f84e0cad5ae622f2909765,27a0d24dc1e14b28a1f18456b29c93f1,39e2b00e1cbd471488cf56f31d2cec7f,d43b0f94627d45918e18a80be127aa2c,0accd1d0138b49049d437c0d9b1c23c3,de1102228a324428989533278cd482f6
908bfd5077a44b398cdda1f6b068ef55,7daa434073604cb98a04fefb55468dda,361f2b7f3f044907b3a331872fb18755,0accd1d0138b49049d437c0d9b1c23c3,3d3e8565d2f84e0cad5ae622f2909765,6d3b4c95066e4dd8a6ad1c66b1c1ea4f,27a0d24dc1e14b28a1f18456b29c93f1,2471f23cb9b64d35a72deed09c9c8975,39e2b00e1cbd471488cf56f31d2cec7f,d43b0f94627d45918e18a80be127aa2c,59f62d35b1ad451397b700b3dad25448
a165443e0d954522807ce0ab172fcdc5,361f2b7f3f044907b3a331872fb18755,7daa434073604cb98a04fefb55468dda,0accd1d0138b49049d437c0d9b1c23c3,6d3b4c95066e4dd8a6ad1c66b1c1ea4f,3d3e8565d2f84e0cad5ae622f2909765,d43b0f94627d45918e18a80be127aa2c,59f62d35b1ad451397b700b3dad25448,39e2b00e1cbd471488cf56f31d2cec7f,2471f23cb9b64d35a72deed09c9c8975,d716ea165223433a8d49b93e96989482
f9f0efaa4a6142a7919a132744822ef4,dd77b570036f40de9fdf49011bb9e2d8,39a08a87897f47d3bdbbdc5ed8c9cd7f,26869cc099c44c4a86f6043476ab4890,7ef653f7e5f64e1b8bba73b9518b87b7,cffbff4deb374fcf850c679899c6e3f8,3aa003c1e31b476e999c3a808a1d5dc6,984058b7165d4c6385bec3c94afa9fb2,b277101390e1465685ef79bf3519f8d7,a35fecee62a9432da0c413f65e895e8c,d658e3a743af41899183fecff6b2628d
a1022ebe11dc4f2888d2400773e35559,13e659415ac84c7a81fc769111d43417,c3502ff31ce6459a96164c934f297562,cae139b6e4914ce7b0ef1e68b8b857eb,0971af4212484a958eb0f60f93d1dfe0,e3854d75221c4e38879a6106bb5c1941,25109e3a7df549e5b380aae716d71366,f65b6fb5b40a49d1896de7a115469d40,b5f237fefb38465bb6a068c9cf75ba31,4a3d4daed4b24a1898551f0fd1ba44f1,1f3cf50fe1f947d8a56e02ebca441c4c
095cc723607c4786bac59694c8e22fac,39a08a87897f47d3bdbbdc5ed8c9cd7f,dd77b570036f40de9fdf49011bb9e2d8,26869cc099c44c4a86f6043476ab4890,095ac293b64a4a58b1b3d3f71453a267,02a3cd76ce534d188b4d5ac4778bd652,b277101390e1465685ef79bf3519f8d7,8f0e477fc779414e9b47995c0b25a87d,a35fecee62a9432da0c413f65e895e8c,b5f237fefb38465bb6a068c9cf75ba31,5cfb876eeb4f410aa1282cc279f0e546
f975925d733d40bd99cdc31b176a5add,26869cc099c44c4a86f6043476ab4890,dd77b570036f40de9fdf49011bb9e2d8,39a08a87897f47d3bdbbdc5ed8c9cd7f,bbdf9065122d499d9d8f80ad3e0ef6f3,3827ad869b3740278b98db4e65c40e0c,5cfb876eeb4f410aa1282cc279f0e546,8350ea8cd6514c2c8d7b625abe7e895b,02a3cd76ce534d188b4d5ac4778bd652,59f62d35b1ad451397b700b3dad25448,3ec67e948e15423fac23fdd38a7d4cca
f71566d731d04b0fa7d5306ca6d5d1a3,39a08a87897f47d3bdbbdc5ed8c9cd7f,dd77b570036f40de9fdf49011bb9e2d8,26869cc099c44c4a86f6043476ab4890,8f0e477fc779414e9b47995c0b25a87d,b277101390e1465685ef79bf3519f8d7,095ac293b64a4a58b1b3d3f71453a267,02a3cd76ce534d188b4d5ac4778bd652,b5f237fefb38465bb6a068c9cf75ba31,a35fecee62a9432da0c413f65e895e8c,984058b7165d4c6385bec3c94afa9fb2
6e42a161c552498789623a17244a874b,ca544e6629b14e8fab5f7cb40d1ac88e,7e17bbd109dc486c8f0a76f913782180,5c09482fc8dc45bdbf7919f00dd540e0,02a3cd76ce534d188b4d5ac4778bd652,249c2d8d8d2345c6990b3c4d94385b5a,24c55bb5cd694770ba895c7401da2ba5,dee9eddb2eac41bfaf36d3279d43674a,f32f4607b4714e378831f924c5e6084d,595e438d2b394bb3a3259f47efd37ae8,4a6eba10a02a4ecdbb6b25e8651c3789
947c873b63474e1c81b5f7d75177694b,ca544e6629b14e8fab5f7cb40d1ac88e,5c09482fc8dc45bdbf7919f00dd540e0,7e17bbd109dc486c8f0a76f913782180,249c2d8d8d2345c6990b3c4d94385b5a,5d5baf5ce88b4b529e28ab9c7c114148,f32f4607b4714e378831f924c5e6084d,42805d29975b400ea7c570fc45ec4938,4a6eba10a02a4ecdbb6b25e8651c3789,26869cc099c44c4a86f6043476ab4890,02a3cd76ce534d188b4d5ac4778bd652
1869a01128ef42e787aac2c1e61067fd,5c09482fc8dc45bdbf7919f00dd540e0,ca544e6629b14e8fab5f7cb40d1ac88e,bb84a4cf60c84a8d8e23276b1863d293,7e17bbd109dc486c8f0a76f913782180,e903085a3f944ad2a41c37306b4e6ab4,b64cef9df31c4e92a7b7ecd42f74f396,7879fa4d4db046a2a8d195311b6e5789,88353d1136d24836816b073de62e5f50,e2769c67dadd4c988f7ccf249a998a56,5c644b51b1394a7b8fa0a9a6275c422d
4e741c03bcf2485b841a422cf7af28e7,5c09482fc8dc45bdbf7919f00dd540e0,ca544e6629b14e8fab5f7cb40d1ac88e,e903085a3f944ad2a41c37306b4e6ab4,76e41369a6794714a9fab6968839bfe6,b64cef9df31c4e92a7b7ecd42f74f396,7e17bbd109dc486c8f0a76f913782180,4c293487c809486585d65ed10b2cb1e4,df7ea50171af48df81584ab7e8107d15,bb84a4cf60c84a8d8e23276b1863d293,0a61f52258f643b6a6436a1ec234e197
3b718c2254b44a6b98577df37cfcf2e6,19098957d8c24cab95daa30c2baefd8f,8b038cd0dafd45d8b1ce75177ca3a76b,cdd73e0289aa4e2b87cd14e6ff5bd75e,724a3f6551e74ad585bdeac9a75fd639,e2e0c8c96aff4c00896ac6986bbb20c2,50aa0f56e00d4c23ac78b3e63bc0f0e1,50a2129b83404b94889a01f4688ebafd,02a3cd76ce534d188b4d5ac4778bd652,24c55bb5cd694770ba895c7401da2ba5,1d93c07de74c482ebf0a76ec564c3252
5c555c29b0864fed9559512fc8b56e7e,8b038cd0dafd45d8b1ce75177ca3a76b,19098957d8c24cab95daa30c2baefd8f,b4dadb3ea3a04cc3932094471debce13,04fa591263664fb0a6868552ebd3590b,e88ce4cd350f43398a5c0ab8629cee72,50a2129b83404b94889a01f4688ebafd,40a95697730046dcbb0d7ba1fe2109a6,4a7fa5a1bafe4b6995e2920444ac07c4,0eb119aabc884795a4768c6d3e677ea1,e2e0c8c96aff4c00896ac6986bbb20c2
62c7211abab24fcca853aeb2813a880d,9460474d89704a68aaa6ccb62310ae3d,3f1c2bb09c4e4400b6ba19542fafce18,9daaefe080b34656a0c7a54d2d6a1713,c1d504dfeded4b8bb3c07777b7c7abde,e0ff5d4ae0ec4871a49041d550cdcaa9,c66c6f1449d44728a2ef72de53dd6d5e,89e983dca0a34b768e17b3871b9cea1e,19b81e71e7f04ebcbfade9daa899ed3d,66f4c650b7ca48f1bc27f9daff8d312a,191b01e1728e4583a8ead5a86db27370
0883118ad1b2497ab0b9df2a1e2b16b9,9460474d89704a68aaa6ccb62310ae3d,3f1c2bb09c4e4400b6ba19542fafce18,9daaefe080b34656a0c7a54d2d6a1713,c66c6f1449d44728a2ef72de53dd6d5e,19b81e71e7f04ebcbfade9daa899ed3d,c1d504dfeded4b8bb3c07777b7c7abde,e0ff5d4ae0ec4871a49041d550cdcaa9,14ca42308d3141fba50b774042144343,191b01e1728e4583a8ead5a86db27370,ff51ca928cd54f4da620c27983e221f8
f79a2bf431ab4c86b494e19d1845d00c,c66c6f1449d44728a2ef72de53dd6d5e,ac5a760b45c146ec840193371cfb2d30,eb21a4e2b7bd43efbdf0c365415e7fef,9bf3b77eb9874f5f9e006a9cff111ea9,b2992fe473124dd0b895cf81f59f6db6,9460474d89704a68aaa6ccb62310ae3d,e79ae27b52fa4d54aa37735fd275c66e,c750a2994555414790abb3281572bb42,63ba014f9cc747ac87013da6be0ceab9,c2a665cec90e46db8d2a74389beb4649
a57e9b989c854296a345aa9dea1c5cb4,3f1c2bb09c4e4400b6ba19542fafce18,9460474d89704a68aaa6ccb62310ae3d,511fe9c8b20b4fda94969745238c9474,eff24b01b2f5428baa4c3fef6cb40d41,1027a336232c4454a9c4ae450a562788,bc13c2b0221744a29a8ddf56aa015df9,9094e936e13641cc9bfcc7dc1408d86e,70558882c04e46bd99d15e9786468418,e8f18e4bdf054390a1768978dca8e430,ca0fe2dd97434e2ca7aecc38d4f1fcd9
8c894f4ececa48fe8b64acf34a77674e,c66c6f1449d44728a2ef72de53dd6d5e,eb21a4e2b7bd43efbdf0c365415e7fef,ac5a760b45c146ec840193371cfb2d30,9bf3b77eb9874f5f9e006a9cff111ea9,b2992fe473124dd0b895cf81f59f6db6,9460474d89704a68aaa6ccb62310ae3d,63ba014f9cc747ac87013da6be0ceab9,e79ae27b52fa4d54aa37735fd275c66e,b40d3c588ad647ff85e397a6bc5f9d8b,0592b57e490d4206a3f12eb004a0afe0
8257521498a64a9fb7b41143b713373b,1027a336232c4454a9c4ae450a562788,19a124c6dad14a4fa7864463b081009c,c65af18670ea437c8986884645b3afe9,eff24b01b2f5428baa4c3fef6cb40d41,3f1c2bb09c4e4400b6ba19542fafce18,73f684f538ea452cbb4fbecc2e8126a4,6c874292dbcc49ff8bb8bbe5643593a5,52ee59901f3b4de884d7a6720538aed6,1232f20e710b448e8c0538b9e84dab1c,f1c9c5051bdd4a11a064260bbb9d6d7b
78188b8c0642428fb591262e5d86ce6d,19a124c6dad14a4fa7864463b081009c,1027a336232c4454a9c4ae450a562788,c65af18670ea437c8986884645b3afe9,5a6f4a2f7f6a4b1fa146493472e6d721,70558882c04e46bd99d15e9786468418,1ad0cf33e96243888d5f970195a75586,3356a8a8c6ee4f30bc2b028e360d4471,6c874292dbcc49ff8bb8bbe5643593a5,25109e3a7df549e5b380aae716d71366,eff24b01b2f5428baa4c3fef6cb40d41
03d5ce4601154cbdad2bd459235427ad,1027a336232c4454a9c4ae450a562788,19a124c6dad14a4fa7864463b081009c,c65af18670ea437c8986884645b3afe9,eff24b01b2f5428baa4c3fef6cb40d41,3f1c2bb09c4e4400b6ba19542fafce18,73f684f538ea452cbb4fbecc2e8126a4,6c874292dbcc49ff8bb8bbe5643593a5,52ee59901f3b4de884d7a6720538aed6,1232f20e710b448e8c0538b9e84dab1c,25109e3a7df549e5b380aae716d71366
e46f5e15b5ba480db90f0be1f5c6b070,c65af18670ea437c8986884645b3afe9,19a124c6dad14a4fa7864463b081009c,1027a336232c4454a9c4ae450a562788,6c874292dbcc49ff8bb8bbe5643593a5,1232f20e710b448e8c0538b9e84dab1c,5a6f4a2f7f6a4b1fa146493472e6d721,d476be2399b7424a88d242b771c32041,52ee59901f3b4de884d7a6720538aed6,4926607aafe749538c930e108275547e,d756970269e9443fb9bbf645a96aa84e
0e8d635cc3e241ddbe108bab5a0f863f,c65af18670ea437c8986884645b3afe9,19a124c6dad14a4fa7864463b081009c,1027a336232c4454a9c4ae450a562788,6c874292dbcc49ff8bb8bbe5643593a5,1232f20e710b448e8c0538b9e84dab1c,52ee59901f3b4de884d7a6720538aed6,d756970269e9443fb9bbf645a96aa84e,9daaefe080b34656a0c7a54d2d6a1713,64e74af099b0485f8b6e71ac73aa2cb8,d476be2399b7424a88d242b771c32041
b6a711f4ec9b4b1bb1bcd06f684f9c22,24c55bb5cd694770ba895c7401da2ba5,097f2ce3b88c4d008488b9908076497e,50a2129b83404b94889a01f4688ebafd,7359a1cc20d54f96aeea121d7247b88d,cdd73e0289aa4e2b87cd14e6ff5bd75e,e0d8aee46b1d4d998858cd05027251b6,1419b2c686f44896a0ae2a43e93b5402,6d3b4c95066e4dd8a6ad1c66b1c1ea4f,0eb119aabc884795a4768c6d3e677ea1,e2e0c8c96aff4c00896ac6986bbb20c2
10346a6c05be419ba2fd6398a619c44e,24c55bb5cd694770ba895c7401da2ba5,097f2ce3b88c4d008488b9908076497e,5d5baf5ce88b4b529e28ab9c7c114148,50a2129b83404b94889a01f4688ebafd,7359a1cc20d54f96aeea121d7247b88d,7ef653f7e5f64e1b8bba73b9518b87b7,26869cc099c44c4a86f6043476ab4890,cdd73e0289aa4e2b87cd14e6ff5bd75e,02a3cd76ce534d188b4d5ac4778bd652,14f4db886cca4104877ac7d1d7a64133
c2b5ae1e1c2c49d39e7b25d5660dfc10,24c55bb5cd694770ba895c7401da2ba5,097f2ce3b88c4d008488b9908076497e,e0d8aee46b1d4d998858cd05027251b6,595e438d2b394bb3a3259f47efd37ae8,50a2129b83404b94889a01f4688ebafd,5d5baf5ce88b4b529e28ab9c7c114148,02a3cd76ce534d188b4d5ac4778bd652,7359a1cc20d54f96aeea121d7247b88d,7ef653f7e5f64e1b8bba73b9518b87b7,cd6ce920d00e4d17a6cf04f9f7e550b7
4a7c88e745974776bdca788eeafcb775,24c55bb5cd694770ba895c7401da2ba5,097f2ce3b88c4d008488b9908076497e,5d5baf5ce88b4b529e28ab9c7c114148,595e438d2b394bb3a3259f47efd37ae8,50a2129b83404b94889a01f4688ebafd,e0d8aee46b1d4d998858cd05027251b6,e2e0c8c96aff4c00896ac6986bbb20c2,cdd73e0289aa4e2b87cd14e6ff5bd75e,02a3cd76ce534d188b4d5ac4778bd652,0eb119aabc884795a4768c6d3e677ea1
350aae48399c41099ec9c648db89df25,0ecfdd96e0054841883acba75e83b232,764b8280445d4023aecaa53cf7758932,e343a998f4df4ac195c84e0fb571a393,d25e6f2fc8154dd7816f8f7a41bee12b,ffe2740eee8c49b39b2ce41f9983bcb4,61d2391e8bc548b6bfa08f1ef2a0c47a,f5bcc6f48ed2447581b401d453039866,039f8e63b273472d8f1d99d9a5de5cf5,35d06fce2df446569702778e2250bd82,7fe9e665bf41491c9788941aa2894a10
09b37860da4b43c98172983e0ca57104,764b8280445d4023aecaa53cf7758932,0ecfdd96e0054841883acba75e83b232,d25e6f2fc8154dd7816f8f7a41bee12b,4a3d4daed4b24a1898551f0fd1ba44f1,5a6f4a2f7f6a4b1fa146493472e6d721,7fe9e665bf41491c9788941aa2894a10,c4b9d7a8d5d342459d2282589b3af293,6f8d80f8673144dfa7a4e09190442ab3,ffe2740eee8c49b39b2ce41f9983bcb4,f4474150010f4021a4620372062f3797
1a78505b4d0640aa9f35eb528818e54d,764b8280445d4023aecaa53cf7758932,0ecfdd96e0054841883acba75e83b232,35d06fce2df446569702778e2250bd82,7d6cdff8c9ac434196df803628fe9f62,6f8d80f8673144dfa7a4e09190442ab3,61d2391e8bc548b6bfa08f1ef2a0c47a,d25e6f2fc8154dd7816f8f7a41bee12b,4926607aafe749538c930e108275547e,98fbdf945d0c4206a48a4f7260e56017,7fe9e665bf41491c9788941aa2894a10
b2decece9a254aa29e885325d7e10a91,764b8280445d4023aecaa53cf7758932,0ecfdd96e0054841883acba75e83b232,6f8d80f8673144dfa7a4e09190442ab3,61d2391e8bc548b6bfa08f1ef2a0c47a,7d6cdff8c9ac434196df803628fe9f62,35d06fce2df446569702778e2250bd82,77cecb221149474896d9b2eb848bf150,4926607aafe749538c930e108275547e,98fbdf945d0c4206a48a4f7260e56017,d25e6f2fc8154dd7816f8f7a41bee12b
1ba78638d99a453298a17f233049c981,c1d504dfeded4b8bb3c07777b7c7abde,babbeca1f6a244a2a11ea77a3855e70f,6c51b4f57ba0415f994756e944b11cee,b23a9c50eada4286a4f7ce8668b92db1,9d09e3cd382c4d0ea0f6f50261e3e4c8,7d0190486da540718e4dc4ca4bd1f573,c750a2994555414790abb3281572bb42,1232f20e710b448e8c0538b9e84dab1c,9460474d89704a68aaa6ccb62310ae3d,b3209c60460a437294e2b30a9e9d3f53
e796ebb3bb6040dfb158ab774e2073f5,ab57f83304bc4005998bbd6bc063fb4f,b3209c60460a437294e2b30a9e9d3f53,7d0190486da540718e4dc4ca4bd1f573,f37d285ad0de42f0b1546d0d1acfb221,dee9eddb2eac41bfaf36d3279d43674a,63ba014f9cc747ac87013da6be0ceab9,19b81e71e7f04ebcbfade9daa899ed3d,6c51b4f57ba0415f994756e944b11cee,3c0f3b44c0844df49b5898406fe9195a,9909a671f7414c19b2727e7d4d4dcf1b
1ee672ab946e4272a171ede24ff00adb,c1d504dfeded4b8bb3c07777b7c7abde,babbeca1f6a244a2a11ea77a3855e70f,b23a9c50eada4286a4f7ce8668b92db1,6c51b4f57ba0415f994756e944b11cee,9460474d89704a68aaa6ccb62310ae3d,1232f20e710b448e8c0538b9e84dab1c,c750a2994555414790abb3281572bb42,191b01e1728e4583a8ead5a86db27370,9d09e3cd382c4d0ea0f6f50261e3e4c8,ff51ca928cd54f4da620c27983e221f8
b38d1801df8a4cad9d5ac01b703946cd,b3209c60460a437294e2b30a9e9d3f53,ab57f83304bc4005998bbd6bc063fb4f,191b01e1728e4583a8ead5a86db27370,f37d285ad0de42f0b1546d0d1acfb221,c1d504dfeded4b8bb3c07777b7c7abde,1232f20e710b448e8c0538b9e84dab1c,63ba014f9cc747ac87013da6be0ceab9,b23a9c50eada4286a4f7ce8668b92db1,643fbbdd6b764ba9904a4ee67a86b9fd,9909a671f7414c19b2727e7d4d4dcf1b
c93b2527aefe464c88f83b2c5c05a5f3,ab57f83304bc4005998bbd6bc063fb4f,b3209c60460a437294e2b30a9e9d3f53,f37d285ad0de42f0b1546d0d1acfb221,7d0190486da540718e4dc4ca4bd1f573,dee9eddb2eac41bfaf36d3279d43674a,63ba014f9cc747ac87013da6be0ceab9,3c0f3b44c0844df49b5898406fe9195a,19b81e71e7f04ebcbfade9daa899ed3d,c1d504dfeded4b8bb3c07777b7c7abde,6c51b4f57ba0415f994756e944b11cee
6ba0f16f8a794139aa559865c689f392,de6ac628a786435f9925c8cc1d707d6b,4422777ed51142a99aacf05f446cfea1,19593c97fef0474dbe6051e28338f1e9,8d595c7da42545c88052e7b213b6c97c,1aef014473b84ef9a0f799114fe516c9,599feb1e512c43ad8c0a1845922acf78,ffc5805e29a74be0a55b40318aa321d7,77ce0587a12b46bab8814225ba86753e,30578712823948b086e3781343982938,e79ae27b52fa4d54aa37735fd275c66e
011e2395f6a74299aafef3ad4c6e1bd5,4422777ed51142a99aacf05f446cfea1,de6ac628a786435f9925c8cc1d707d6b,19593c97fef0474dbe6051e28338f1e9,f69dcaceb6074ddebfe1dc7e5978fcff,6252aa87531748e5bac5f6c65fc87e14,1aef014473b84ef9a0f799114fe516c9,8d595c7da42545c88052e7b213b6c97c,a5365055a36a4ec1bf5b0ce2ef949a35,095ac293b64a4a58b1b3d3f71453a267,039f8e63b273472d8f1d99d9a5de5cf5
fbcfef1ef1bc43e3bf9e78155f27de0e,de6ac628a786435f9925c8cc1d707d6b,4422777ed51142a99aacf05f446cfea1,30578712823948b086e3781343982938,1aef014473b84ef9a0f799114fe516c9,8d595c7da42545c88052e7b213b6c97c,19593c97fef0474dbe6051e28338f1e9,215f3d275db14601a0383885cbaad86e,5537ddec608a4ec586ea068fa27547ca,b5f237fefb38465bb6a068c9cf75ba31,6252aa87531748e5bac5f6c65fc87e14
e213427aa5fa426b826fb892aee20bcd,984058b7165d4c6385bec3c94afa9fb2,b277101390e1465685ef79bf3519f8d7,23199e1859544647893a97ea365c5c83,07958f43551e459eb30638b632e3cd64,f0084465b2e646c9a53d9dc766067d9b,e4e12f4711fd41e39075e26cc274df45,c84deec0ecf843c39f52d4cb8e7300f8,34b736136487439389c10cc6bd4e9f4e,da61e0de396149208c9ebd0fd6d7415d,77cecb221149474896d9b2eb848bf150
4d0df524bcae4a17b817d5eb1edde03d,984058b7165d4c6385bec3c94afa9fb2,b277101390e1465685ef79bf3519f8d7,23199e1859544647893a97ea365c5c83,e4e12f4711fd41e39075e26cc274df45,07958f43551e459eb30638b632e3cd64,c84deec0ecf843c39f52d4cb8e7300f8,34b736136487439389c10cc6bd4e9f4e,77cecb221149474896d9b2eb848bf150,c713a0ca69864ee7b240069c98dc44dc,da61e0de396149208c9ebd0fd6d7415d
2382285186b14233b2a574461eead3a9,b277101390e1465685ef79bf3519f8d7,984058b7165d4c6385bec3c94afa9fb2,23199e1859544647893a97ea365c5c83,01ffceddb5b34406a08bb982b424b3cf,e4e12f4711fd41e39075e26cc274df45,99dbf0cd0c6343ffbcf97f04efc4143c,a94cb58f1ca8456b96e39b5b1ebfb7ea,2b3ecf8be2b242f3b8a1e714390749fb,c713a0ca69864ee7b240069c98dc44dc,63eab812f3254cccb9631b09725aec3d
91918319e16747aa9a1d9dd6b13b960e,b277101390e1465685ef79bf3519f8d7,984058b7165d4c6385bec3c94afa9fb2,01ffceddb5b34406a08bb982b424b3cf,23199e1859544647893a97ea365c5c83,f6207eb593394ff78e2cb35057477422,c713a0ca69864ee7b240069c98dc44dc,e4e12f4711fd41e39075e26cc274df45,da61e0de396149208c9ebd0fd6d7415d,2b3ecf8be2b242f3b8a1e714390749fb,a94cb58f1ca8456b96e39b5b1ebfb7ea
de360956bf524b1783abb303a77d92b5,9daaefe080b34656a0c7a54d2d6a1713,b52468fc0af2435f9ba91939f72bbf6a,c588868fc3fd4e87a7cddf1ceb00b022,ca0fe2dd97434e2ca7aecc38d4f1fcd9,0592b57e490d4206a3f12eb004a0afe0,9460474d89704a68aaa6ccb62310ae3d,4e7ee74be72a461fa02fa61bee62bdcc,ad42c467d0fe43dbb328073f9a16bc4d,5605fa1188974644937bbf92fec50e21,63ba014f9cc747ac87013da6be0ceab9
18eca8b91ef14435a8d3dc3cf888e60d,0592b57e490d4206a3f12eb004a0afe0,b40d3c588ad647ff85e397a6bc5f9d8b,99a52c93a3304ec18dab9206f98f2a8b,89e983dca0a34b768e17b3871b9cea1e,63ba014f9cc747ac87013da6be0ceab9,bc13c2b0221744a29a8ddf56aa015df9,643fbbdd6b764ba9904a4ee67a86b9fd,e511c40ca6324803b5021e47b4e777f8,191b01e1728e4583a8ead5a86db27370,9daaefe080b34656a0c7a54d2d6a1713
71a406ea72c94b068788a3f7435fb47e,0592b57e490d4206a3f12eb004a0afe0,b40d3c588ad647ff85e397a6bc5f9d8b,99a52c93a3304ec18dab9206f98f2a8b,89e983dca0a34b768e17b3871b9cea1e,63ba014f9cc747ac87013da6be0ceab9,bc13c2b0221744a29a8ddf56aa015df9,643fbbdd6b764ba9904a4ee67a86b9fd,e511c40ca6324803b5021e47b4e777f8,9daaefe080b34656a0c7a54d2d6a1713,191b01e1728e4583a8ead5a86db27370
d67d3ded66fd47dcbd06a4e0d110046a,0cdb0f32850f4585a16de4886462bbe0,403835bbf2f1447188bcc78e062b0028,0c889c151e094b948c13b0275e660a9c,e06d08ff594a4acbac12edf579743fcf,be8953cc364d46cebbcc2c2da2c348ab,f335a944a27a4504a82ecf70c2d4a5e4,076e2669c305401fb3afcfafdd6c79c7,aa082284f9894b5aa210c179d59999b1,6ea31a945d494834a3d243f1f90af02a,d0e41bf891254ba0872f1641139f84f6
a1ee60380a8341b4a22b01efc9c91484,0cdb0f32850f4585a16de4886462bbe0,403835bbf2f1447188bcc78e062b0028,0c889c151e094b948c13b0275e660a9c,aa082284f9894b5aa210c179d59999b1,be8953cc364d46cebbcc2c2da2c348ab,f335a944a27a4504a82ecf70c2d4a5e4,076e2669c305401fb3afcfafdd6c79c7,e06d08ff594a4acbac12edf579743fcf,d0e41bf891254ba0872f1641139f84f6,cd6ce920d00e4d17a6cf04f9f7e550b7
0ba701552aa94bf68368b5382edfd973,0c889c151e094b948c13b0275e660a9c,0cdb0f32850f4585a16de4886462bbe0,403835bbf2f1447188bcc78e062b0028,13e659415ac84c7a81fc769111d43417,d0e41bf891254ba0872f1641139f84f6,c750a2994555414790abb3281572bb42,c3502ff31ce6459a96164c934f297562,dd77b570036f40de9fdf49011bb9e2d8,076e2669c305401fb3afcfafdd6c79c7,cae139b6e4914ce7b0ef1e68b8b857eb
d80469792ba1435797dbbd8c826c4dcc,0c889c151e094b948c13b0275e660a9c,0cdb0f32850f4585a16de4886462bbe0,403835bbf2f1447188bcc78e062b0028,d0e41bf891254ba0872f1641139f84f6,076e2669c305401fb3afcfafdd6c79c7,e06d08ff594a4acbac12edf579743fcf,c3502ff31ce6459a96164c934f297562,eabdd2813a954f9aa01f0eb8212ee387,e3854d75221c4e38879a6106bb5c1941,797cc520b8c94d9bbef187818ab51647
a2c9e517dc6d4e6bbbfc226aa45adb37,403835bbf2f1447188bcc78e062b0028,0cdb0f32850f4585a16de4886462bbe0,0c889c151e094b948c13b0275e660a9c,be8953cc364d46cebbcc2c2da2c348ab,ca5add3cbf044a95a5bec88a5841ce98,e06d08ff594a4acbac12edf579743fcf,e2e0c8c96aff4c00896ac6986bbb20c2,d0e41bf891254ba0872f1641139f84f6,eeb3b60f34af40de850e065b475d8180,076e2669c305401fb3afcfafdd6c79c7
94e80e2185c943e49ef7d81012376cbc,3356a8a8c6ee4f30bc2b028e360d4471,4a3d4daed4b24a1898551f0fd1ba44f1,5a6f4a2f7f6a4b1fa146493472e6d721,70558882c04e46bd99d15e9786468418,f1eecad10a61421eb16b1be7435d9c19,3138244ae91040948d5bd6772e4075ea,434551fdf9e443ed91679a9557ae6fd5,1f3cf50fe1f947d8a56e02ebca441c4c,033f1514c78b49dd82148b94f6bcbeba,b23a9c50eada4286a4f7ce8668b92db1
dc79be5806cf4fa1b7fdf18adcb8af3d,4a3d4daed4b24a1898551f0fd1ba44f1,5a6f4a2f7f6a4b1fa146493472e6d721,3356a8a8c6ee4f30bc2b028e360d4471,ef60b54aa4b5490890da32d0bb8c9cbf,0971af4212484a958eb0f60f93d1dfe0,434551fdf9e443ed91679a9557ae6fd5,25109e3a7df549e5b380aae716d71366,b23a9c50eada4286a4f7ce8668b92db1,32aaca2a732f4272b237374d3cdeec90,5455e62f52ae4e03b2a5d0e8b9899506
7301669f98674b658396f1d96eaf98d3,3356a8a8c6ee4f30bc2b028e360d4471,5a6f4a2f7f6a4b1fa146493472e6d721,4a3d4daed4b24a1898551f0fd1ba44f1,fbfaa119f55a477984e42d80498f54d3,434551fdf9e443ed91679a9557ae6fd5,c65af18670ea437c8986884645b3afe9,b23a9c50eada4286a4f7ce8668b92db1,19a124c6dad14a4fa7864463b081009c,f1eecad10a61421eb16b1be7435d9c19,70558882c04e46bd99d15e9786468418
8d37ca8985e84bd297602e977ec9487a,4a3d4daed4b24a1898551f0fd1ba44f1,5a6f4a2f7f6a4b1fa146493472e6d721,3356a8a8c6ee4f30bc2b028e360d4471,ef60b54aa4b5490890da32d0bb8c9cbf,0971af4212484a958eb0f60f93d1dfe0,25109e3a7df549e5b380aae716d71366,57430214baf045cb92fa3b3b70a4ca3f,b33a0f5b564a4942b04046ab7a8e2aae,250d411ae270441085be3501b7b55d86,5455e62f52ae4e03b2a5d0e8b9899506
d7577481d2284677970ac7a876a6d295,3356a8a8c6ee4f30bc2b028e360d4471,4a3d4daed4b24a1898551f0fd1ba44f1,5a6f4a2f7f6a4b1fa146493472e6d721,434551fdf9e443ed91679a9557ae6fd5,70558882c04e46bd99d15e9786468418,3138244ae91040948d5bd6772e4075ea,f1eecad10a61421eb16b1be7435d9c19,1f3cf50fe1f947d8a56e02ebca441c4c,93dc50abd35349f7923100dca2f41002,b23a9c50eada4286a4f7ce8668b92db1
499f89e2519849bfbdcfb7f09d470c08,44156e6482884acaaee1938e04d8b6ff,796eade2ee4f466781d9f6669db43e48,44b3bc5953364d72a53edcf9fc4f1fed,7d6cdff8c9ac434196df803628fe9f62,dcfb738ebbc24f09bb680fe3a52b702e,4152360a4bea4cbbbfbe45ff3bf7f62b,772cb9726861451d9972604da6f65c55,04537eabb0434eb2804d1220770b85a0,189a3b686ad14c24b5e1a495f76dd239,b8da01ceddcb45a491a288ddbc658e90
1e4b598167924e35b74d3da0df1f2de1,796eade2ee4f466781d9f6669db43e48,44156e6482884acaaee1938e04d8b6ff,dcfb738ebbc24f09bb680fe3a52b702e,19b81e71e7f04ebcbfade9daa899ed3d,4c36aafaf38f4e9e9e09991737196fe1,a9d82bb43410405ca21b44a5e82e22b6,a0408a6462b24cf18e50a8616359d5ad,b8da01ceddcb45a491a288ddbc658e90,189a3b686ad14c24b5e1a495f76dd239,8746ae2ca7514699b629b4d9b5fe95a7
c7bd4b551343446fb8edc262aec1a374,796eade2ee4f466781d9f6669db43e48,44156e6482884acaaee1938e04d8b6ff,dcfb738ebbc24f09bb680fe3a52b702e,19b81e71e7f04ebcbfade9daa899ed3d,4c36aafaf38f4e9e9e09991737196fe1,a9d82bb43410405ca21b44a5e82e22b6,a0408a6462b24cf18e50a8616359d5ad,189a3b686ad14c24b5e1a495f76dd239,b8da01ceddcb45a491a288ddbc658e90,0092d1d820c64646b8bee9fd14f77acf
219b73b7828646f9bb608aec046837ee,44156e6482884acaaee1938e04d8b6ff,796eade2ee4f466781d9f6669db43e48,44b3bc5953364d72a53edcf9fc4f1fed,189a3b686ad14c24b5e1a495f76dd239,dcfb738ebbc24f09bb680fe3a52b702e,4152360a4bea4cbbbfbe45ff3bf7f62b,04537eabb0434eb2804d1220770b85a0,5f481b07f9734f518a14853831233b78,772cb9726861451d9972604da6f65c55,b8da01ceddcb45a491a288ddbc658e90
9d11ca9aa5d24f68aab627b9e93e698b,3138244ae91040948d5bd6772e4075ea,70558882c04e46bd99d15e9786468418,1f3cf50fe1f947d8a56e02ebca441c4c,3356a8a8c6ee4f30bc2b028e360d4471,cae139b6e4914ce7b0ef1e68b8b857eb,f1eecad10a61421eb16b1be7435d9c19,8c674a7b65e24114a45dd3c861a7ccfc,ffc5805e29a74be0a55b40318aa321d7,ad054da7e1704a53931a341173f0605f,5abf57d57d84440e94d0d2e2ffb37575
cc89d7fa93924af1a154d57f1f1cfbc3,70558882c04e46bd99d15e9786468418,3138244ae91040948d5bd6772e4075ea,1f3cf50fe1f947d8a56e02ebca441c4c,3356a8a8c6ee4f30bc2b028e360d4471,52ee59901f3b4de884d7a6720538aed6,f69dcaceb6074ddebfe1dc7e5978fcff,3f1c2bb09c4e4400b6ba19542fafce18,eb21a4e2b7bd43efbdf0c365415e7fef,ffc5805e29a74be0a55b40318aa321d7,19a124c6dad14a4fa7864463b081009c
a3a0aa5e67f44552af621d1abeb18c13,3138244ae91040948d5bd6772e4075ea,70558882c04e46bd99d15e9786468418,cae139b6e4914ce7b0ef1e68b8b857eb,3356a8a8c6ee4f30bc2b028e360d4471,f1eecad10a61421eb16b1be7435d9c19,8c674a7b65e24114a45dd3c861a7ccfc,ffc5805e29a74be0a55b40318aa321d7,ad054da7e1704a53931a341173f0605f,5d5baf5ce88b4b529e28ab9c7c114148,0971af4212484a958eb0f60f93d1dfe0
2832c5b8870946c69ac69731c0ec1d68,70558882c04e46bd99d15e9786468418,3138244ae91040948d5bd6772e4075ea,1f3cf50fe1f947d8a56e02ebca441c4c,3356a8a8c6ee4f30bc2b028e360d4471,ffc5805e29a74be0a55b40318aa321d7,0971af4212484a958eb0f60f93d1dfe0,f69dcaceb6074ddebfe1dc7e5978fcff,52ee59901f3b4de884d7a6720538aed6,b77d8b7bb0114c379139d280a9210e83,d476be2399b7424a88d242b771c32041
1403f18946f64e94915e337242ec189f,556743bab70d4b75bafcf192fef95b16,66cba49431224a3788f914d6a80165e1,dd36cc0867b94d55a43b82c1c9a0e95c,be9e713988ba4bbba869885cad419259,415641aa43724ed9bc4710302b77edc3,f4b7e6e902e344859cb041126b69ce3c,65e30dd62cfa4dccb9ea4d908a9d6fab,f92d16d3a970487094292439c3e00923,4e4495962a9b4864882397042f1a2b3e,3aa003c1e31b476e999c3a808a1d5dc6
104c41a52ade420c9d3dac7c3c0aaf80,be9e713988ba4bbba869885cad419259,415641aa43724ed9bc4710302b77edc3,f4b7e6e902e344859cb041126b69ce3c,8c674a7b65e24114a45dd3c861a7ccfc,556743bab70d4b75bafcf192fef95b16,b626eb67c2e14afeae2846bb150976f3,afac6ae28fac41dabae96696990c5555,4e4495962a9b4864882397042f1a2b3e,8683a3ad55d84a78834fabe20cde5269,94ed54abfdc74b04b0dcb19c278e66f4
e8a3dc97d68d46b6b42514168c735abb,be9e713988ba4bbba869885cad419259,415641aa43724ed9bc4710302b77edc3,f4b7e6e902e344859cb041126b69ce3c,8c674a7b65e24114a45dd3c861a7ccfc,556743bab70d4b75bafcf192fef95b16,dd77b570036f40de9fdf49011bb9e2d8,0daf8d5687b54d158f7f752884c42334,4e4495962a9b4864882397042f1a2b3e,11e9586d6c7a443c8025278f8ef53b6d,b626eb67c2e14afeae2846bb150976f3
d93d116f2e364d0c956fe7f93f434129,cd6ce920d00e4d17a6cf04f9f7e550b7,6b7b5d28293d4a5a8075f7f7dd231ddb,d9096650c434432c871effeca9acd5c6,f335a944a27a4504a82ecf70c2d4a5e4,076e2669c305401fb3afcfafdd6c79c7,0b57f893483647c3aed811775a4c4c04,e06d08ff594a4acbac12edf579743fcf,6ea31a945d494834a3d243f1f90af02a,403835bbf2f1447188bcc78e062b0028,4d5cbe57c3094d01843e4f950a280b50
8b13db18ea734cf391e49a434b75757e,6b7b5d28293d4a5a8075f7f7dd231ddb,cd6ce920d00e4d17a6cf04f9f7e550b7,e06d08ff594a4acbac12edf579743fcf,6bde760ad5d4485db9889b1bdc074005,f335a944a27a4504a82ecf70c2d4a5e4,6ea31a945d494834a3d243f1f90af02a,aa082284f9894b5aa210c179d59999b1,403835bbf2f1447188bcc78e062b0028,076e2669c305401fb3afcfafdd6c79c7,0cdb0f32850f4585a16de4886462bbe0
89345620586f45b098d21a0c401cf8d7,cd6ce920d00e4d17a6cf04f9f7e550b7,6b7b5d28293d4a5a8075f7f7dd231ddb,f335a944a27a4504a82ecf70c2d4a5e4,d9096650c434432c871effeca9acd5c6,076e2669c305401fb3afcfafdd6c79c7,24c55bb5cd694770ba895c7401da2ba5,e06d08ff594a4acbac12edf579743fcf,6bde760ad5d4485db9889b1bdc074005,0b57f893483647c3aed811775a4c4c04,0cdb0f32850f4585a16de4886462bbe0
8169f7fd48544fa082dae25d882a787a,6b7b5d28293d4a5a8075f7f7dd231ddb,cd6ce920d00e4d17a6cf04f9f7e550b7,076e2669c305401fb3afcfafdd6c79c7,e06d08ff594a4acbac12edf579743fcf,d0e41bf891254ba0872f1641139f84f6,6bde760ad5d4485db9889b1bdc074005,6ea31a945d494834a3d243f1f90af02a,0c889c151e094b948c13b0275e660a9c,f335a944a27a4504a82ecf70c2d4a5e4,eabdd2813a954f9aa01f0eb8212ee387
7de9406e3c12409081f8c0ebc2127441,a35d7304347a4f81b1ccfb086956921c,0433768f874042a5b2d2e37ad9deae13,2f0401170d104b47b0a8f087f69dee88,e6afe89ff7bc491193141c057083d8a8,b675be39e8ff421aa59811f146da945b,f92d16d3a970487094292439c3e00923,0f52f676197e4d4e92dec0a7bc4c4f7d,d716ea165223433a8d49b93e96989482,75bf181ea5dc490e95d364a5f5c7af1d,50a2129b83404b94889a01f4688ebafd
d5f199eff49445b491565e80e55f8e53,b675be39e8ff421aa59811f146da945b,f92d16d3a970487094292439c3e00923,2f0401170d104b47b0a8f087f69dee88,a35d7304347a4f81b1ccfb086956921c,db69f22fe72246ea85d33991961a649a,e6afe89ff7bc491193141c057083d8a8,bfd1d441da734aad88cfacdab3ee4059,0433768f874042a5b2d2e37ad9deae13,9daaefe080b34656a0c7a54d2d6a1713,6d3b4c95066e4dd8a6ad1c66b1c1ea4f
70e5632cb4e64b128fb44a897571245c,a35d7304347a4f81b1ccfb086956921c,0433768f874042a5b2d2e37ad9deae13,2f0401170d104b47b0a8f087f69dee88,e6afe89ff7bc491193141c057083d8a8,b675be39e8ff421aa59811f146da945b,f92d16d3a970487094292439c3e00923,d716ea165223433a8d49b93e96989482,0f52f676197e4d4e92dec0a7bc4c4f7d,50a2129b83404b94889a01f4688ebafd,59f62d35b1ad451397b700b3dad25448
aa61f461ceef43859129c5b33e8bd9a5,2f0401170d104b47b0a8f087f69dee88,b675be39e8ff421aa59811f146da945b,f92d16d3a970487094292439c3e00923,a35d7304347a4f81b1ccfb086956921c,e6afe89ff7bc491193141c057083d8a8,0433768f874042a5b2d2e37ad9deae13,db69f22fe72246ea85d33991961a649a,50a2129b83404b94889a01f4688ebafd,a5d5fb459a1844088e93ae557ab34afe,0eb119aabc884795a4768c6d3e677ea1
4095895ca5d6432d8c9ca23b6431250c,1ad0cf33e96243888d5f970195a75586,ca1a2a6308834baba3140b5ce8f81320,3574ab91c29940b3afc62354ae06b73b,93dc50abd35349f7923100dca2f41002,da88fa5efc674368b593444ca950dff9,1b827db6f6cf4ecb850928c2f9e41de2,85d4175b563d48e5bc6a991b23662f24,5a9a716f53364389864a4018d9e9c6c0,df7ea50171af48df81584ab7e8107d15,f2ef424352f14dda92691047ee9f15fa
04d06c5defde4dbf85a0c11fdd459eb8,1ad0cf33e96243888d5f970195a75586,3574ab91c29940b3afc62354ae06b73b,da88fa5efc674368b593444ca950dff9,ca1a2a6308834baba3140b5ce8f81320,93dc50abd35349f7923100dca2f41002,f2ef424352f14dda92691047ee9f15fa,da61d9bc8f024a4aba18d5c3072b7838,ce4fdd5499f8498793c11e586f7da70c,01930613ce7d4a5f90ccf78d1e92a55d,1b827db6f6cf4ecb850928c2f9e41de2
eef8e982ee854ffa9e9c5af62e17c155,ca1a2a6308834baba3140b5ce8f81320,1ad0cf33e96243888d5f970195a75586,b33a0f5b564a4942b04046ab7a8e2aae,7f0a68d19d2e4850846ffc08c47ed87d,bce599075dfd4fac8dd78626106e3071,da88fa5efc674368b593444ca950dff9,93dc50abd35349f7923100dca2f41002,85d4175b563d48e5bc6a991b23662f24,18ab15fbf00f42f7a410ec75f7592bea,da61d9bc8f024a4aba18d5c3072b7838
5a7d3f99251048e2ac81d5ea8c49c767,eeb3b60f34af40de850e065b475d8180,1d70bc69b2f84bef9aa5fb0d9917e38d,db69f22fe72246ea85d33991961a649a,e2e0c8c96aff4c00896ac6986bbb20c2,5d5baf5ce88b4b529e28ab9c7c114148,7ef653f7e5f64e1b8bba73b9518b87b7,75bf181ea5dc490e95d364a5f5c7af1d,4230775a9d51448396cacb9061f0e5f9,5c644b51b1394a7b8fa0a9a6275c422d,f92d16d3a970487094292439c3e00923
eca00c36492249e08f99875a5e115d84,eeb3b60f34af40de850e065b475d8180,1d70bc69b2f84bef9aa5fb0d9917e38d,db69f22fe72246ea85d33991961a649a,e2e0c8c96aff4c00896ac6986bbb20c2,5d5baf5ce88b4b529e28ab9c7c114148,7ef653f7e5f64e1b8bba73b9518b87b7,75bf181ea5dc490e95d364a5f5c7af1d,f92d16d3a970487094292439c3e00923,2f0401170d104b47b0a8f087f69dee88,4230775a9d51448396cacb9061f0e5f9
92e3b7a540a547d8ba02bddf82f83380,1d70bc69b2f84bef9aa5fb0d9917e38d,eeb3b60f34af40de850e065b475d8180,5d5baf5ce88b4b529e28ab9c7c114148,db69f22fe72246ea85d33991961a649a,43464ed6733f4642a0b90e7d995a5e40,e2e0c8c96aff4c00896ac6986bbb20c2,5c09482fc8dc45bdbf7919f00dd540e0,7ef653f7e5f64e1b8bba73b9518b87b7,74de04f31db94a99b757685c91779412,878e5c41be5c477e9f660ca361fdd727
d5bfa4fffcc249fe89deb2d4410919b6,1d70bc69b2f84bef9aa5fb0d9917e38d,eeb3b60f34af40de850e065b475d8180,5d5baf5ce88b4b529e28ab9c7c114148,db69f22fe72246ea85d33991961a649a,43464ed6733f4642a0b90e7d995a5e40,878e5c41be5c477e9f660ca361fdd727,e2e0c8c96aff4c00896ac6986bbb20c2,7ef653f7e5f64e1b8bba73b9518b87b7,74de04f31db94a99b757685c91779412,5c09482fc8dc45bdbf7919f00dd540e0
578d9258cbf8456ba7d9f83130e02184,88353d1136d24836816b073de62e5f50,6fbdacd3d8814ea2a13e81ee1ec128f2,65e52d14d4d64d4fbad3de6ad319e745,4a7fa5a1bafe4b6995e2920444ac07c4,e96fae6d607246b18b8494aabe521036,29088685e31a4d86b60b514e98117361,b4dadb3ea3a04cc3932094471debce13,7bbe3c76bcc04d73969f920d43fcc67d,26b18153216b48d793b75598ddb54d77,595e438d2b394bb3a3259f47efd37ae8
281e458eef7b4d77b67d424744237fbc,88353d1136d24836816b073de62e5f50,6fbdacd3d8814ea2a13e81ee1ec128f2,65e52d14d4d64d4fbad3de6ad319e745,4a7fa5a1bafe4b6995e2920444ac07c4,e96fae6d607246b18b8494aabe521036,b4dadb3ea3a04cc3932094471debce13,29088685e31a4d86b60b514e98117361,e88ce4cd350f43398a5c0ab8629cee72,7d6122daabe442ffb5e57ece1882e714,1f9cd7f2b7a14e2f8d490a104a56edcd
7f6fdd98bfc5410fb6c4afa8786e0b48,452d645d5bf4485185e996dcec9523e5,06a5f0cec6ce4170a02dad0ad4c55b1c,655a618282cd4fa39a26f0967c033f4b,60e87368fe334a92b57088b03cccbfc1,7d5c0a2bfccf4255a43d9bd0f84a6d3a,0eb119aabc884795a4768c6d3e677ea1,d2bcc978e7aa49908919d9fc40138b27,1419b2c686f44896a0ae2a43e93b5402,04fa591263664fb0a6868552ebd3590b,e0d8aee46b1d4d998858cd05027251b6
cb84a0b8bd52401daa4762d7975d4fc7,655a618282cd4fa39a26f0967c033f4b,60e87368fe334a92b57088b03cccbfc1,452d645d5bf4485185e996dcec9523e5,06a5f0cec6ce4170a02dad0ad4c55b1c,1419b2c686f44896a0ae2a43e93b5402,04fa591263664fb0a6868552ebd3590b,0eb119aabc884795a4768c6d3e677ea1,d2bcc978e7aa49908919d9fc40138b27,595e438d2b394bb3a3259f47efd37ae8,e0d8aee46b1d4d998858cd05027251b6
05021100f4bb4885a338db368a83cc95,452d645d5bf4485185e996dcec9523e5,06a5f0cec6ce4170a02dad0ad4c55b1c,655a618282cd4fa39a26f0967c033f4b,60e87368fe334a92b57088b03cccbfc1,0eb119aabc884795a4768c6d3e677ea1,7d5c0a2bfccf4255a43d9bd0f84a6d3a,d2bcc978e7aa49908919d9fc40138b27,1419b2c686f44896a0ae2a43e93b5402,04fa591263664fb0a6868552ebd3590b,9dd98c9126c44642a20711729f2e731e
f7ad8b57414846b993e2ca44f3962ff1,06a5f0cec6ce4170a02dad0ad4c55b1c,452d645d5bf4485185e996dcec9523e5,655a618282cd4fa39a26f0967c033f4b,60e87368fe334a92b57088b03cccbfc1,cdd73e0289aa4e2b87cd14e6ff5bd75e,e0d8aee46b1d4d998858cd05027251b6,1419b2c686f44896a0ae2a43e93b5402,b0d2e6c4b2384950b3696c4414870282,65e52d14d4d64d4fbad3de6ad319e745,595e438d2b394bb3a3259f47efd37ae8
750cd38aa39e4281ad616eddc8f5a983,48c31b1e2ce94de8968fab433813fa91,c235728f290a44d6a5fc2e14111ae02e,ad054da7e1704a53931a341173f0605f,41047823f2cb4194ba1e0709443c719a,0e8487b2e6a2439b9e6623a1e2e5e19d,f1eecad10a61421eb16b1be7435d9c19,250d411ae270441085be3501b7b55d86,fa190e42ce5a47c99bcaa76138dbc615,9dd98c9126c44642a20711729f2e731e,9677dd2a3aae457a8079087ce4177e14
c81df43d512e4bcb85b00b5f6763f6cc,c235728f290a44d6a5fc2e14111ae02e,48c31b1e2ce94de8968fab433813fa91,3f28365e18244eb28cc7d23de8895956,f1eecad10a61421eb16b1be7435d9c19,0e8487b2e6a2439b9e6623a1e2e5e19d,9dd98c9126c44642a20711729f2e731e,ad054da7e1704a53931a341173f0605f,41047823f2cb4194ba1e0709443c719a,250d411ae270441085be3501b7b55d86,60e87368fe334a92b57088b03cccbfc1
a282371ee5c74dd98f0cada75271b7a7,48c31b1e2ce94de8968fab433813fa91,c235728f290a44d6a5fc2e14111ae02e,ad054da7e1704a53931a341173f0605f,f1eecad10a61421eb16b1be7435d9c19,0e8487b2e6a2439b9e6623a1e2e5e19d,9dd98c9126c44642a20711729f2e731e,250d411ae270441085be3501b7b55d86,033f1514c78b49dd82148b94f6bcbeba,41047823f2cb4194ba1e0709443c719a,9677dd2a3aae457a8079087ce4177e14
0dedf21ad5ea4607b710bc0cccbcc7b9,c235728f290a44d6a5fc2e14111ae02e,48c31b1e2ce94de8968fab433813fa91,3f28365e18244eb28cc7d23de8895956,f1eecad10a61421eb16b1be7435d9c19,0e8487b2e6a2439b9e6623a1e2e5e19d,250d411ae270441085be3501b7b55d86,9dd98c9126c44642a20711729f2e731e,41047823f2cb4194ba1e0709443c719a,ad054da7e1704a53931a341173f0605f,e86a0aae846a4e44bf967ab4972c977c
aebc45203e45452db8eee17826ef2c46,e22e1ad3c1fc4493bcb7c9b923566ff7,8228c9eb29a542ba98c8b9b854eadaa4,e4ee90d625d44a6d9adc138390eef0f8,21019944fc2c4838a682a6dcdc62c4ef,b3a022950e444682a113cec5a0537f6a,c2b49382e2f34b1c90013236a5fbaef0,04537eabb0434eb2804d1220770b85a0,570f08ce2a1a47978eab16bf7ad16a68,d75a52d716984f318f976bbfc7bee787,f4474150010f4021a4620372062f3797
3e10372aff9641bb88682abca29e907e,8228c9eb29a542ba98c8b9b854eadaa4,e22e1ad3c1fc4493bcb7c9b923566ff7,e4ee90d625d44a6d9adc138390eef0f8,21019944fc2c4838a682a6dcdc62c4ef,bc607fd6000b43108e49b3d05688fe90,04537eabb0434eb2804d1220770b85a0,570f08ce2a1a47978eab16bf7ad16a68,c2b49382e2f34b1c90013236a5fbaef0,35d06fce2df446569702778e2250bd82,b3a022950e444682a113cec5a0537f6a
9dce4a0759174753b62b3cb51b8fb679,d2a03ea4b2d3439ca3dc6fe056ab0f04,b0236c76ae244fd8aacbea7da10e55ca,761a3a01495143f0a86beac4234cae3a,898eabaaa1a047e18aecbb1c5a8decbf,4e22dc65beb7450b9260cf27e50919e4,1c6bbf19b3d2498696a5baf0f53a0f18,7584980704ae4617bb27ca162cc9c5db,b2b22c673e554db39c8acdbe42687a6d,5e199f7727cc4910ad88dbd81ed1ec82,7879fa4d4db046a2a8d195311b6e5789
5596e047713c4a59b1e70561fa034e37,b0236c76ae244fd8aacbea7da10e55ca,d2a03ea4b2d3439ca3dc6fe056ab0f04,898eabaaa1a047e18aecbb1c5a8decbf,ef511457ee7c490c8e10eccf6e18fef6,bbdf9065122d499d9d8f80ad3e0ef6f3,7bbe3c76bcc04d73969f920d43fcc67d,b4dadb3ea3a04cc3932094471debce13,04d24d1cf42b4f7787d8d300cbad6d50,f2ef424352f14dda92691047ee9f15fa,7f5b658239034d35b7f4cf1c63cb388c
6c348ea51c8b4750b956383a3b9a84c5,d2a03ea4b2d3439ca3dc6fe056ab0f04,b0236c76ae244fd8aacbea7da10e55ca,761a3a01495143f0a86beac4234cae3a,898eabaaa1a047e18aecbb1c5a8decbf,4e22dc65beb7450b9260cf27e50919e4,1c6bbf19b3d2498696a5baf0f53a0f18,7584980704ae4617bb27ca162cc9c5db,5e199f7727cc4910ad88dbd81ed1ec82,7879fa4d4db046a2a8d195311b6e5789,b2b22c673e554db39c8acdbe42687a6d
c56449c78d8549cd9d227e4693e51c7e,b0236c76ae244fd8aacbea7da10e55ca,d2a03ea4b2d3439ca3dc6fe056ab0f04,898eabaaa1a047e18aecbb1c5a8decbf,7bbe3c76bcc04d73969f920d43fcc67d,bbdf9065122d499d9d8f80ad3e0ef6f3,ef511457ee7c490c8e10eccf6e18fef6,b4dadb3ea3a04cc3932094471debce13,7f5b658239034d35b7f4cf1c63cb388c,04d24d1cf42b4f7787d8d300cbad6d50,f2ef424352f14dda92691047ee9f15fa
8a4a2cf4736e43f8b21f72daeffc76ee,29fb30a75c57451a85f310aa6423a662,73f684f538ea452cbb4fbecc2e8126a4,1232f20e710b448e8c0538b9e84dab1c,1a0ac2d40cb04ca993e1db68d787728a,1393dac7d34b4c34b1a8091a5bea3663,b425f33c33ad4be89a12da266d131a86,b23a9c50eada4286a4f7ce8668b92db1,2c65a898314b42e6b2e93dca66fd15c2,36ac84a73ad34261ad45cf569edb60af,da9cfbdf124143b78bec89393dd5287a
f6bdc5e4c3894a41897ace2fe9061a90,73f684f538ea452cbb4fbecc2e8126a4,29fb30a75c57451a85f310aa6423a662,da9cfbdf124143b78bec89393dd5287a,1393dac7d34b4c34b1a8091a5bea3663,b425f33c33ad4be89a12da266d131a86,a70909d3ce0d4235913b5ce6a138dcce,ee7c00877ae64dac87123a3d75251530,2939ef012c5c4a1b94b49df9469dfb3c,1232f20e710b448e8c0538b9e84dab1c,1ad0cf33e96243888d5f970195a75586
bf133adcf34f4470ae9ab34f8bcac84b,29fb30a75c57451a85f310aa6423a662,73f684f538ea452cbb4fbecc2e8126a4,1232f20e710b448e8c0538b9e84dab1c,1a0ac2d40cb04ca993e1db68d787728a,1393dac7d34b4c34b1a8091a5bea3663,b425f33c33ad4be89a12da266d131a86,2c65a898314b42e6b2e93dca66fd15c2,36ac84a73ad34261ad45cf569edb60af,da9cfbdf124143b78bec89393dd5287a,cae139b6e4914ce7b0ef1e68b8b857eb
198ce01eda8e4bc0b31c457e65ddc39b,73f684f538ea452cbb4fbecc2e8126a4,29fb30a75c57451a85f310aa6423a662,da9cfbdf124143b78bec89393dd5287a,1393dac7d34b4c34b1a8091a5bea3663,a70909d3ce0d4235913b5ce6a138dcce,b425f33c33ad4be89a12da266d131a86,ee7c00877ae64dac87123a3d75251530,2939ef012c5c4a1b94b49df9469dfb3c,1232f20e710b448e8c0538b9e84dab1c,1ad0cf33e96243888d5f970195a75586
442c28225ce642b182163c39ab4c776b,31f80e4c87164e2893375ec7e73b372e,b85d652ba8d244f8ab9e941966094f28,59e4dcf2794943b18fb902a6eb475ff8,e5a3c8867e44498d9182e8be934e0fce,52f20bd7eb50430c95f0916727880a1b,b44645c11ece4326a45f50fdc5d45dcf,47eb17da319d440aa52da8008c26327a,c4e79c8992e54866b0c6f26c55b1a774,664da77d25e74df693eaad44a5e7617f,f12e9e5805534d719f829332d1ea5d29
bc44523c44214d88ac687d8e05a28a8a,31f80e4c87164e2893375ec7e73b372e,b85d652ba8d244f8ab9e941966094f28,59e4dcf2794943b18fb902a6eb475ff8,e5a3c8867e44498d9182e8be934e0fce,47eb17da319d440aa52da8008c26327a,52f20bd7eb50430c95f0916727880a1b,b44645c11ece4326a45f50fdc5d45dcf,664da77d25e74df693eaad44a5e7617f,ec07b4e88bea4086a5eafed96d81edb5,c4e79c8992e54866b0c6f26c55b1a774
e41cc56f88244ce7a26e583bd54f506f,b85d652ba8d244f8ab9e941966094f28,31f80e4c87164e2893375ec7e73b372e,b44645c11ece4326a45f50fdc5d45dcf,59e4dcf2794943b18fb902a6eb475ff8,acbf8eae7e064c11bab7adf66f216990,52f20bd7eb50430c95f0916727880a1b,597aab8bb15240f89fd1b24a8e38258d,051d304b7139431fb3bff19b4e75aff7,1da8cc33bb474411ae16db0233210125,6af17cec494c4373a95865d270a29171
b6cd550fbc9a48008039483d12ad44eb,b85d652ba8d244f8ab9e941966094f28,31f80e4c87164e2893375ec7e73b372e,b44645c11ece4326a45f50fdc5d45dcf,59e4dcf2794943b18fb902a6eb475ff8,e5a3c8867e44498d9182e8be934e0fce,61d2391e8bc548b6bfa08f1ef2a0c47a,52f20bd7eb50430c95f0916727880a1b,c4e79c8992e54866b0c6f26c55b1a774,051d304b7139431fb3bff19b4e75aff7,47eb17da319d440aa52da8008c26327a
d425f86b0d264c76a6ff6edbbb718fd8,f7f600880b064920ab59b907d26aedc6,d9096650c434432c871effeca9acd5c6,f8e7f9688fd546829da579434180ffee,a055f8188384479a8bad418f7dffd9a5,f2cfa68a47ce4a43a0fe1cc7dc860418,0b57f893483647c3aed811775a4c4c04,4d5cbe57c3094d01843e4f950a280b50,da14e9dc2c3d4963b725de8102de5028,ba8d0208e32e42969bd4349cf24f6ed1,2070754bb5dd4a248be9c2a6a1a9d381
a0ef1a7a1e304bfe91a8c12abf972c6c,d9096650c434432c871effeca9acd5c6,a055f8188384479a8bad418f7dffd9a5,ba8d0208e32e42969bd4349cf24f6ed1,0b57f893483647c3aed811775a4c4c04,da14e9dc2c3d4963b725de8102de5028,f7f600880b064920ab59b907d26aedc6,4d5cbe57c3094d01843e4f950a280b50,2070754bb5dd4a248be9c2a6a1a9d381,f2cfa68a47ce4a43a0fe1cc7dc860418,f8e7f9688fd546829da579434180ffee
d8ec79e0dcba49fcaa2e32c4a56d98fe,7f23e27e5652406784fdc2dea3918125,b69c17a10a55494d8caa56c33e8f4a56,67dd23cfd20f46dc82acc82c108a1dc6,245212a659504b9b9cdbaf1ab1d040ff,ee7c00877ae64dac87123a3d75251530,1393dac7d34b4c34b1a8091a5bea3663,fb8c2b83e46441c2aaa7c81d3642e2da,e0ff5d4ae0ec4871a49041d550cdcaa9,22d9d5ad33e947fd857c5c4a8b7dfae1,1ade4365590a4ac7865100d8c791e340
88e851f978154b16a0a01f8df5255703,b69c17a10a55494d8caa56c33e8f4a56,7f23e27e5652406784fdc2dea3918125,eb21a4e2b7bd43efbdf0c365415e7fef,1393dac7d34b4c34b1a8091a5bea3663,fb8c2b83e46441c2aaa7c81d3642e2da,0568345606fa4a2c84ed4ea6c74639ee,d87e5facd03b45f9829e8a1cd0fe0190,db0c3a952e454b90aa4a68feb6a50e87,0d0973762130427eaa2ce9a7a34517db,444fa28d9ed54c82a522699041eae592
3ad82a6c3cc7421199dabde4d1c630d1,b69c17a10a55494d8caa56c33e8f4a56,7f23e27e5652406784fdc2dea3918125,eb21a4e2b7bd43efbdf0c365415e7fef,1393dac7d34b4c34b1a8091a5bea3663,36ac84a73ad34261ad45cf569edb60af,c14e45f5201b4038bdddddb238d888a3,0d0973762130427eaa2ce9a7a34517db,3c0f3b44c0844df49b5898406fe9195a,ee7c00877ae64dac87123a3d75251530,fb8c2b83e46441c2aaa7c81d3642e2da
957fd0aaa98b49cd8b0aeeeff8fe554a,7f23e27e5652406784fdc2dea3918125,b69c17a10a55494d8caa56c33e8f4a56,67dd23cfd20f46dc82acc82c108a1dc6,1393dac7d34b4c34b1a8091a5bea3663,ee7c00877ae64dac87123a3d75251530,245212a659504b9b9cdbaf1ab1d040ff,fb8c2b83e46441c2aaa7c81d3642e2da,22d9d5ad33e947fd857c5c4a8b7dfae1,e0ff5d4ae0ec4871a49041d550cdcaa9,1ade4365590a4ac7865100d8c791e340
3ae64cd8d99e463d84ad390f0770863a,8dfbb6a204a0441492c35baca6190969,57430214baf045cb92fa3b3b70a4ca3f,0971af4212484a958eb0f60f93d1dfe0,5a6f4a2f7f6a4b1fa146493472e6d721,32aaca2a732f4272b237374d3cdeec90,eafb3480db704d7baa8216ce857d1610,4a3d4daed4b24a1898551f0fd1ba44f1,5f65785004054c67a618fe43b6a30f56,75efe5ddef364f49865d9bb283492b48,d476be2399b7424a88d242b771c32041
83caabc655aa413fa28ce75908fc82c3,8dfbb6a204a0441492c35baca6190969,57430214baf045cb92fa3b3b70a4ca3f,0971af4212484a958eb0f60f93d1dfe0,5a6f4a2f7f6a4b1fa146493472e6d721,5f65785004054c67a618fe43b6a30f56,eafb3480db704d7baa8216ce857d1610,82d68ea370f8451aa16ea08f4601245c,44f41e6e6faa4facb0bb9a72205229f8,75efe5ddef364f49865d9bb283492b48,4a3d4daed4b24a1898551f0fd1ba44f1
b2a8b82d886042029e4d7b75f606d3f7,57430214baf045cb92fa3b3b70a4ca3f,8dfbb6a204a0441492c35baca6190969,0971af4212484a958eb0f60f93d1dfe0,df7ea50171af48df81584ab7e8107d15,5f65785004054c67a618fe43b6a30f56,5a6f4a2f7f6a4b1fa146493472e6d721,75efe5ddef364f49865d9bb283492b48,b33a0f5b564a4942b04046ab7a8e2aae,4a3d4daed4b24a1898551f0fd1ba44f1,7ee65b33f8f44852ada468b1fed83433
5ed3368f73bb44e6b4ad520a68661e92,57430214baf045cb92fa3b3b70a4ca3f,8dfbb6a204a0441492c35baca6190969,5f65785004054c67a618fe43b6a30f56,df7ea50171af48df81584ab7e8107d15,75efe5ddef364f49865d9bb283492b48,b33a0f5b564a4942b04046ab7a8e2aae,4a3d4daed4b24a1898551f0fd1ba44f1,5a6f4a2f7f6a4b1fa146493472e6d721,7ee65b33f8f44852ada468b1fed83433,82d68ea370f8451aa16ea08f4601245c
55b8c9724a3a454c9e37de654b24d293,4926607aafe749538c930e108275547e,f5b766ea6abe4b5fb27d49cc3bc06020,ffe2740eee8c49b39b2ce41f9983bcb4,291130c42a884be2800e026bab5ddf53,41e657daa20545a588584578bdb4101c,3356a8a8c6ee4f30bc2b028e360d4471,c65af18670ea437c8986884645b3afe9,78809cb3c6b841a9b8b132133dd6bb96,530b37164090408dbab4e6da51111b8a,4a3d4daed4b24a1898551f0fd1ba44f1
515bbdb925064e5080053f5a3bfa72c2,f5b766ea6abe4b5fb27d49cc3bc06020,4926607aafe749538c930e108275547e,64fc9fe3c8d5424ebc005e5cf4a608db,f1eecad10a61421eb16b1be7435d9c19,42b6af4853fc465f83ec054f8f8289a4,016e634d566b49c199d07357aae9bf33,3356a8a8c6ee4f30bc2b028e360d4471,b44645c11ece4326a45f50fdc5d45dcf,434551fdf9e443ed91679a9557ae6fd5,a5d5fb459a1844088e93ae557ab34afe
bd68648028064b068d1c788b7b8b35cf,4926607aafe749538c930e108275547e,f5b766ea6abe4b5fb27d49cc3bc06020,ffe2740eee8c49b39b2ce41f9983bcb4,291130c42a884be2800e026bab5ddf53,3356a8a8c6ee4f30bc2b028e360d4471,41e657daa20545a588584578bdb4101c,4a3d4daed4b24a1898551f0fd1ba44f1,5a6f4a2f7f6a4b1fa146493472e6d721,c65af18670ea437c8986884645b3afe9,7fe9e665bf41491c9788941aa2894a10
191675e5da5649c9ad0e649fba7469fd,f5b766ea6abe4b5fb27d49cc3bc06020,4926607aafe749538c930e108275547e,64fc9fe3c8d5424ebc005e5cf4a608db,f1eecad10a61421eb16b1be7435d9c19,42b6af4853fc465f83ec054f8f8289a4,baf841bad27c456c9de7227555ea3ef8,a5d5fb459a1844088e93ae557ab34afe,016e634d566b49c199d07357aae9bf33,b44645c11ece4326a45f50fdc5d45dcf,3356a8a8c6ee4f30bc2b028e360d4471
917a01f6ae4049189b017ae05f4e8282,ef60b54aa4b5490890da32d0bb8c9cbf,c3a741d302d94ee294bb6e4090fd2da9,32aaca2a732f4272b237374d3cdeec90,75efe5ddef364f49865d9bb283492b48,5a6f4a2f7f6a4b1fa146493472e6d721,4a3d4daed4b24a1898551f0fd1ba44f1,7f0a68d19d2e4850846ffc08c47ed87d,199647bd1328406c83c5a875154f97d9,b33a0f5b564a4942b04046ab7a8e2aae,2acbd3ec289a47f7b4108896ec632585
8099552462944c5483e6c7e77019cd09,ef60b54aa4b5490890da32d0bb8c9cbf,c3a741d302d94ee294bb6e4090fd2da9,32aaca2a732f4272b237374d3cdeec90,75efe5ddef364f49865d9bb283492b48,5a6f4a2f7f6a4b1fa146493472e6d721,b33a0f5b564a4942b04046ab7a8e2aae,4a3d4daed4b24a1898551f0fd1ba44f1,199647bd1328406c83c5a875154f97d9,7f0a68d19d2e4850846ffc08c47ed87d,2acbd3ec289a47f7b4108896ec632585
a9a932d9787f4b1c9d13926b41d68e8e,2acbd3ec289a47f7b4108896ec632585,33e2a95109e647cbb4ba2687631b169a,c3a741d302d94ee294bb6e4090fd2da9,ef60b54aa4b5490890da32d0bb8c9cbf,2471f23cb9b64d35a72deed09c9c8975,39e2b00e1cbd471488cf56f31d2cec7f,72a7e2ce22d045efbdbbab9c68f5d026,7e17bbd109dc486c8f0a76f913782180,199647bd1328406c83c5a875154f97d9,7daa434073604cb98a04fefb55468dda
69a7253a5317474a980b4e9538e2df59,cae139b6e4914ce7b0ef1e68b8b857eb,1232f20e710b448e8c0538b9e84dab1c,25109e3a7df549e5b380aae716d71366,476ce3ffff564a5aa985808e7d2cab17,13e659415ac84c7a81fc769111d43417,0971af4212484a958eb0f60f93d1dfe0,8c674a7b65e24114a45dd3c861a7ccfc,52ee59901f3b4de884d7a6720538aed6,f1eecad10a61421eb16b1be7435d9c19,b23a9c50eada4286a4f7ce8668b92db1
54e1f0b191a74c1fbe587bd189dbefde,1232f20e710b448e8c0538b9e84dab1c,cae139b6e4914ce7b0ef1e68b8b857eb,b23a9c50eada4286a4f7ce8668b92db1,29fb30a75c57451a85f310aa6423a662,ad054da7e1704a53931a341173f0605f,f1eecad10a61421eb16b1be7435d9c19,2ea3b46262e649f79900258cd90cce31,c65af18670ea437c8986884645b3afe9,1a0ac2d40cb04ca993e1db68d787728a,a70909d3ce0d4235913b5ce6a138dcce
eab46b3eacfd4c65a5d3acea93bcd635,cae139b6e4914ce7b0ef1e68b8b857eb,1232f20e710b448e8c0538b9e84dab1c,13e659415ac84c7a81fc769111d43417,3138244ae91040948d5bd6772e4075ea,25109e3a7df549e5b380aae716d71366,434551fdf9e443ed91679a9557ae6fd5,476ce3ffff564a5aa985808e7d2cab17,52ee59901f3b4de884d7a6720538aed6,0971af4212484a958eb0f60f93d1dfe0,8c674a7b65e24114a45dd3c861a7ccfc
77ba7373423f4871aa84b0e9e90558da,1232f20e710b448e8c0538b9e84dab1c,cae139b6e4914ce7b0ef1e68b8b857eb,b23a9c50eada4286a4f7ce8668b92db1,29fb30a75c57451a85f310aa6423a662,ad054da7e1704a53931a341173f0605f,f1eecad10a61421eb16b1be7435d9c19,c65af18670ea437c8986884645b3afe9,73f684f538ea452cbb4fbecc2e8126a4,2939ef012c5c4a1b94b49df9469dfb3c,19a124c6dad14a4fa7864463b081009c
ada711f5328244f298daf7e98150c7b2,ffe2740eee8c49b39b2ce41f9983bcb4,0cc5015848a044b59fa4b290813f859c,8b4e9e3d234e4eec99a7651e246bbfa3,4926607aafe749538c930e108275547e,3e923b6e3ceb4901b77c9a18729546eb,7862a63720b34104abf5bfa44bc8178d,5e0a2bc284cf4002914ae4e6aaef41e8,0ecfdd96e0054841883acba75e83b232,d25e6f2fc8154dd7816f8f7a41bee12b,8987ceafff324f9599b842542e37eddd
b59f7290ee4240fba85223d721d2aefe,ffe2740eee8c49b39b2ce41f9983bcb4,0cc5015848a044b59fa4b290813f859c,8b4e9e3d234e4eec99a7651e246bbfa3,4926607aafe749538c930e108275547e,7862a63720b34104abf5bfa44bc8178d,3e923b6e3ceb4901b77c9a18729546eb,0ecfdd96e0054841883acba75e83b232,5e0a2bc284cf4002914ae4e6aaef41e8,d25e6f2fc8154dd7816f8f7a41bee12b,8987ceafff324f9599b842542e37eddd
d8235671d5bc44ea9bb7b027f4c3bb3e,77ce0587a12b46bab8814225ba86753e,71c1a8479b194efca65b44fb7f327afb,d8b3ad3b5c4e474db41a671ab286424f,b2bcb4d9456c4763a0159ffd1f3660bb,cb2505b30d8a4dc086c353cf94424b6d,01ffceddb5b34406a08bb982b424b3cf,7d3d751215194e649a03457226f599d7,afac6ae28fac41dabae96696990c5555,408ae6a767874fc782467ec2f054ad15,70aa10580bfe4069bdaa5721ae2d29db
518f59c8010c4dd48362de2cb03f5167,77ce0587a12b46bab8814225ba86753e,71c1a8479b194efca65b44fb7f327afb,d8b3ad3b5c4e474db41a671ab286424f,cb2505b30d8a4dc086c353cf94424b6d,b2bcb4d9456c4763a0159ffd1f3660bb,7d3d751215194e649a03457226f599d7,afac6ae28fac41dabae96696990c5555,01ffceddb5b34406a08bb982b424b3cf,408ae6a767874fc782467ec2f054ad15,70aa10580bfe4069bdaa5721ae2d29db
c313a0d413ec48a6a2cbd1df9d98d820,71c1a8479b194efca65b44fb7f327afb,77ce0587a12b46bab8814225ba86753e,d8b3ad3b5c4e474db41a671ab286424f,cb2505b30d8a4dc086c353cf94424b6d,b2bcb4d9456c4763a0159ffd1f3660bb,afac6ae28fac41dabae96696990c5555,01ffceddb5b34406a08bb982b424b3cf,feb980ae999948ce9be0266b4ddc048d,7d3d751215194e649a03457226f599d7,910827a15eac4e4b9005d8e46ad71f6e
83661848dd63461885371664f7c4bc51,71c1a8479b194efca65b44fb7f327afb,77ce0587a12b46bab8814225ba86753e,cb2505b30d8a4dc086c353cf94424b6d,d8b3ad3b5c4e474db41a671ab286424f,b2bcb4d9456c4763a0159ffd1f3660bb,01ffceddb5b34406a08bb982b424b3cf,7d3d751215194e649a03457226f599d7,910827a15eac4e4b9005d8e46ad71f6e,feb980ae999948ce9be0266b4ddc048d,8746ae2ca7514699b629b4d9b5fe95a7
0b47b27e631a492c8956eba727078681,3e59b61eb70146308db2308b988b54cf,98fbdf945d0c4206a48a4f7260e56017,14f4db886cca4104877ac7d1d7a64133,a4af9472683c4df0a86f9400c99c2b61,50a2129b83404b94889a01f4688ebafd,0eb119aabc884795a4768c6d3e677ea1,1ade4365590a4ac7865100d8c791e340,ef511457ee7c490c8e10eccf6e18fef6,4c36aafaf38f4e9e9e09991737196fe1,cdd73e0289aa4e2b87cd14e6ff5bd75e
d0e0af0e83ea4c3b855152177e8295c4,a4af9472683c4df0a86f9400c99c2b61,98fbdf945d0c4206a48a4f7260e56017,40a95697730046dcbb0d7ba1fe2109a6,4c36aafaf38f4e9e9e09991737196fe1,4a7fa5a1bafe4b6995e2920444ac07c4,189a3b686ad14c24b5e1a495f76dd239,3e59b61eb70146308db2308b988b54cf,54e9bbd0093947a3bda5fef48ef7493d,7d6cdff8c9ac434196df803628fe9f62,fc430b7683934be2aba12468b2409bb8
3c7adf3c0f6a48ddae27f1be8bf94c98,98fbdf945d0c4206a48a4f7260e56017,a4af9472683c4df0a86f9400c99c2b61,3e59b61eb70146308db2308b988b54cf,4c36aafaf38f4e9e9e09991737196fe1,189a3b686ad14c24b5e1a495f76dd239,54e9bbd0093947a3bda5fef48ef7493d,772cb9726861451d9972604da6f65c55,40a95697730046dcbb0d7ba1fe2109a6,8c5f38853679436ba434b6a696e43168,14f4db886cca4104877ac7d1d7a64133
9ece5d7b95974244a7560e0a5516708d,3e59b61eb70146308db2308b988b54cf,98fbdf945d0c4206a48a4f7260e56017,50a2129b83404b94889a01f4688ebafd,e6afe89ff7bc491193141c057083d8a8,0eb119aabc884795a4768c6d3e677ea1,ef511457ee7c490c8e10eccf6e18fef6,4c36aafaf38f4e9e9e09991737196fe1,1419b2c686f44896a0ae2a43e93b5402,54e9bbd0093947a3bda5fef48ef7493d,b4dadb3ea3a04cc3932094471debce13
6b69e25d73f148c98af914e308e2396e,3e59b61eb70146308db2308b988b54cf,98fbdf945d0c4206a48a4f7260e56017,ef511457ee7c490c8e10eccf6e18fef6,4c36aafaf38f4e9e9e09991737196fe1,50a2129b83404b94889a01f4688ebafd,14f4db886cca4104877ac7d1d7a64133,54e9bbd0093947a3bda5fef48ef7493d,0eb119aabc884795a4768c6d3e677ea1,e6afe89ff7bc491193141c057083d8a8,a4af9472683c4df0a86f9400c99c2b61
f443d2b48e9f48748ed811a3ffbfeeb0,5e44915237fc4445b54b037e1c4e29a4,7584980704ae4617bb27ca162cc9c5db,4e22dc65beb7450b9260cf27e50919e4,e06d08ff594a4acbac12edf579743fcf,051d304b7139431fb3bff19b4e75aff7,be8953cc364d46cebbcc2c2da2c348ab,6bde760ad5d4485db9889b1bdc074005,f335a944a27a4504a82ecf70c2d4a5e4,2c8eafa0ff26437a862dc2224ab57073,0cdb0f32850f4585a16de4886462bbe0
ca49f30627f348ebb9db4ee0577e1d96,4e22dc65beb7450b9260cf27e50919e4,7584980704ae4617bb27ca162cc9c5db,5e44915237fc4445b54b037e1c4e29a4,f335a944a27a4504a82ecf70c2d4a5e4,0cdb0f32850f4585a16de4886462bbe0,e06d08ff594a4acbac12edf579743fcf,be8953cc364d46cebbcc2c2da2c348ab,051d304b7139431fb3bff19b4e75aff7,d2a03ea4b2d3439ca3dc6fe056ab0f04,b2b22c673e554db39c8acdbe42687a6d
3edc2638f7bf459c90061b70e170d78e,4e22dc65beb7450b9260cf27e50919e4,5e44915237fc4445b54b037e1c4e29a4,7584980704ae4617bb27ca162cc9c5db,f335a944a27a4504a82ecf70c2d4a5e4,0cdb0f32850f4585a16de4886462bbe0,e06d08ff594a4acbac12edf579743fcf,be8953cc364d46cebbcc2c2da2c348ab,051d304b7139431fb3bff19b4e75aff7,076e2669c305401fb3afcfafdd6c79c7,d2a03ea4b2d3439ca3dc6fe056ab0f04
4241e3037cc4416b9760a32dc49b4d49,5e44915237fc4445b54b037e1c4e29a4,7584980704ae4617bb27ca162cc9c5db,4e22dc65beb7450b9260cf27e50919e4,e06d08ff594a4acbac12edf579743fcf,be8953cc364d46cebbcc2c2da2c348ab,2c8eafa0ff26437a862dc2224ab57073,051d304b7139431fb3bff19b4e75aff7,6bde760ad5d4485db9889b1bdc074005,f335a944a27a4504a82ecf70c2d4a5e4,ae3f42d57b3046a3821026173286a43e
2c1eb27749b548ee9cc13137105c60f9,21019944fc2c4838a682a6dcdc62c4ef,e4ee90d625d44a6d9adc138390eef0f8,8228c9eb29a542ba98c8b9b854eadaa4,7d6cdff8c9ac434196df803628fe9f62,e22e1ad3c1fc4493bcb7c9b923566ff7,dcfb738ebbc24f09bb680fe3a52b702e,c713a0ca69864ee7b240069c98dc44dc,4152360a4bea4cbbbfbe45ff3bf7f62b,54e9bbd0093947a3bda5fef48ef7493d,97959d02a64f4a3fbbebe7cbece6c012
879584d5b62041dfb4cfbb779df86357,e4ee90d625d44a6d9adc138390eef0f8,21019944fc2c4838a682a6dcdc62c4ef,e22e1ad3c1fc4493bcb7c9b923566ff7,8228c9eb29a542ba98c8b9b854eadaa4,54e9bbd0093947a3bda5fef48ef7493d,b3a022950e444682a113cec5a0537f6a,4c36aafaf38f4e9e9e09991737196fe1,c2b49382e2f34b1c90013236a5fbaef0,7d6cdff8c9ac434196df803628fe9f62,5e0a2bc284cf4002914ae4e6aaef41e8
f21b02728ff6484fb3fd4a60399ab492,e4ee90d625d44a6d9adc138390eef0f8,21019944fc2c4838a682a6dcdc62c4ef,e22e1ad3c1fc4493bcb7c9b923566ff7,8228c9eb29a542ba98c8b9b854eadaa4,b3a022950e444682a113cec5a0537f6a,54e9bbd0093947a3bda5fef48ef7493d,c2b49382e2f34b1c90013236a5fbaef0,4c36aafaf38f4e9e9e09991737196fe1,5e0a2bc284cf4002914ae4e6aaef41e8,7d6cdff8c9ac434196df803628fe9f62
d8456095cf7c4204a086a014ff2b3c14,21019944fc2c4838a682a6dcdc62c4ef,e4ee90d625d44a6d9adc138390eef0f8,8228c9eb29a542ba98c8b9b854eadaa4,7d6cdff8c9ac434196df803628fe9f62,e22e1ad3c1fc4493bcb7c9b923566ff7,b0d2e6c4b2384950b3696c4414870282,dcfb738ebbc24f09bb680fe3a52b702e,54e9bbd0093947a3bda5fef48ef7493d,c713a0ca69864ee7b240069c98dc44dc,35d06fce2df446569702778e2250bd82
3afae5ea042d4934b4e05a905c277730,1c6bbf19b3d2498696a5baf0f53a0f18,b2b22c673e554db39c8acdbe42687a6d,116f6c1f0cb54312986a0a729508a33e,716a15d66b63424a8068da89e75733b4,91f0da6d71574ababd8e868bddec9310,8ad1f345ca194b29bde0a924f27b2de5,761a3a01495143f0a86beac4234cae3a,93bf0b86be094f68a9d308ca5ecfb4e3,8c5f38853679436ba434b6a696e43168,fc70a4c2c4834e0eba1a14470f563b03
c6c6941b06454b858b384b129f635fbc,b2b22c673e554db39c8acdbe42687a6d,1c6bbf19b3d2498696a5baf0f53a0f18,116f6c1f0cb54312986a0a729508a33e,5e199f7727cc4910ad88dbd81ed1ec82,93bf0b86be094f68a9d308ca5ecfb4e3,91f0da6d71574ababd8e868bddec9310,761a3a01495143f0a86beac4234cae3a,a297e08effdf4a69a6c4d79a34a0c6ad,716a15d66b63424a8068da89e75733b4,4230775a9d51448396cacb9061f0e5f9
164fd25714484642abf3c2f90a97a8fd,8a9dc60359ba49cd8ac170cfb4ac3913,9fd4c00672d84215b3e21812aef3d6ac,2b039224b54142d185a406b31fe01de2,d65e3a3657ae455e954b6d7221afc84c,45e440d874a54bb591862ff441114cd3,d9b97376c5e44d8786f861a5788af644,5f481b07f9734f518a14853831233b78,e7ee85dd47ca43eeb2fdcd70b802f0ec,898eabaaa1a047e18aecbb1c5a8decbf,79721c9bb6a54ecdb3d0a0f4011762c1
3a05b06fa1e34ff0b02748d47a9e6360,8a9dc60359ba49cd8ac170cfb4ac3913,9fd4c00672d84215b3e21812aef3d6ac,2b039224b54142d185a406b31fe01de2,45e440d874a54bb591862ff441114cd3,d65e3a3657ae455e954b6d7221afc84c,5f481b07f9734f518a14853831233b78,d9b97376c5e44d8786f861a5788af644,2c3599a1611644f4908562f8fb8870d3,e7ee85dd47ca43eeb2fdcd70b802f0ec,e8c8742459dc48a49080bf0e5b3fdee0
fec5eb7ba2734bf5b777bcb611801028,9fd4c00672d84215b3e21812aef3d6ac,8a9dc60359ba49cd8ac170cfb4ac3913,632cc2bc04034dd4848855fe6497262d,1578afd6ce694d46ab6e24f965f51fd6,9dd98c9126c44642a20711729f2e731e,e86a0aae846a4e44bf967ab4972c977c,b00b2395b49949508fade89bb3eac98b,b8995466f0eb4e7ba141e23216e8b974,2c3599a1611644f4908562f8fb8870d3,dd9e8283197b473d8ffd502561bdaaec
99fd1c486f1c4dd591b9a6ecf8054b7d,9fd4c00672d84215b3e21812aef3d6ac,8a9dc60359ba49cd8ac170cfb4ac3913,632cc2bc04034dd4848855fe6497262d,1578afd6ce694d46ab6e24f965f51fd6,9dd98c9126c44642a20711729f2e731e,e86a0aae846a4e44bf967ab4972c977c,b8995466f0eb4e7ba141e23216e8b974,b00b2395b49949508fade89bb3eac98b,2c3599a1611644f4908562f8fb8870d3,0092d1d820c64646b8bee9fd14f77acf
7613bd74728b4f0baa8eabd0aefbbc29,4a6eba10a02a4ecdbb6b25e8651c3789,eafb3480db704d7baa8216ce857d1610,25109e3a7df549e5b380aae716d71366,bce599075dfd4fac8dd78626106e3071,e9428816b054499298745b742f128f65,6c874292dbcc49ff8bb8bbe5643593a5,1b827db6f6cf4ecb850928c2f9e41de2,097c30a7f39a4a3abf6da2ca80cad3a5,3b37a4c34b6e4ca89a04da864e141422,47eb17da319d440aa52da8008c26327a
4c482b037ef04720a8eafa90efddd03b,eafb3480db704d7baa8216ce857d1610,4a6eba10a02a4ecdbb6b25e8651c3789,8dfbb6a204a0441492c35baca6190969,25109e3a7df549e5b380aae716d71366,6c874292dbcc49ff8bb8bbe5643593a5,32aaca2a732f4272b237374d3cdeec90,b77d8b7bb0114c379139d280a9210e83,47eb17da319d440aa52da8008c26327a,097c30a7f39a4a3abf6da2ca80cad3a5,57430214baf045cb92fa3b3b70a4ca3f
596b8b0b72be41a4842150fbbd18aead,4a6eba10a02a4ecdbb6b25e8651c3789,eafb3480db704d7baa8216ce857d1610,6c874292dbcc49ff8bb8bbe5643593a5,bce599075dfd4fac8dd78626106e3071,1b827db6f6cf4ecb850928c2f9e41de2,b77d8b7bb0114c379139d280a9210e83,25109e3a7df549e5b380aae716d71366,3b37a4c34b6e4ca89a04da864e141422,cb2e893276894906976593c3edcb3a5f,097c30a7f39a4a3abf6da2ca80cad3a5
99794362eca94e2ea0536c628c097ee0,eafb3480db704d7baa8216ce857d1610,4a6eba10a02a4ecdbb6b25e8651c3789,8dfbb6a204a0441492c35baca6190969,25109e3a7df549e5b380aae716d71366,6c874292dbcc49ff8bb8bbe5643593a5,32aaca2a732f4272b237374d3cdeec90,57430214baf045cb92fa3b3b70a4ca3f,b77d8b7bb0114c379139d280a9210e83,47eb17da319d440aa52da8008c26327a,225818abe99e45a0bf5b0b3ec30db76b
517088ff1e71421dbc66c81c7b6d809f,69ac8397e9624bfd8aee237b9f9ea3b5,5be48a6bc26044f2a2e4e9b6a223c319,291130c42a884be2800e026bab5ddf53,b3f8b4bec0164d0e81997b4f5a277e8f,0592b57e490d4206a3f12eb004a0afe0,c2a665cec90e46db8d2a74389beb4649,52f20bd7eb50430c95f0916727880a1b,4385ac4645b34f3c8a44c4676ebcd8be,27a67d3e76814297aebf64e03d14c336,3f28365e18244eb28cc7d23de8895956
67f17a1293154579a1047cd28690d783,5be48a6bc26044f2a2e4e9b6a223c319,69ac8397e9624bfd8aee237b9f9ea3b5,27a67d3e76814297aebf64e03d14c336,e8c8742459dc48a49080bf0e5b3fdee0,52f20bd7eb50430c95f0916727880a1b,c2a665cec90e46db8d2a74389beb4649,f5b766ea6abe4b5fb27d49cc3bc06020,b3f8b4bec0164d0e81997b4f5a277e8f,15b7b988bba143989cfd98d5c6c4d203,9460474d89704a68aaa6ccb62310ae3d
376dc48ffd5842e2b10ce1bfe8617a4f,5be48a6bc26044f2a2e4e9b6a223c319,69ac8397e9624bfd8aee237b9f9ea3b5,e8c8742459dc48a49080bf0e5b3fdee0,27a67d3e76814297aebf64e03d14c336,c2a665cec90e46db8d2a74389beb4649,52f20bd7eb50430c95f0916727880a1b,b3f8b4bec0164d0e81997b4f5a277e8f,15b7b988bba143989cfd98d5c6c4d203,f5b766ea6abe4b5fb27d49cc3bc06020,1ad0cf33e96243888d5f970195a75586
e35f15c7fc564b948c6220d15268f95e,69ac8397e9624bfd8aee237b9f9ea3b5,5be48a6bc26044f2a2e4e9b6a223c319,291130c42a884be2800e026bab5ddf53,b3f8b4bec0164d0e81997b4f5a277e8f,0592b57e490d4206a3f12eb004a0afe0,c2a665cec90e46db8d2a74389beb4649,52f20bd7eb50430c95f0916727880a1b,27a67d3e76814297aebf64e03d14c336,4385ac4645b34f3c8a44c4676ebcd8be,9daaefe080b34656a0c7a54d2d6a1713
7abc7ac040a84ae88177c3b2d510f7cb,e86a0aae846a4e44bf967ab4972c977c,a9d82bb43410405ca21b44a5e82e22b6,dd9e8283197b473d8ffd502561bdaaec,b00b2395b49949508fade89bb3eac98b,9fd4c00672d84215b3e21812aef3d6ac,e4fcd30261804b089efa940359057ba2,1e376f9d0945477983c8d851e4b2cf5e,f5a9583711fc4ff4a46e85c24886b234,b8995466f0eb4e7ba141e23216e8b974,d716ea165223433a8d49b93e96989482
dc2a5233c1944b37aa2c99dd76665f2b,1e376f9d0945477983c8d851e4b2cf5e,a9d82bb43410405ca21b44a5e82e22b6,e86a0aae846a4e44bf967ab4972c977c,b00b2395b49949508fade89bb3eac98b,b8da01ceddcb45a491a288ddbc658e90,b6c493a3666c4db193e86c79faf099ab,7ee65b33f8f44852ada468b1fed83433,5f481b07f9734f518a14853831233b78,b98519f97e424c1389f5553f0869b15a,dd9e8283197b473d8ffd502561bdaaec
27b25d301ad34851bd0df3863116a2e2,e86a0aae846a4e44bf967ab4972c977c,a9d82bb43410405ca21b44a5e82e22b6,b00b2395b49949508fade89bb3eac98b,dd9e8283197b473d8ffd502561bdaaec,e4fcd30261804b089efa940359057ba2,9fd4c00672d84215b3e21812aef3d6ac,1e376f9d0945477983c8d851e4b2cf5e,f5a9583711fc4ff4a46e85c24886b234,c588868fc3fd4e87a7cddf1ceb00b022,b8995466f0eb4e7ba141e23216e8b974
2b2bf37314104deaa800c3918ab54a33,1e376f9d0945477983c8d851e4b2cf5e,a9d82bb43410405ca21b44a5e82e22b6,e86a0aae846a4e44bf967ab4972c977c,b8da01ceddcb45a491a288ddbc658e90,b00b2395b49949508fade89bb3eac98b,5f481b07f9734f518a14853831233b78,7ee65b33f8f44852ada468b1fed83433,b98519f97e424c1389f5553f0869b15a,b6c493a3666c4db193e86c79faf099ab,dd9e8283197b473d8ffd502561bdaaec
3c56e94879364377bc8bfb7a92d403d1,a9d82bb43410405ca21b44a5e82e22b6,dd9e8283197b473d8ffd502561bdaaec,e86a0aae846a4e44bf967ab4972c977c,1e376f9d0945477983c8d851e4b2cf5e,b00b2395b49949508fade89bb3eac98b,e4fcd30261804b089efa940359057ba2,189a3b686ad14c24b5e1a495f76dd239,b675be39e8ff421aa59811f146da945b,b8da01ceddcb45a491a288ddbc658e90,f5a9583711fc4ff4a46e85c24886b234
c28224ae63704fec95ee0278f177f277,521004289ebc4e6da6623381d40a5e73,f91157bb8fca4a8e98db33591a76be9a,039a871609044cb1b69f70c082fe61d8,be70e49b76c24527b4fddfb6b78b6d8d,5455e62f52ae4e03b2a5d0e8b9899506,9500823cb050427696343b1ea5cf8881,d658e3a743af41899183fecff6b2628d,295d0d40791245ff838c73a2aa27d065,da88fa5efc674368b593444ca950dff9,39e2b00e1cbd471488cf56f31d2cec7f
2c9175bf65da4030a4bca9f358cadeda,521004289ebc4e6da6623381d40a5e73,f91157bb8fca4a8e98db33591a76be9a,be70e49b76c24527b4fddfb6b78b6d8d,039a871609044cb1b69f70c082fe61d8,5455e62f52ae4e03b2a5d0e8b9899506,9500823cb050427696343b1ea5cf8881,3f23eafbd9cc4e209aca631fd6fc9dfd,d658e3a743af41899183fecff6b2628d,da88fa5efc674368b593444ca950dff9,295d0d40791245ff838c73a2aa27d065
7567134f761c40a79567b3f82e31afdc,f91157bb8fca4a8e98db33591a76be9a,521004289ebc4e6da6623381d40a5e73,9500823cb050427696343b1ea5cf8881,3f23eafbd9cc4e209aca631fd6fc9dfd,039a871609044cb1b69f70c082fe61d8,5455e62f52ae4e03b2a5d0e8b9899506,be70e49b76c24527b4fddfb6b78b6d8d,85d4175b563d48e5bc6a991b23662f24,da88fa5efc674368b593444ca950dff9,fc430b7683934be2aba12468b2409bb8
e95e0daa9ae049ef8be95f459b99d584,e511c40ca6324803b5021e47b4e777f8,89e983dca0a34b768e17b3871b9cea1e,643fbbdd6b764ba9904a4ee67a86b9fd,bc13c2b0221744a29a8ddf56aa015df9,99a52c93a3304ec18dab9206f98f2a8b,b40d3c588ad647ff85e397a6bc5f9d8b,8d595c7da42545c88052e7b213b6c97c,ffc5805e29a74be0a55b40318aa321d7,c78547bdc2e64ac8935559f7de2efd41,ff51ca928cd54f4da620c27983e221f8
ee401564da1d407da8d97b804a5e3801,643fbbdd6b764ba9904a4ee67a86b9fd,99a52c93a3304ec18dab9206f98f2a8b,89e983dca0a34b768e17b3871b9cea1e,b40d3c588ad647ff85e397a6bc5f9d8b,e511c40ca6324803b5021e47b4e777f8,bc13c2b0221744a29a8ddf56aa015df9,8d595c7da42545c88052e7b213b6c97c,191b01e1728e4583a8ead5a86db27370,ffc5805e29a74be0a55b40318aa321d7,7326afe68eb64b63993b3dae022c645d
77ae6ded0d014f36b371a4153e05c4ed,89e983dca0a34b768e17b3871b9cea1e,643fbbdd6b764ba9904a4ee67a86b9fd,e511c40ca6324803b5021e47b4e777f8,99a52c93a3304ec18dab9206f98f2a8b,b40d3c588ad647ff85e397a6bc5f9d8b,bc13c2b0221744a29a8ddf56aa015df9,ffc5805e29a74be0a55b40318aa321d7,8d595c7da42545c88052e7b213b6c97c,0592b57e490d4206a3f12eb004a0afe0,c78547bdc2e64ac8935559f7de2efd41
8a0213e5d51f4d7ca596a5163d04d39b,b40d3c588ad647ff85e397a6bc5f9d8b,99a52c93a3304ec18dab9206f98f2a8b,89e983dca0a34b768e17b3871b9cea1e,643fbbdd6b764ba9904a4ee67a86b9fd,e511c40ca6324803b5021e47b4e777f8,bc13c2b0221744a29a8ddf56aa015df9,191b01e1728e4583a8ead5a86db27370,0592b57e490d4206a3f12eb004a0afe0,ad42c467d0fe43dbb328073f9a16bc4d,8d595c7da42545c88052e7b213b6c97c
49a13f972cb940089aa409b42b7e809b,b425f33c33ad4be89a12da266d131a86,cb32ec9a538a4c0f8462771946ced93b,1a0ac2d40cb04ca993e1db68d787728a,a70909d3ce0d4235913b5ce6a138dcce,14ca42308d3141fba50b774042144343,29fb30a75c57451a85f310aa6423a662,73f684f538ea452cbb4fbecc2e8126a4,66cba49431224a3788f914d6a80165e1,66f4c650b7ca48f1bc27f9daff8d312a,8a464aa9e2ee45d0abc7ae6181cd1bda
42b7373e7edb4471bd9cd69dd50bf4f1,1a0ac2d40cb04ca993e1db68d787728a,cb32ec9a538a4c0f8462771946ced93b,b425f33c33ad4be89a12da266d131a86,a70909d3ce0d4235913b5ce6a138dcce,8a464aa9e2ee45d0abc7ae6181cd1bda,66cba49431224a3788f914d6a80165e1,14ca42308d3141fba50b774042144343,cf290994a83e4909aec30077477b9d04,29fb30a75c57451a85f310aa6423a662,66f4c650b7ca48f1bc27f9daff8d312a
f387e105e9d440d199759eb2c79cd950,29fb30a75c57451a85f310aa6423a662,da9cfbdf124143b78bec89393dd5287a,cb32ec9a538a4c0f8462771946ced93b,1a0ac2d40cb04ca993e1db68d787728a,b425f33c33ad4be89a12da266d131a86,2c65a898314b42e6b2e93dca66fd15c2,4a3d4daed4b24a1898551f0fd1ba44f1,73f684f538ea452cbb4fbecc2e8126a4,f59a3ee5387440d981754b6595e8664c,a865b8d581b44104afe7c8508e3486f5
a75e0b290bc941358cd4614e21662749,1a0ac2d40cb04ca993e1db68d787728a,da9cfbdf124143b78bec89393dd5287a,29fb30a75c57451a85f310aa6423a662,cb32ec9a538a4c0f8462771946ced93b,b425f33c33ad4be89a12da266d131a86,2c65a898314b42e6b2e93dca66fd15c2,f59a3ee5387440d981754b6595e8664c,c24e3823376b436c8eb46eaeebbc7718,d7c9dafddaf547159d366dacf7b68a7e,73f684f538ea452cbb4fbecc2e8126a4
1c30f9917de0495eae26b471a7cd3e1d,b425f33c33ad4be89a12da266d131a86,cb32ec9a538a4c0f8462771946ced93b,1a0ac2d40cb04ca993e1db68d787728a,a70909d3ce0d4235913b5ce6a138dcce,14ca42308d3141fba50b774042144343,73f684f538ea452cbb4fbecc2e8126a4,29fb30a75c57451a85f310aa6423a662,66cba49431224a3788f914d6a80165e1,66f4c650b7ca48f1bc27f9daff8d312a,8a464aa9e2ee45d0abc7ae6181cd1bda
57378df73d2a41698b22cc6d6171529d,2acbd3ec289a47f7b4108896ec632585,33e2a95109e647cbb4ba2687631b169a,8c5f38853679436ba434b6a696e43168,82d68ea370f8451aa16ea08f4601245c,9948a890ef25479e834f70944cb42eae,4230775a9d51448396cacb9061f0e5f9,b90d74e80c37486eaee89b6fbab13671,fc70a4c2c4834e0eba1a14470f563b03,50aa0f56e00d4c23ac78b3e63bc0f0e1,199647bd1328406c83c5a875154f97d9
ffa661c1e7484ac0bd1e6fd235a3cc5a,2acbd3ec289a47f7b4108896ec632585,33e2a95109e647cbb4ba2687631b169a,8c5f38853679436ba434b6a696e43168,fc70a4c2c4834e0eba1a14470f563b03,82d68ea370f8451aa16ea08f4601245c,9948a890ef25479e834f70944cb42eae,50aa0f56e00d4c23ac78b3e63bc0f0e1,4230775a9d51448396cacb9061f0e5f9,716a15d66b63424a8068da89e75733b4,199647bd1328406c83c5a875154f97d9
b2ab0d60cd84497b8493bee493f63c20,33e2a95109e647cbb4ba2687631b169a,2acbd3ec289a47f7b4108896ec632585,9948a890ef25479e834f70944cb42eae,8c5f38853679436ba434b6a696e43168,8af25c7ae8e14435a6e27a5671968f50,d476be2399b7424a88d242b771c32041,4230775a9d51448396cacb9061f0e5f9,36472797459c462e910846109fa624fc,50aa0f56e00d4c23ac78b3e63bc0f0e1,7ef653f7e5f64e1b8bba73b9518b87b7
5cbead44a3a74909ab9ed4a89f1396cf,33e2a95109e647cbb4ba2687631b169a,2acbd3ec289a47f7b4108896ec632585,9948a890ef25479e834f70944cb42eae,8c5f38853679436ba434b6a696e43168,8af25c7ae8e14435a6e27a5671968f50,d476be2399b7424a88d242b771c32041,7ef653f7e5f64e1b8bba73b9518b87b7,4230775a9d51448396cacb9061f0e5f9,c3502ff31ce6459a96164c934f297562,13aca0959cc948cabeee0d7255f55a65
6e174164c10a49d8a9483ad16d690598,d658e3a743af41899183fecff6b2628d,d43b0f94627d45918e18a80be127aa2c,59f62d35b1ad451397b700b3dad25448,295d0d40791245ff838c73a2aa27d065,2fcf4a04d3654ffb9a5c1dfa3799e4f0,521004289ebc4e6da6623381d40a5e73,8889c114b071429cbe2418f5b0f2024b,e7ee85dd47ca43eeb2fdcd70b802f0ec,35c5a560ecdc4d6a9d20f057ed1fa0e6,dd77b570036f40de9fdf49011bb9e2d8
1472ac5adbe24310ac0366a2fb7c4d66,d43b0f94627d45918e18a80be127aa2c,d658e3a743af41899183fecff6b2628d,724a3f6551e74ad585bdeac9a75fd639,59f62d35b1ad451397b700b3dad25448,361f2b7f3f044907b3a331872fb18755,7daa434073604cb98a04fefb55468dda,3d3e8565d2f84e0cad5ae622f2909765,2fcf4a04d3654ffb9a5c1dfa3799e4f0,2acbd3ec289a47f7b4108896ec632585,e7ee85dd47ca43eeb2fdcd70b802f0ec
7df15c3f44244335b645553730704ae6,d43b0f94627d45918e18a80be127aa2c,d658e3a743af41899183fecff6b2628d,59f62d35b1ad451397b700b3dad25448,7daa434073604cb98a04fefb55468dda,724a3f6551e74ad585bdeac9a75fd639,361f2b7f3f044907b3a331872fb18755,3d3e8565d2f84e0cad5ae622f2909765,2fcf4a04d3654ffb9a5c1dfa3799e4f0,db69f22fe72246ea85d33991961a649a,19098957d8c24cab95daa30c2baefd8f
d59e2a4a21bf40f9b53614eb370d1190,d658e3a743af41899183fecff6b2628d,d43b0f94627d45918e18a80be127aa2c,59f62d35b1ad451397b700b3dad25448,295d0d40791245ff838c73a2aa27d065,dd77b570036f40de9fdf49011bb9e2d8,e7ee85dd47ca43eeb2fdcd70b802f0ec,521004289ebc4e6da6623381d40a5e73,26869cc099c44c4a86f6043476ab4890,2fcf4a04d3654ffb9a5c1dfa3799e4f0,8889c114b071429cbe2418f5b0f2024b
fa321eafe1a9412bb6e66f46ae22286c,6400e3f6a14c492ba399bd414faca075,72a7e2ce22d045efbdbbab9c68f5d026,384b14b18c3c43b1a4dc1aa2f661e076,cb75c6ef71cb4991805920f2894e0e96,e8f18e4bdf054390a1768978dca8e430,1ade4365590a4ac7865100d8c791e340,08ecf89bc10942a4bd894482f6fcdfa7,7fe9e665bf41491c9788941aa2894a10,77d8e01a914d4f4a8b87d407e0d741aa,5c09482fc8dc45bdbf7919f00dd540e0
503f076c7e794fbca12dae4217643acd,6400e3f6a14c492ba399bd414faca075,72a7e2ce22d045efbdbbab9c68f5d026,384b14b18c3c43b1a4dc1aa2f661e076,1ade4365590a4ac7865100d8c791e340,cb75c6ef71cb4991805920f2894e0e96,08ecf89bc10942a4bd894482f6fcdfa7,e8f18e4bdf054390a1768978dca8e430,7fe9e665bf41491c9788941aa2894a10,77d8e01a914d4f4a8b87d407e0d741aa,5c09482fc8dc45bdbf7919f00dd540e0
14780abe56584d7c820310e42bef8f59,72a7e2ce22d045efbdbbab9c68f5d026,6400e3f6a14c492ba399bd414faca075,384b14b18c3c43b1a4dc1aa2f661e076,7d3d751215194e649a03457226f599d7,f6207eb593394ff78e2cb35057477422,ef8c056ecb524439a48c881089537951,3c72832689d8406996e80893b719b974,da61e0de396149208c9ebd0fd6d7415d,0568345606fa4a2c84ed4ea6c74639ee,29088685e31a4d86b60b514e98117361
695fbae9ce4c4e3ab42253368b1e2cd2,72a7e2ce22d045efbdbbab9c68f5d026,6400e3f6a14c492ba399bd414faca075,384b14b18c3c43b1a4dc1aa2f661e076,bfd1d441da734aad88cfacdab3ee4059,7d3d751215194e649a03457226f599d7,0568345606fa4a2c84ed4ea6c74639ee,268f8ec9f2734029a8e75857db56ccb3,29088685e31a4d86b60b514e98117361,feb980ae999948ce9be0266b4ddc048d,ef8c056ecb524439a48c881089537951
c4b6717a4b55444ca077700ab06da875,afaf2edba0ee4d58860a5a04e4aabc5c,66690895454847fea5a000202fbfab2e,2e7836ee5e5144f5b63e6629b969a362,d361a9e414fb41c1a605200d9cbba496,baf841bad27c456c9de7227555ea3ef8,44b3bc5953364d72a53edcf9fc4f1fed,8889c114b071429cbe2418f5b0f2024b,e834bfbd30b247e899f0dc029ab9f072,3f28365e18244eb28cc7d23de8895956,30c71719aed84c07ae21d0eff0deed72
7ddb092a89824767b09eb8b07c8f67de,afaf2edba0ee4d58860a5a04e4aabc5c,66690895454847fea5a000202fbfab2e,2e7836ee5e5144f5b63e6629b969a362,d361a9e414fb41c1a605200d9cbba496,44b3bc5953364d72a53edcf9fc4f1fed,baf841bad27c456c9de7227555ea3ef8,e834bfbd30b247e899f0dc029ab9f072,8889c114b071429cbe2418f5b0f2024b,30c71719aed84c07ae21d0eff0deed72,3f28365e18244eb28cc7d23de8895956
21ff6809479e4f828a199d580c8ae4c1,66690895454847fea5a000202fbfab2e,afaf2edba0ee4d58860a5a04e4aabc5c,2e7836ee5e5144f5b63e6629b969a362,e3854d75221c4e38879a6106bb5c1941,8889c114b071429cbe2418f5b0f2024b,e834bfbd30b247e899f0dc029ab9f072,bdb0d45caa2a4943959f8f501e51132b,baf841bad27c456c9de7227555ea3ef8,ad054da7e1704a53931a341173f0605f,30c71719aed84c07ae21d0eff0deed72
763242c8ded1422bb4439fdb575fad5b,66690895454847fea5a000202fbfab2e,afaf2edba0ee4d58860a5a04e4aabc5c,2e7836ee5e5144f5b63e6629b969a362,e834bfbd30b247e899f0dc029ab9f072,8889c114b071429cbe2418f5b0f2024b,e3854d75221c4e38879a6106bb5c1941,bdb0d45caa2a4943959f8f501e51132b,baf841bad27c456c9de7227555ea3ef8,ad054da7e1704a53931a341173f0605f,30c71719aed84c07ae21d0eff0deed72
5ebf97c863dd4c5ba61093f8ab07b15d,45f4192f485a49d9a75219ae4d0c41ee,3675c688960a4f3b9f82c4ccf4049e93,de72d25d08da4b03ac6f6411ce30e07c,c2b49382e2f34b1c90013236a5fbaef0,baf841bad27c456c9de7227555ea3ef8,0cc5015848a044b59fa4b290813f859c,7326afe68eb64b63993b3dae022c645d,c1def54262224e23acf67a9870725ce5,f4474150010f4021a4620372062f3797,016e634d566b49c199d07357aae9bf33
a9852ab7f40a4b35a004ce7c87aac7b6,3675c688960a4f3b9f82c4ccf4049e93,45f4192f485a49d9a75219ae4d0c41ee,1004b33e3126472faa78e1929ed974e6,3e923b6e3ceb4901b77c9a18729546eb,56272326c7e94e419ea8c69fb634f610,022e16490d1949b9ab2fc1de5a837031,0cc5015848a044b59fa4b290813f859c,5455e62f52ae4e03b2a5d0e8b9899506,02e1d712f37e428c998f72e7a7eeb1e6,41e657daa20545a588584578bdb4101c
c8186591409f4404a006b302ed5475d5,45f4192f485a49d9a75219ae4d0c41ee,3675c688960a4f3b9f82c4ccf4049e93,ad42c467d0fe43dbb328073f9a16bc4d,7326afe68eb64b63993b3dae022c645d,de72d25d08da4b03ac6f6411ce30e07c,c2b49382e2f34b1c90013236a5fbaef0,f31e9fdffaa642ed98e91b07a30f3a8c,5455e62f52ae4e03b2a5d0e8b9899506,039a871609044cb1b69f70c082fe61d8,b40d3c588ad647ff85e397a6bc5f9d8b
afc4b3ff44d1405c9ff0cce76fa55d76,c5486d5e31084ee797da0ebdacb17abc,0228b1e9e3244da3a727930123ba7bda,9aca522158f443fd8a9caaec38ae5e2c,1004b33e3126472faa78e1929ed974e6,3b7d56c26da14b3a9b1cd52b5b35891b,f2077addeb6142c8b3540916522126e8,9ffa09a2b9bd4da0ba98fc537ca68802,7c061d36393540b49e20d98086bdb5bd,22d9d5ad33e947fd857c5c4a8b7dfae1,56272326c7e94e419ea8c69fb634f610
9df4eaf2213048e4a4ca33f6d817a0b9,f2077addeb6142c8b3540916522126e8,9aca522158f443fd8a9caaec38ae5e2c,0228b1e9e3244da3a727930123ba7bda,1004b33e3126472faa78e1929ed974e6,3b7d56c26da14b3a9b1cd52b5b35891b,9ffa09a2b9bd4da0ba98fc537ca68802,c5486d5e31084ee797da0ebdacb17abc,7c061d36393540b49e20d98086bdb5bd,022e16490d1949b9ab2fc1de5a837031,48c31b1e2ce94de8968fab433813fa91
452c8a69dd45447f976e014338d22ae6,1004b33e3126472faa78e1929ed974e6,3b7d56c26da14b3a9b1cd52b5b35891b,9ffa09a2b9bd4da0ba98fc537ca68802,9aca522158f443fd8a9caaec38ae5e2c,0228b1e9e3244da3a727930123ba7bda,f2077addeb6142c8b3540916522126e8,022e16490d1949b9ab2fc1de5a837031,c5486d5e31084ee797da0ebdacb17abc,7c061d36393540b49e20d98086bdb5bd,3675c688960a4f3b9f82c4ccf4049e93
9294a2cddd6848f5a6bc5c647fe94884,c5486d5e31084ee797da0ebdacb17abc,9aca522158f443fd8a9caaec38ae5e2c,0228b1e9e3244da3a727930123ba7bda,1004b33e3126472faa78e1929ed974e6,3b7d56c26da14b3a9b1cd52b5b35891b,f2077addeb6142c8b3540916522126e8,9ffa09a2b9bd4da0ba98fc537ca68802,022e16490d1949b9ab2fc1de5a837031,7c061d36393540b49e20d98086bdb5bd,22d9d5ad33e947fd857c5c4a8b7dfae1
eb3962be88734097b437832a832493f0,42805d29975b400ea7c570fc45ec4938,63eab812f3254cccb9631b09725aec3d,6dc5832f0ac04df2bd99c6415b3ecf09,2639b6540bda414f8a9baa3b5cdb612a,384b14b18c3c43b1a4dc1aa2f661e076,d476be2399b7424a88d242b771c32041,ff51ca928cd54f4da620c27983e221f8,f32f4607b4714e378831f924c5e6084d,249c2d8d8d2345c6990b3c4d94385b5a,d9ac372330a4446886fa19bac0d19877
4bb99b51272145f8be128cac5ef3bd65,63eab812f3254cccb9631b09725aec3d,ff51ca928cd54f4da620c27983e221f8,42805d29975b400ea7c570fc45ec4938,384b14b18c3c43b1a4dc1aa2f661e076,6dc5832f0ac04df2bd99c6415b3ecf09,643fbbdd6b764ba9904a4ee67a86b9fd,b277101390e1465685ef79bf3519f8d7,d9ac372330a4446886fa19bac0d19877,99dbf0cd0c6343ffbcf97f04efc4143c,72a7e2ce22d045efbdbbab9c68f5d026
122365aed2d049328715f0fe1b2a43c7,63eab812f3254cccb9631b09725aec3d,ff51ca928cd54f4da620c27983e221f8,42805d29975b400ea7c570fc45ec4938,384b14b18c3c43b1a4dc1aa2f661e076,643fbbdd6b764ba9904a4ee67a86b9fd,6dc5832f0ac04df2bd99c6415b3ecf09,d9ac372330a4446886fa19bac0d19877,6400e3f6a14c492ba399bd414faca075,b277101390e1465685ef79bf3519f8d7,bfd1d441da734aad88cfacdab3ee4059
742fec743e3e477785a08d04b8407e64,42805d29975b400ea7c570fc45ec4938,63eab812f3254cccb9631b09725aec3d,6dc5832f0ac04df2bd99c6415b3ecf09,2639b6540bda414f8a9baa3b5cdb612a,ff51ca928cd54f4da620c27983e221f8,f32f4607b4714e378831f924c5e6084d,249c2d8d8d2345c6990b3c4d94385b5a,384b14b18c3c43b1a4dc1aa2f661e076,d9ac372330a4446886fa19bac0d19877,0f785440b29548e1a1968868262fd42e
c3484b8c5f024854997f34baca483cc0,2d812431f07c44f1a56a71c72766e0b0,7ee65b33f8f44852ada468b1fed83433,af532d6e5090478ba520505d5f9107f2,e0d8aee46b1d4d998858cd05027251b6,595e438d2b394bb3a3259f47efd37ae8,06a5f0cec6ce4170a02dad0ad4c55b1c,ee7c00877ae64dac87123a3d75251530,66f4c650b7ca48f1bc27f9daff8d312a,cdd73e0289aa4e2b87cd14e6ff5bd75e,452d645d5bf4485185e996dcec9523e5
94e0d776b3794ee083e5c1681cef5d04,7ee65b33f8f44852ada468b1fed83433,2d812431f07c44f1a56a71c72766e0b0,af532d6e5090478ba520505d5f9107f2,595e438d2b394bb3a3259f47efd37ae8,66f4c650b7ca48f1bc27f9daff8d312a,e0d8aee46b1d4d998858cd05027251b6,ee7c00877ae64dac87123a3d75251530,cdd73e0289aa4e2b87cd14e6ff5bd75e,06a5f0cec6ce4170a02dad0ad4c55b1c,452d645d5bf4485185e996dcec9523e5
2b23b46313714edcb7da655ef18a0f03,7ee65b33f8f44852ada468b1fed83433,2d812431f07c44f1a56a71c72766e0b0,af532d6e5090478ba520505d5f9107f2,595e438d2b394bb3a3259f47efd37ae8,e0d8aee46b1d4d998858cd05027251b6,66f4c650b7ca48f1bc27f9daff8d312a,ee7c00877ae64dac87123a3d75251530,06a5f0cec6ce4170a02dad0ad4c55b1c,cdd73e0289aa4e2b87cd14e6ff5bd75e,452d645d5bf4485185e996dcec9523e5
fad34cbf60564c3f99677bb2e06263aa,af532d6e5090478ba520505d5f9107f2,2d812431f07c44f1a56a71c72766e0b0,7ee65b33f8f44852ada468b1fed83433,60e87368fe334a92b57088b03cccbfc1,e0d8aee46b1d4d998858cd05027251b6,06a5f0cec6ce4170a02dad0ad4c55b1c,b0d2e6c4b2384950b3696c4414870282,595e438d2b394bb3a3259f47efd37ae8,e43d8e7bc32f406b9a692e2604f5b45a,452d645d5bf4485185e996dcec9523e5
a47ae5564b854b989994a2a30367bfa4,2d812431f07c44f1a56a71c72766e0b0,7ee65b33f8f44852ada468b1fed83433,af532d6e5090478ba520505d5f9107f2,e0d8aee46b1d4d998858cd05027251b6,595e438d2b394bb3a3259f47efd37ae8,06a5f0cec6ce4170a02dad0ad4c55b1c,cdd73e0289aa4e2b87cd14e6ff5bd75e,452d645d5bf4485185e996dcec9523e5,60e87368fe334a92b57088b03cccbfc1,ee7c00877ae64dac87123a3d75251530
9113b0a4a5e24e61aed364a478da29ee,bcfa4a4177d44d8b8cda17b7a23196b0,c1def54262224e23acf67a9870725ce5,999a2b52a5004ee984e587d5a1327b23,e8927e14983a43da900edd926dd35adb,fc430b7683934be2aba12468b2409bb8,b3a022950e444682a113cec5a0537f6a,570f08ce2a1a47978eab16bf7ad16a68,27a0d24dc1e14b28a1f18456b29c93f1,d75a52d716984f318f976bbfc7bee787,06b7dd1b701544ac80dd7ca54ed707cf
b3926611d2914adc8eadda384ed96905,c1def54262224e23acf67a9870725ce5,bcfa4a4177d44d8b8cda17b7a23196b0,999a2b52a5004ee984e587d5a1327b23,e8927e14983a43da900edd926dd35adb,27a0d24dc1e14b28a1f18456b29c93f1,fc430b7683934be2aba12468b2409bb8,7960902edf4b47d686f704441aa56b0e,dbb3fe11ad004895b302a84e7c066fcc,b3a022950e444682a113cec5a0537f6a,570f08ce2a1a47978eab16bf7ad16a68
36bc21f1eb9547d6acfa87c18625fa92,c1def54262224e23acf67a9870725ce5,bcfa4a4177d44d8b8cda17b7a23196b0,999a2b52a5004ee984e587d5a1327b23,e8927e14983a43da900edd926dd35adb,27a0d24dc1e14b28a1f18456b29c93f1,fc430b7683934be2aba12468b2409bb8,7960902edf4b47d686f704441aa56b0e,570f08ce2a1a47978eab16bf7ad16a68,dbb3fe11ad004895b302a84e7c066fcc,b3a022950e444682a113cec5a0537f6a
d7becb5524844f73b41af1cad1c1266b,999a2b52a5004ee984e587d5a1327b23,bcfa4a4177d44d8b8cda17b7a23196b0,c1def54262224e23acf67a9870725ce5,27a0d24dc1e14b28a1f18456b29c93f1,e8927e14983a43da900edd926dd35adb,fc430b7683934be2aba12468b2409bb8,f1eecad10a61421eb16b1be7435d9c19,7960902edf4b47d686f704441aa56b0e,570f08ce2a1a47978eab16bf7ad16a68,b3a022950e444682a113cec5a0537f6a
f63ec53d7383437a8d1e627efc4dd528,bcfa4a4177d44d8b8cda17b7a23196b0,c1def54262224e23acf67a9870725ce5,999a2b52a5004ee984e587d5a1327b23,e8927e14983a43da900edd926dd35adb,fc430b7683934be2aba12468b2409bb8,27a0d24dc1e14b28a1f18456b29c93f1,570f08ce2a1a47978eab16bf7ad16a68,d75a52d716984f318f976bbfc7bee787,b3a022950e444682a113cec5a0537f6a,06b7dd1b701544ac80dd7ca54ed707cf
d76ebc807f524eb9b8f95b523304233d,b3a022950e444682a113cec5a0537f6a,d75a52d716984f318f976bbfc7bee787,35d06fce2df446569702778e2250bd82,215f3d275db14601a0383885cbaad86e,bcfa4a4177d44d8b8cda17b7a23196b0,570f08ce2a1a47978eab16bf7ad16a68,f4474150010f4021a4620372062f3797,06b7dd1b701544ac80dd7ca54ed707cf,c1def54262224e23acf67a9870725ce5,7960902edf4b47d686f704441aa56b0e
4b8fd90e4d5b4a25a57652c495f66ea5,b3a022950e444682a113cec5a0537f6a,d75a52d716984f318f976bbfc7bee787,35d06fce2df446569702778e2250bd82,215f3d275db14601a0383885cbaad86e,bcfa4a4177d44d8b8cda17b7a23196b0,f4474150010f4021a4620372062f3797,570f08ce2a1a47978eab16bf7ad16a68,7960902edf4b47d686f704441aa56b0e,c1def54262224e23acf67a9870725ce5,06b7dd1b701544ac80dd7ca54ed707cf
9ac82778d5784882b02b03d8ce1a4ccd,35d06fce2df446569702778e2250bd82,f4474150010f4021a4620372062f3797,b3a022950e444682a113cec5a0537f6a,7960902edf4b47d686f704441aa56b0e,04537eabb0434eb2804d1220770b85a0,57bcda73abab44ee930b20cdaee9d24b,d75a52d716984f318f976bbfc7bee787,97959d02a64f4a3fbbebe7cbece6c012,e22e1ad3c1fc4493bcb7c9b923566ff7,570f08ce2a1a47978eab16bf7ad16a68
dee104ae444246ed89dd5a5796eafc0a,2c65a898314b42e6b2e93dca66fd15c2,f59a3ee5387440d981754b6595e8664c,da9cfbdf124143b78bec89393dd5287a,c24e3823376b436c8eb46eaeebbc7718,d7c9dafddaf547159d366dacf7b68a7e,29fb30a75c57451a85f310aa6423a662,b3a022950e444682a113cec5a0537f6a,14ca42308d3141fba50b774042144343,11e1e3cdfe214385a2c24d0f957dde9b,5e0a2bc284cf4002914ae4e6aaef41e8
9a46e2903ca8474d9cb7fe93138049f0,2c65a898314b42e6b2e93dca66fd15c2,f59a3ee5387440d981754b6595e8664c,da9cfbdf124143b78bec89393dd5287a,c24e3823376b436c8eb46eaeebbc7718,d7c9dafddaf547159d366dacf7b68a7e,29fb30a75c57451a85f310aa6423a662,9ffa09a2b9bd4da0ba98fc537ca68802,b3a022950e444682a113cec5a0537f6a,14ca42308d3141fba50b774042144343,1ad0cf33e96243888d5f970195a75586
bfa6dfb11d9e42a98ba3ab87d5f2ffde,da9cfbdf124143b78bec89393dd5287a,f59a3ee5387440d981754b6595e8664c,2c65a898314b42e6b2e93dca66fd15c2,c24e3823376b436c8eb46eaeebbc7718,d7c9dafddaf547159d366dacf7b68a7e,29fb30a75c57451a85f310aa6423a662,c1def54262224e23acf67a9870725ce5,7d6122daabe442ffb5e57ece1882e714,bcfa4a4177d44d8b8cda17b7a23196b0,999a2b52a5004ee984e587d5a1327b23
f677dfcf19e14a9faf24ac74066422c2,f59a3ee5387440d981754b6595e8664c,2c65a898314b42e6b2e93dca66fd15c2,da9cfbdf124143b78bec89393dd5287a,9ffa09a2b9bd4da0ba98fc537ca68802,d7c9dafddaf547159d366dacf7b68a7e,c24e3823376b436c8eb46eaeebbc7718,999a2b52a5004ee984e587d5a1327b23,29fb30a75c57451a85f310aa6423a662,0228b1e9e3244da3a727930123ba7bda,c2b49382e2f34b1c90013236a5fbaef0
98fd88d0387e44c3950f7955f062c9b3,761a3a01495143f0a86beac4234cae3a,93bf0b86be094f68a9d308ca5ecfb4e3,d37bf09399d848df9a4d880fb097239c,5e199f7727cc4910ad88dbd81ed1ec82,bb6ecabbce1b43d997d00d7acdc95193,b01fd4d037a84a7aa777e1fc345c73c5,1c6bbf19b3d2498696a5baf0f53a0f18,b2b22c673e554db39c8acdbe42687a6d,716a15d66b63424a8068da89e75733b4,8c5f38853679436ba434b6a696e43168
90efefd1c3314a96b5fd32625e55a054,5e199f7727cc4910ad88dbd81ed1ec82,93bf0b86be094f68a9d308ca5ecfb4e3,761a3a01495143f0a86beac4234cae3a,bb6ecabbce1b43d997d00d7acdc95193,b2b22c673e554db39c8acdbe42687a6d,1c6bbf19b3d2498696a5baf0f53a0f18,d37bf09399d848df9a4d880fb097239c,a297e08effdf4a69a6c4d79a34a0c6ad,4230775a9d51448396cacb9061f0e5f9,8c5f38853679436ba434b6a696e43168
b77b731d5a9c49139163f1fac2ed9337,5e199f7727cc4910ad88dbd81ed1ec82,93bf0b86be094f68a9d308ca5ecfb4e3,761a3a01495143f0a86beac4234cae3a,bb6ecabbce1b43d997d00d7acdc95193,b2b22c673e554db39c8acdbe42687a6d,d37bf09399d848df9a4d880fb097239c,1c6bbf19b3d2498696a5baf0f53a0f18,a297e08effdf4a69a6c4d79a34a0c6ad,4230775a9d51448396cacb9061f0e5f9,8c5f38853679436ba434b6a696e43168
dd2de907048e4d1ba625a54ad1bdeb2a,d37bf09399d848df9a4d880fb097239c,761a3a01495143f0a86beac4234cae3a,b01fd4d037a84a7aa777e1fc345c73c5,716a15d66b63424a8068da89e75733b4,8c5f38853679436ba434b6a696e43168,07d869789eda4445a1ecfe59c331db0d,bb6ecabbce1b43d997d00d7acdc95193,a8904adcdd21495f890bc614bfdbf86f,5e199f7727cc4910ad88dbd81ed1ec82,93bf0b86be094f68a9d308ca5ecfb4e3
b1494352b57f4f809fbe88f8f61ab247,11e9586d6c7a443c8025278f8ef53b6d,75bf181ea5dc490e95d364a5f5c7af1d,4c67cc7a1ccc496db132636e3f4853a2,ae3f42d57b3046a3821026173286a43e,f4b7e6e902e344859cb041126b69ce3c,415641aa43724ed9bc4710302b77edc3,d7618b61a65a4bc1a0d0f2cc1bddc448,a8904adcdd21495f890bc614bfdbf86f,716a15d66b63424a8068da89e75733b4,673aee19895b4d339ada93213d8874ac
841cacf592b14de2bc2fcdaf4995bf39,75bf181ea5dc490e95d364a5f5c7af1d,11e9586d6c7a443c8025278f8ef53b6d,ae3f42d57b3046a3821026173286a43e,4c67cc7a1ccc496db132636e3f4853a2,d7618b61a65a4bc1a0d0f2cc1bddc448,716a15d66b63424a8068da89e75733b4,b834c0b0c10b471b87ad3f11468de619,f4b7e6e902e344859cb041126b69ce3c,a8904adcdd21495f890bc614bfdbf86f,afac6ae28fac41dabae96696990c5555
a8c2576da05048d4a652ebaf10c7447d,fa190e42ce5a47c99bcaa76138dbc615,e43d8e7bc32f406b9a692e2604f5b45a,48c31b1e2ce94de8968fab433813fa91,f9fe93fae6084350b81964d354e2130f,d9b70c4ed8bb4fc5957ecebf102528ee,c235728f290a44d6a5fc2e14111ae02e,3c72832689d8406996e80893b719b974,41047823f2cb4194ba1e0709443c719a,772cb9726861451d9972604da6f65c55,0a61f52258f643b6a6436a1ec234e197
4237232296b841bd8be058dc85f807b1,fa190e42ce5a47c99bcaa76138dbc615,e43d8e7bc32f406b9a692e2604f5b45a,48c31b1e2ce94de8968fab433813fa91,04fa591263664fb0a6868552ebd3590b,1419b2c686f44896a0ae2a43e93b5402,c235728f290a44d6a5fc2e14111ae02e,f9fe93fae6084350b81964d354e2130f,41047823f2cb4194ba1e0709443c719a,d9b70c4ed8bb4fc5957ecebf102528ee,9dd98c9126c44642a20711729f2e731e
9c8f594f127f4823807c7d9a40bc9547,7d5c0a2bfccf4255a43d9bd0f84a6d3a,655a618282cd4fa39a26f0967c033f4b,452d645d5bf4485185e996dcec9523e5,06a5f0cec6ce4170a02dad0ad4c55b1c,c24e3823376b436c8eb46eaeebbc7718,fa190e42ce5a47c99bcaa76138dbc615,1419b2c686f44896a0ae2a43e93b5402,8b038cd0dafd45d8b1ce75177ca3a76b,772cb9726861451d9972604da6f65c55,632cc2bc04034dd4848855fe6497262d
e0f3fe21dd04463787d620860a0ec6a2,7d5c0a2bfccf4255a43d9bd0f84a6d3a,fa190e42ce5a47c99bcaa76138dbc615,452d645d5bf4485185e996dcec9523e5,c24e3823376b436c8eb46eaeebbc7718,655a618282cd4fa39a26f0967c033f4b,06a5f0cec6ce4170a02dad0ad4c55b1c,8b038cd0dafd45d8b1ce75177ca3a76b,60e87368fe334a92b57088b03cccbfc1,1419b2c686f44896a0ae2a43e93b5402,8a9dc60359ba49cd8ac170cfb4ac3913
26a7ded48a0842c28c407984aa614b3c,c713a0ca69864ee7b240069c98dc44dc,feb980ae999948ce9be0266b4ddc048d,7d3d751215194e649a03457226f599d7,21019944fc2c4838a682a6dcdc62c4ef,8746ae2ca7514699b629b4d9b5fe95a7,e4ee90d625d44a6d9adc138390eef0f8,408ae6a767874fc782467ec2f054ad15,b277101390e1465685ef79bf3519f8d7,94ed54abfdc74b04b0dcb19c278e66f4,54e9bbd0093947a3bda5fef48ef7493d
95e4e242519d4cd9bae0a574d881fa7b,c713a0ca69864ee7b240069c98dc44dc,feb980ae999948ce9be0266b4ddc048d,7d3d751215194e649a03457226f599d7,21019944fc2c4838a682a6dcdc62c4ef,8746ae2ca7514699b629b4d9b5fe95a7,e4ee90d625d44a6d9adc138390eef0f8,94ed54abfdc74b04b0dcb19c278e66f4,b277101390e1465685ef79bf3519f8d7,408ae6a767874fc782467ec2f054ad15,ff171f0b29974f78b0e81fee30abdd38
e8f5726fe08646aab29fd6e5202c7f88,feb980ae999948ce9be0266b4ddc048d,7d3d751215194e649a03457226f599d7,c713a0ca69864ee7b240069c98dc44dc,a0408a6462b24cf18e50a8616359d5ad,3e59b61eb70146308db2308b988b54cf,8746ae2ca7514699b629b4d9b5fe95a7,54e9bbd0093947a3bda5fef48ef7493d,cb2505b30d8a4dc086c353cf94424b6d,b2bcb4d9456c4763a0159ffd1f3660bb,71c1a8479b194efca65b44fb7f327afb
3bdf75b6d56a422d94e6c850d515d3ed,feb980ae999948ce9be0266b4ddc048d,c713a0ca69864ee7b240069c98dc44dc,7d3d751215194e649a03457226f599d7,a0408a6462b24cf18e50a8616359d5ad,3e59b61eb70146308db2308b988b54cf,54e9bbd0093947a3bda5fef48ef7493d,8746ae2ca7514699b629b4d9b5fe95a7,b2bcb4d9456c4763a0159ffd1f3660bb,cb2505b30d8a4dc086c353cf94424b6d,71c1a8479b194efca65b44fb7f327afb
978f36c5e8ff41efa416cf6c32ca240e,7d3d751215194e649a03457226f599d7,feb980ae999948ce9be0266b4ddc048d,c713a0ca69864ee7b240069c98dc44dc,8746ae2ca7514699b629b4d9b5fe95a7,72a7e2ce22d045efbdbbab9c68f5d026,a0408a6462b24cf18e50a8616359d5ad,f6207eb593394ff78e2cb35057477422,ef8c056ecb524439a48c881089537951,77ce0587a12b46bab8814225ba86753e,408ae6a767874fc782467ec2f054ad15
57add4e71a1c4202a2502065ae10d002,3e6a4b65a1004c08a6f3f570cf986c2f,f5d09519cf7647f8a107cd8fadd322e5,f879b316413f45d2b64bb25e3f45a667,2b039224b54142d185a406b31fe01de2,701ac1447f5a414e81156a56c3593a31,7ab9086baf99475d8c93862a7dd36344,cd764fbfae774d068af7549c648a02c9,d7618b61a65a4bc1a0d0f2cc1bddc448,342aaa81ed004635bbf9cbc2592cd7b6,99ba4cc9355f4d79a68bc69ac12a716f
9509c30cb1bb48f38a20b700b4c3456e,7ab9086baf99475d8c93862a7dd36344,2b039224b54142d185a406b31fe01de2,342aaa81ed004635bbf9cbc2592cd7b6,f5d09519cf7647f8a107cd8fadd322e5,f879b316413f45d2b64bb25e3f45a667,701ac1447f5a414e81156a56c3593a31,f4474150010f4021a4620372062f3797,cd764fbfae774d068af7549c648a02c9,e8c8742459dc48a49080bf0e5b3fdee0,5760084aabef4d8095b2d21902151f64
e25640a5cf1a493db2690655a45676b5,7ab9086baf99475d8c93862a7dd36344,2b039224b54142d185a406b31fe01de2,342aaa81ed004635bbf9cbc2592cd7b6,f5d09519cf7647f8a107cd8fadd322e5,f879b316413f45d2b64bb25e3f45a667,f4474150010f4021a4620372062f3797,701ac1447f5a414e81156a56c3593a31,e8c8742459dc48a49080bf0e5b3fdee0,cd764fbfae774d068af7549c648a02c9,5760084aabef4d8095b2d21902151f64
ce1ecc1569cc4b1ca2945be90a005698,3e6a4b65a1004c08a6f3f570cf986c2f,f5d09519cf7647f8a107cd8fadd322e5,701ac1447f5a414e81156a56c3593a31,bc607fd6000b43108e49b3d05688fe90,342aaa81ed004635bbf9cbc2592cd7b6,f879b316413f45d2b64bb25e3f45a667,cd764fbfae774d068af7549c648a02c9,2b039224b54142d185a406b31fe01de2,31cf7db26a3249c5a6205b005662ddcf,7ab9086baf99475d8c93862a7dd36344
0c0b0a3a57ae44f5bc9a682ecdf7017e,ad3d372fbf054ea1ad06cfcb7490df4b,5f65785004054c67a618fe43b6a30f56,44f41e6e6faa4facb0bb9a72205229f8,039a871609044cb1b69f70c082fe61d8,be70e49b76c24527b4fddfb6b78b6d8d,5455e62f52ae4e03b2a5d0e8b9899506,2639b6540bda414f8a9baa3b5cdb612a,9500823cb050427696343b1ea5cf8881,f69855cdf66d4f6887ecfd0ddb9014b5,35c5a560ecdc4d6a9d20f057ed1fa0e6
60de40f69385488097a1e4a1e36a7e71,ad3d372fbf054ea1ad06cfcb7490df4b,5f65785004054c67a618fe43b6a30f56,44f41e6e6faa4facb0bb9a72205229f8,039a871609044cb1b69f70c082fe61d8,be70e49b76c24527b4fddfb6b78b6d8d,5455e62f52ae4e03b2a5d0e8b9899506,9500823cb050427696343b1ea5cf8881,2639b6540bda414f8a9baa3b5cdb612a,35c5a560ecdc4d6a9d20f057ed1fa0e6,f69855cdf66d4f6887ecfd0ddb9014b5
e24bf2d26b3447a0a1cabfedc1474778,44f41e6e6faa4facb0bb9a72205229f8,5f65785004054c67a618fe43b6a30f56,ad3d372fbf054ea1ad06cfcb7490df4b,2639b6540bda414f8a9baa3b5cdb612a,199647bd1328406c83c5a875154f97d9,bb84a4cf60c84a8d8e23276b1863d293,f69855cdf66d4f6887ecfd0ddb9014b5,6b4676aba2a746b3ab778315afc8ee82,be70e49b76c24527b4fddfb6b78b6d8d,35c5a560ecdc4d6a9d20f057ed1fa0e6
26e498e22958483fb8c239d967efe176,5f65785004054c67a618fe43b6a30f56,ad3d372fbf054ea1ad06cfcb7490df4b,44f41e6e6faa4facb0bb9a72205229f8,be70e49b76c24527b4fddfb6b78b6d8d,039a871609044cb1b69f70c082fe61d8,5455e62f52ae4e03b2a5d0e8b9899506,35c5a560ecdc4d6a9d20f057ed1fa0e6,f69855cdf66d4f6887ecfd0ddb9014b5,9500823cb050427696343b1ea5cf8881,2639b6540bda414f8a9baa3b5cdb612a
0e5860811dd84425862213b698237538,44f41e6e6faa4facb0bb9a72205229f8,5f65785004054c67a618fe43b6a30f56,ad3d372fbf054ea1ad06cfcb7490df4b,2639b6540bda414f8a9baa3b5cdb612a,f69855cdf66d4f6887ecfd0ddb9014b5,35c5a560ecdc4d6a9d20f057ed1fa0e6,199647bd1328406c83c5a875154f97d9,82d68ea370f8451aa16ea08f4601245c,9500823cb050427696343b1ea5cf8881,5cfb876eeb4f410aa1282cc279f0e546
